Symbol,Date,Open,High,Low,Close,Percent Change,Volume,Turnover,Daily_Return,Log_Return,SMA_5,SMA_20,EMA_12,EMA_26,RSI_14,MACD,MACD_Signal,ATR_14,BB_Middle,BB_Std,BB_Upper,BB_Lower,OBV
HPPL,2017-08-20,300.0,330.0,300.0,330.0,0.00 %,5020.0,1655400.0,,,,,330.0,330.0,,0.0,0.0,30.0,,,,,0.0
HPPL,2017-08-21,336.0,363.0,336.0,363.0,0.00 %,7960.0,2878660.0,0.10000000000000009,0.09531017980432493,,,335.0769230769231,332.44444444444446,99.99999999696969,2.6324786324786373,0.5264957264957275,30.214285714285715,,,,,7960.0
HPPL,2017-08-22,370.0,399.0,359.0,390.0,0.00 %,127878.0,47977255.0,0.07438016528925617,0.07174390485884131,,,343.52662721893495,336.7078189300412,99.99999999692983,6.818808288893763,1.7849582389753347,30.91326530612245,,,,,135838.0
HPPL,2017-08-23,383.0,393.0,376.0,380.0,0.00 %,53243.0,20465730.0,-0.02564102564102566,-0.025975486403260677,,,349.1379153390988,339.91464715744553,97.69281476282997,9.223268181653282,3.2726202275109246,29.91946064139942,,,,,82595.0
HPPL,2017-08-24,380.0,392.0,375.0,390.0,0.00 %,29980.0,11489670.0,0.026315789473684292,0.025975486403260736,370.6,,355.4243899023144,343.6246732939311,97.74875067700482,11.799716608383278,4.978039503685396,28.996642024156607,,,,,112575.0
HPPL,2017-08-27,390.0,429.0,390.0,429.0,0.00 %,54874.0,22094298.0,0.10000000000000009,0.09531017980432493,390.4,,366.74371453272755,349.94877156845473,97.95680093078417,16.79494296427282,7.341420195802881,29.711167593859706,,,,,167449.0
HPPL,2017-08-28,437.0,471.0,415.0,471.0,0.00 %,74479.0,33585556.0,0.09790209790209792,0.09340117508840079,412.0,,382.7831430661541,358.91552923005065,98.15459189393242,23.86761383610343,10.64665892386299,31.588941337155443,,,,,241928.0
HPPL,2017-08-30,471.0,465.0,439.0,445.0,0.00 %,52891.0,23737059.0,-0.05520169851380041,-0.05678381185017752,423.0,,392.3549672098227,365.2921566944914,92.20407593379527,27.062810515331307,13.929889242156655,31.61830267021577,,,,,189037.0
HPPL,2017-09-04,422.0,422.0,392.0,420.0,0.00 %,29749.0,12157334.0,-0.0561797752808989,-0.05781957088882625,431.0,,396.6080491775423,369.34458953193644,86.75775001040404,27.26345964560585,16.596603322846494,33.14556676520036,,,,,159288.0
HPPL,2017-09-06,415.0,422.0,407.0,420.0,0.00 %,19355.0,8008350.0,0.0,0.0,437.0,,400.2068108425358,373.0968421592004,86.75775001018329,27.10996868333541,18.699276394944278,31.849454853400335,,,,,159288.0
HPPL,2017-09-07,416.0,416.0,408.0,409.0,0.00 %,15290.0,6288083.0,-0.02619047619047621,-0.026539555234612263,433.0,,401.5596091744533,375.7563353325929,84.21919467253332,25.803273841860403,20.120075884327502,30.431636649586025,,,,,143998.0
HPPL,2017-09-10,412.0,412.0,389.0,394.0,0.00 %,14700.0,5805300.0,-0.03667481662591687,-0.037364246744867935,417.6,,400.3965923783836,377.107717900549,80.74942190874826,23.28887447783461,20.753835603028925,29.90080546032988,,,,,129298.0
HPPL,2017-09-11,391.0,400.0,384.0,396.0,0.00 %,8099.0,3195657.0,0.0050761421319796,0.0050633019565466345,407.8,,399.72019355093994,378.507146204212,80.86263470449073,21.213047346727933,20.845677951768728,28.907890784592034,,,,,137397.0
HPPL,2017-09-12,403.0,403.0,389.0,397.0,0.00 %,5898.0,2319870.0,0.002525252525252597,0.002522069432709939,403.2,,399.30170223541074,379.8769872261222,80.92304562692841,19.424715009288548,20.561485363272695,27.84304144283546,,,,,143295.0
HPPL,2017-09-13,395.0,395.0,382.0,387.0,0.00 %,12248.0,4718826.0,-0.02518891687657432,-0.02551158765740862,396.6,,397.40913266073215,380.404617801965,78.26249400894199,17.004514858767152,19.85009126237159,26.925681339775785,,,,,131047.0
HPPL,2017-09-14,381.0,399.0,381.0,391.0,0.00 %,9340.0,3683610.0,0.010335917312661591,0.010282866955584056,393.0,,396.4231122513887,381.18946092774536,78.56605520251578,15.233651323643358,18.926803274625943,26.288132672648942,,,,,140387.0
HPPL,2017-09-17,391.0,400.0,386.0,389.0,0.00 %,6660.0,2589340.0,-0.005115089514066473,-0.0051282163669194554,392.0,,395.2810949819443,381.76801937754203,77.97968391563732,13.513075604402275,17.84405774058121,25.410408910316875,,,,,133727.0
HPPL,2017-09-18,382.0,399.0,377.0,392.0,0.00 %,9581.0,3714173.0,0.007712082262210762,0.007682496172016211,391.2,,394.77631113856825,382.52594386809443,78.24200462009355,12.250367270473816,16.725319646559733,25.166808273865673,,,,,143308.0
HPPL,2017-09-20,393.0,393.0,385.0,386.0,0.00 %,5430.0,2107120.0,-0.015306122448979553,-0.015424470325631639,389.0,,393.4261094249424,382.7832813593467,76.28468803762057,10.642828065595722,15.508821330366931,23.94060768287527,,,,,137878.0
HPPL,2017-09-24,379.0,395.0,376.0,395.0,0.00 %,1960.0,751850.0,0.023316062176165886,0.02304839543629109,390.6,398.7,393.6682464364897,383.68822348087656,77.20581830816481,9.980022955613151,14.403061655416177,23.587707134098466,398.7,29.32593606887577,457.3518721377515,340.04812786224846,139838.0
HPPL,2017-09-25,402.0,395.0,382.0,386.0,0.00 %,4750.0,1839610.0,-0.02278481012658229,-0.023048395436291017,389.6,401.5,392.48851621549125,383.85946618599684,74.1060409054144,8.629050029494408,13.248259330231825,22.83144233880572,401.5,24.735442289620714,450.97088457924144,352.02911542075856,135088.0
HPPL,2017-09-26,379.0,393.0,379.0,388.0,0.00 %,7880.0,3070370.0,0.005181347150259086,0.005167970158442598,389.4,402.75,391.7979752592618,384.16617239444156,74.35247349105603,7.6318028648202585,12.124968037149513,22.200625028891025,402.75,23.276088928114028,449.30217785622807,356.19782214377193,142968.0
HPPL,2017-10-03,388.0,393.0,384.0,386.0,0.00 %,1230.0,480150.0,-0.005154639175257714,-0.005167970158442561,388.2,402.55,390.9059790655292,384.30201147633477,73.59816095930601,6.60396758919444,11.020767947558499,21.257723241113094,402.55,23.40821942912583,449.3664388582517,355.73356114174834,141738.0
HPPL,2017-10-04,393.0,393.0,384.0,385.0,0.00 %,3080.0,1186420.0,-0.002590673575129543,-0.0025940351770466466,388.0,402.8,389.99736690160165,384.35371432993963,73.1982976362465,5.643652571662017,9.945344872379202,20.38217158103359,402.8,23.180300166077927,449.16060033215587,356.43939966784416,138658.0
HPPL,2017-10-08,385.0,386.0,372.0,372.0,0.00 %,9597.0,3613394.0,-0.03376623376623378,-0.03434948001463768,383.4,401.9,387.22854122443215,383.43862437957375,68.02418375878393,3.7899168448583964,8.714259266875041,19.926302182388334,401.9,24.037032832036903,449.9740656640738,353.82593433592615,129061.0
HPPL,2017-10-09,372.0,376.0,370.0,375.0,0.00 %,3430.0,1278560.0,0.008064516129032251,0.008032171697264253,381.2,399.2,385.3472271899041,382.8135410921979,68.57620553854879,2.533686097706209,7.478144633041275,18.931566312217736,399.2,23.864971026700672,446.9299420534013,351.4700579465987,132491.0
HPPL,2017-10-10,368.0,382.0,368.0,380.0,0.00 %,6975.0,2608805.0,0.01333333333333342,0.013245226750020723,379.6,394.65,384.5245768529958,382.605130640924,69.52064427018536,1.9194462120717617,6.366404948847372,18.579311575630754,394.65,17.199372693579033,429.048745387158,360.25125461284193,139466.0
HPPL,2017-10-11,373.0,380.0,369.0,369.0,0.00 %,7330.0,2721700.0,-0.02894736842105261,-0.029374608679904244,376.2,390.85,382.13618041407335,381.59734318604075,64.89935743610117,0.5388372280326053,5.20089140468442,18.037932177371413,390.85,13.484006120312795,417.8180122406256,363.88198775937445,132136.0
HPPL,2017-10-12,362.0,376.0,362.0,375.0,0.00 %,4390.0,1624730.0,0.016260162601626105,0.016129381929883717,374.2,388.6,381.0383065042159,381.1086510981859,66.21844031172851,-0.07034459396999182,4.146644204953538,17.749508450416315,388.6,12.041157489386661,412.6823149787733,364.5176850212267,136526.0
HPPL,2017-10-15,380.0,380.0,366.0,370.0,0.00 %,1058.0,390244.0,-0.013333333333333308,-0.013423020332140661,373.8,386.1,379.34010550356726,380.2857880538758,64.05804063492519,-0.9456825503085611,3.128178853901118,17.481686418243722,386.1,10.233587630419565,406.5671752608392,365.63282473916087,135468.0
HPPL,2017-10-16,370.0,377.0,364.0,371.0,0.00 %,9849.0,3656640.0,0.002702702702702675,0.0026990569691649835,373.0,384.2,378.0570123491723,379.59795190173685,64.30884233112323,-1.5409395525645664,2.194355172607981,17.16156595979774,384.2,9.237224463521331,402.67444892704265,365.72555107295733,145317.0
HPPL,2017-10-18,370.0,377.0,365.0,375.0,0.00 %,1430.0,532020.0,0.010781671159029615,0.010723963362975642,372.0,383.25,377.58670275699194,379.25736287197856,65.35037275997345,-1.6706601149866174,1.4213521150890616,16.792882676955045,383.25,9.152940281105153,401.5558805622103,364.9441194377897,146747.0
HPPL,2017-10-22,371.0,384.0,368.0,370.0,0.00 %,2500.0,933550.0,-0.013333333333333308,-0.013423020332140661,372.2,381.95,376.4195177174547,378.571632288869,62.8802404402846,-2.1521145714143017,0.7066587777883888,16.736248200029685,381.95,9.092941160448165,400.1358823208963,363.76411767910366,144247.0
HPPL,2017-10-23,370.0,371.0,365.0,369.0,0.00 %,1885.0,691940.0,-0.002702702702702675,-0.002706361597742914,371.0,380.55,375.2780534532309,377.86262248969354,62.372455669777395,-2.5845690364626535,0.048413214938180404,15.969373328598994,380.55,8.804753500838666,398.15950700167735,362.94049299832267,142362.0
HPPL,2017-10-24,369.0,377.0,366.0,371.0,0.00 %,4140.0,1537950.0,0.005420054200542035,0.005405418566907982,371.2,379.75,374.61989138350305,377.35428008304956,63.0157314349022,-2.734388699546514,-0.5081471679587586,15.614418090841925,379.75,8.914063400929685,397.57812680185936,361.92187319814064,146502.0
HPPL,2017-10-25,371.0,375.0,365.0,368.0,0.00 %,10720.0,3977700.0,-0.008086253369272267,-0.008119124438504242,370.6,378.6,373.6014465552718,376.6613704472681,61.3222314129889,-3.0599238919962772,-1.0185025127662624,15.213388227210359,378.6,8.869818724784134,396.3396374495683,360.8603625504318,135782.0
HPPL,2017-10-29,366.0,375.0,361.0,366.0,0.00 %,4050.0,1490020.0,-0.005434782608695676,-0.005449604767564703,368.8,377.45,372.4319932390762,375.871639303026,60.16145655790429,-3.4396460639497946,-1.5027312230029688,15.126717639552476,377.45,8.941182071857757,395.3323641437155,359.5676358562845,131732.0
HPPL,2017-10-30,360.0,370.0,360.0,365.0,0.00 %,2470.0,909850.0,-0.002732240437158473,-0.0027359798188747488,367.8,376.1,371.28860966383365,375.06633268798697,59.554442300210525,-3.7777230241533175,-1.9577295832330386,14.760523522441584,376.1,8.662684645256551,393.4253692905131,358.7746307094869,129262.0
HPPL,2017-10-31,365.0,366.0,360.0,363.0,0.00 %,2930.0,1070170.0,-0.005479452054794498,-0.005494519317640702,366.6,374.95,370.0134389463208,374.1725302666546,58.28774603478343,-4.1590913203338005,-2.3980019306531912,14.134771842267186,374.95,8.804753500838759,392.5595070016775,357.3404929983225,126332.0
HPPL,2017-11-01,366.0,366.0,358.0,361.0,0.00 %,3300.0,1190450.0,-0.0055096418732781816,-0.005524875931969804,364.6,373.25,368.6267560315022,373.19678728393944,56.98252312851821,-4.570031252437218,-2.832407795009997,13.696573853533817,373.25,7.972815655318443,389.1956313106369,357.3043686893631,123032.0
HPPL,2017-11-02,355.0,365.0,355.0,362.0,0.00 %,1630.0,586540.0,0.0027700831024930483,0.00276625349289011,363.4,372.05,367.6072551035788,372.3673956332773,57.49503248780513,-4.7601405296985035,-3.2179543419476984,13.432532863995688,372.05,7.755982410881407,387.56196482176284,356.5380351782372,124662.0
HPPL,2017-11-05,366.0,366.0,350.0,360.0,0.00 %,3500.0,1258890.0,-0.0055248618784530246,-0.005540180375615356,362.2,370.65,366.4369081645666,371.4512922530345,56.056571529420395,-5.014384088467921,-3.5772402912517434,13.615923373710281,370.65,7.234966264061818,385.1199325281236,356.1800674718763,121162.0
HPPL,2017-11-06,360.0,366.0,353.0,355.0,0.00 %,2690.0,956020.0,-0.01388888888888884,-0.01398624197473984,360.2,369.1,364.67738383155637,370.232678012069,52.518972026652676,-5.555294180512647,-3.9728510691039243,13.57192884701669,369.1,7.092620330872247,383.2852406617445,354.9147593382555,118472.0
HPPL,2017-11-07,355.0,357.0,352.0,353.0,0.00 %,1560.0,553230.0,-0.005633802816901401,-0.005649732542119021,358.2,367.5,362.88086324208615,368.95618334450836,51.12903724846928,-6.075320102422211,-4.393344875767582,12.959648215086927,367.5,6.924403831454413,381.3488076629088,353.6511923370912,116912.0
HPPL,2017-11-08,349.0,352.0,343.0,346.0,0.00 %,4549.0,1579025.0,-0.019830028328611915,-0.020029281875572527,355.2,366.2,360.28380735868825,367.2557253189892,46.49133415431794,-6.971917960300971,-4.90905949267426,12.748244771152146,366.2,8.332561367753412,382.8651227355068,349.53487726449316,112363.0
HPPL,2017-11-09,340.0,345.0,336.0,337.0,0.00 %,5280.0,1795320.0,-0.026011560693641633,-0.026355844705362546,350.2,364.3,356.7016831496593,365.0145604805456,41.30386877184152,-8.312877330886295,-5.589823060316666,12.551941573212707,364.3,10.316568176839482,384.93313635367895,343.6668636463211,107083.0
HPPL,2017-11-12,337.0,342.0,331.0,340.0,0.00 %,2260.0,761050.0,0.008902077151335286,0.008862687257845324,346.2,362.3,354.1321934343271,363.16163007457925,43.564346283502225,-9.029436640252129,-6.277745776303759,12.441088603697514,362.3,10.969335248294808,384.23867049658963,340.3613295034104,109343.0
HPPL,2017-11-13,340.0,356.0,340.0,348.0,0.00 %,4710.0,1650930.0,0.0235294117647058,0.023256862164267183,344.8,361.25,353.18877905981526,362.0385463653512,49.18440839801094,-8.84976730553592,-6.792150082150192,12.695296560576264,361.25,11.294502621793212,383.8390052435864,338.6609947564136,114053.0
HPPL,2017-11-14,342.0,360.0,342.0,355.0,0.00 %,1830.0,638480.0,0.02011494252873569,0.019915309700941516,345.2,360.25,353.4674284352283,361.51717256051035,53.54378248517837,-8.049744125282018,-7.043668890776558,13.07420394910653,360.25,10.891208429400354,382.03241685880073,338.46758314119927,115883.0
HPPL,2017-11-15,360.0,360.0,345.0,351.0,0.00 %,2920.0,1031610.0,-0.011267605633802802,-0.01133156600954997,346.2,359.3,353.0878240605778,360.73812274121326,50.858809166713975,-7.650298680635444,-7.164994848748335,13.211760809884634,359.3,10.824436292603952,380.94887258520794,337.6511274147921,112963.0
HPPL,2017-11-16,350.0,351.0,338.0,342.0,0.00 %,6260.0,2147760.0,-0.02564102564102566,-0.025975486403260677,347.2,357.85,351.3820049743351,359.3501136492715,45.34866870210449,-7.968108674936445,-7.3256176139859575,13.196635037750019,357.85,11.113173785150563,380.07634757030115,335.6236524296989,106703.0
HPPL,2017-11-19,342.0,348.0,337.0,347.0,0.00 %,7211.0,2495458.0,0.014619883040935644,0.014514042884254012,348.6,356.45,350.70785036289885,358.43529041599214,48.675518773826504,-7.727440053093289,-7.405982101807424,13.03973253505359,356.45,10.590338198466812,377.6306763969336,335.26932360306637,113914.0
HPPL,2017-11-20,343.0,348.0,343.0,347.0,0.00 %,2130.0,738200.0,0.0,0.0,348.4,355.3,350.13741184552975,357.5882318666594,48.6755187731883,-7.45082002112963,-7.414949685671866,12.465465925406905,355.3,10.285912696499558,375.87182539299914,334.7281746070009,113914.0
HPPL,2017-11-21,345.0,353.0,344.0,350.0,0.00 %,3550.0,1244760.0,0.008645533141210304,0.008608374536600101,347.4,354.35,350.1162715616021,357.02614061727724,50.76125818511176,-6.909869055675131,-7.3139335596725195,12.217932645020698,354.35,9.820896089462057,373.99179217892413,334.7082078210759,117464.0
HPPL,2017-11-22,346.0,355.0,345.0,348.0,0.00 %,4160.0,1466020.0,-0.005714285714285672,-0.005730674708984983,346.8,353.2,349.7906913213556,356.35753760859,49.3222225699009,-6.566846287234398,-7.164516105184895,12.059508884662076,353.2,9.087875091803474,371.37575018360695,335.024249816393,113304.0
HPPL,2017-11-23,348.0,371.0,348.0,371.0,0.00 %,4600.0,1634110.0,0.06609195402298851,0.06399958283296081,352.6,353.35,353.0536618873009,357.4421644523981,62.491262948620054,-4.3885025650972125,-6.60931339716736,12.840972535757642,353.35,9.365530305046704,372.08106061009346,334.6189393899066,117904.0
HPPL,2017-11-26,371.0,385.0,358.0,385.0,0.00 %,6509.0,2391880.0,0.037735849056603765,0.037041271680349076,360.2,354.3,357.96848313540846,359.48348560407237,67.95061555387714,-1.5150024686639085,-5.59045121146667,13.852331640346382,354.3,11.448281875231228,377.1965637504625,331.40343624953755,124413.0
HPPL,2017-11-27,378.0,380.0,370.0,375.0,0.00 %,7067.0,2641171.0,-0.025974025974025983,-0.026317308317373417,365.8,354.8,360.5887164991918,360.6328570408077,61.108831946769484,-0.044140541615945494,-4.481189077496525,13.934307951750212,354.8,12.137805229508524,379.07561045901707,330.52438954098295,117346.0
HPPL,2017-11-28,378.0,380.0,368.0,371.0,0.00 %,1370.0,509030.0,-0.010666666666666713,-0.010723963362975724,370.0,355.2,362.19045242239304,361.4007935563034,58.56853226224482,0.78965886608961,-3.4270194887792984,13.796143098053768,355.2,12.54717414190857,380.29434828381716,330.1056517161828,115976.0
HPPL,2017-11-29,378.0,400.0,375.0,388.0,0.00 %,22939.0,8908975.0,0.04582210242587603,0.04480327701583832,378.0,356.55,366.16115204971715,363.3711051447254,65.19133669962754,2.7900469049917547,-2.183606210025088,14.882132876764214,356.55,14.503992190900206,385.55798438180045,327.54201561819957,138915.0
HPPL,2017-11-30,387.0,410.0,381.0,402.0,0.00 %,22390.0,8908640.0,0.03608247422680422,0.03544674899574771,384.2,358.55,371.6748209651453,366.2325047636346,69.51334142211716,5.442316201510664,-0.6584217277179378,15.890551956995342,358.55,17.70065416572918,393.9513083314584,323.14869166854163,161305.0
HPPL,2017-12-04,400.0,435.0,400.0,428.0,0.00 %,37403.0,15487644.0,0.06467661691542292,0.06267110696277577,392.8,361.95,380.3402331243537,370.80787478114314,75.57803084273239,9.532358343210547,1.3797342864677593,17.255512531495675,361.95,23.556147929217225,409.0622958584344,314.83770414156555,198708.0
HPPL,2017-12-05,435.0,435.0,410.0,425.0,0.00 %,23689.0,9939640.0,-0.007009345794392496,-0.007034026657379936,402.8,365.45,387.2109664898377,374.8221062788362,73.75488210366896,12.388860211001486,3.581559471374505,17.808690207817413,365.45,27.36204632236729,420.17409264473457,310.7259073552654,175019.0
HPPL,2017-12-06,425.0,425.0,409.0,415.0,0.00 %,7690.0,3223100.0,-0.02352941176470591,-0.02381064869371856,411.6,368.55,391.48620241447804,377.798246554478,67.87710305764082,13.687955860000045,5.602838749099613,17.67949805011617,368.55,29.319429519832482,427.188859039665,309.91114096033505,167329.0
HPPL,2017-12-10,420.0,428.0,407.0,409.0,0.00 %,5700.0,2347100.0,-0.014457831325301207,-0.014563364187896555,415.8,371.7,394.1806328122506,380.1094875504426,64.55299732582881,14.071145261807999,7.29650005164129,17.91667676082216,371.7,30.141944895863382,431.98388979172677,311.4161102082732,161629.0
HPPL,2017-12-11,405.0,413.0,398.0,402.0,0.00 %,5431.0,2178778.0,-0.017114914425427896,-0.01726306742378071,415.8,374.95,395.3836123795967,381.7310069911506,60.811311057130936,13.65260538844609,8.56772111900225,17.708342706477723,374.95,29.70464255758153,434.35928511516306,315.5407148848369,156198.0
HPPL,2017-12-12,405.0,405.0,390.0,391.0,0.00 %,9340.0,3668330.0,-0.027363184079602032,-0.027744528633655334,408.4,377.5,394.7092104750434,382.41759906588015,55.379105186368754,12.291611409163238,9.312499177034448,17.51488965601503,377.5,28.71914820610473,434.93829641220947,320.06170358779053,146858.0
HPPL,2017-12-13,384.0,405.0,383.0,398.0,0.00 %,3900.0,1537960.0,0.01790281329923271,0.01774444529907191,403.0,380.0,395.2154857865752,383.57185098692605,57.95314583326123,11.643634799649135,9.778726301557386,17.835254680585386,380.0,28.187343184299404,436.3746863685988,323.6253136314012,150758.0
HPPL,2017-12-17,400.0,400.0,393.0,394.0,0.00 %,4410.0,1745620.0,-0.01005025125628145,-0.010101095986503933,398.8,381.95,395.02848797325595,384.34430646937597,55.966361027862106,10.684181503879984,9.959817342021907,17.06130791768643,381.95,27.711815834443268,437.3736316688865,326.5263683311135,146348.0
HPPL,2017-12-18,395.0,399.0,390.0,397.0,0.00 %,6884.0,2723192.0,0.0076142131979695105,0.007585371389256564,396.4,384.25,395.33179751583197,385.28176524942216,57.152791503291894,10.0500322664098,9.977860326899485,16.485500209280257,384.25,26.905047462276713,438.0600949245534,330.4399050754466,153232.0
HPPL,2017-12-19,394.0,394.0,387.0,390.0,0.00 %,3548.0,1388374.0,-0.017632241813602012,-0.0177895415634983,394.0,386.65,394.51152097493474,385.63126411983535,53.52864742362547,8.88025685509939,9.758339632539467,16.02225019433167,386.65,25.01215493988542,436.6743098797708,336.62569012022914,149684.0
HPPL,2017-12-20,384.0,391.0,384.0,387.0,0.00 %,3840.0,1488230.0,-0.007692307692307665,-0.007722046093910278,393.2,388.65,393.3559023634063,385.7326519628105,52.00657894503299,7.6232504005957935,9.331321786150733,15.377803751879407,388.65,23.20906129760057,435.0681225952011,342.23187740479887,145844.0
HPPL,2017-12-21,379.0,403.0,379.0,386.0,0.00 %,3480.0,1352930.0,-0.0025839793281653423,-0.0025873235649509123,390.8,390.6,392.22422507672843,385.75245552112085,51.48109538885434,6.47176955560758,8.759411340042103,15.993674912459449,390.6,21.064812265706607,432.72962453141326,348.4703754685868,142364.0
HPPL,2017-12-24,393.0,390.0,383.0,386.0,0.00 %,4104.0,1589870.0,0.0,0.0,389.2,392.4,391.26665198800094,385.770792149186,51.48109538829415,5.495859838814965,8.106701039796675,15.351269561569488,392.4,18.832782168615317,430.0655643372306,354.73443566276933,142364.0
HPPL,2017-12-26,386.0,386.0,366.0,380.0,0.00 %,5265.0,1972395.0,-0.015544041450777257,-0.015666116744399463,385.8,394.0,389.53332091292384,385.3433260640611,48.099206225026656,4.189994848862739,7.323359801609888,15.683321735743096,394.0,16.009865379623648,426.0197307592473,361.9802692407527,137099.0
HPPL,2017-12-27,379.0,380.0,367.0,374.0,0.00 %,4330.0,1617350.0,-0.015789473684210575,-0.015915455305899568,382.6,394.15,387.14357923401246,384.50307968894543,44.921248657871026,2.64049954506703,6.386787750301316,15.491655897475733,394.15,15.795652299887298,425.7413045997746,362.55869540022536,132769.0
HPPL,2017-12-28,367.0,378.0,361.0,370.0,0.00 %,6611.0,2439280.0,-0.010695187165775444,-0.01075279177626185,379.2,393.4,384.5061055057028,383.4287774897643,42.88688713102139,1.0773280159385195,5.324895803428758,15.59939476194175,393.4,16.589153082661817,426.5783061653236,360.22169383467633,126158.0
HPPL,2017-12-31,364.0,369.0,358.0,367.0,0.00 %,1450.0,529820.0,-0.008108108108108136,-0.008141157583699885,375.4,393.0,381.81285850482544,382.21183100904096,41.37351853590011,-0.39897250421552144,4.180122141899902,15.342295136088769,393.0,17.143358388661586,427.2867167773232,358.7132832226768,124708.0
HPPL,2018-01-01,362.0,382.0,362.0,375.0,0.00 %,2951.0,1106497.0,0.021798365122615904,0.02156417791584064,373.2,393.2,380.76472642716,381.6776213046676,46.767962627501795,-0.9128948775075969,3.1615187380184024,15.674988340653858,393.2,16.894720445966442,426.9894408919329,359.4105591080671,127659.0
HPPL,2018-01-02,382.0,384.0,368.0,376.0,0.00 %,5340.0,2021870.0,0.002666666666666595,0.0026631174194836284,372.4,392.6,380.0316915922123,381.2570567635811,47.41925248963303,-1.2253651713687645,2.2841419561409695,15.698203459178583,392.6,17.29739864835139,427.1947972967028,358.00520270329724,132999.0
HPPL,2018-01-03,369.0,373.0,367.0,371.0,0.00 %,770.0,285090.0,-0.013297872340425565,-0.013387080782459409,371.8,391.05,378.64220057802584,380.4972747810936,44.48834463857826,-1.8550742030677725,1.4562987242992211,15.219760354951541,391.05,17.79259159845645,426.6351831969129,355.4648168030871,132229.0
HPPL,2018-01-04,371.0,374.0,366.0,369.0,0.00 %,1680.0,620290.0,-0.005390835579514808,-0.005405418566907935,371.6,388.1,377.1587851044834,379.64562479730887,43.33455540836313,-2.4868396928254697,0.667671040874283,14.704063186740717,388.1,16.16005471590501,420.42010943181003,355.77989056819,130549.0
HPPL,2018-01-07,369.0,380.0,369.0,372.0,0.00 %,2950.0,1103750.0,0.008130081300812941,0.008097210232619303,372.6,385.45,376.3651258576398,379.07928221973043,45.613064496351925,-2.714156362090648,-0.008694439718703317,14.439487244830667,385.45,13.99050429849862,413.43100859699723,357.46899140300275,133499.0
HPPL,2018-01-08,378.0,382.0,365.0,382.0,0.00 %,2470.0,922940.0,0.026881720430107503,0.026526754333428604,374.0,383.8,377.23202957184907,379.2956316849356,52.47322447692529,-2.0636021130865174,-0.41967597439226617,14.622381013057048,383.8,12.146474472259703,408.09294894451943,359.5070510554806,135969.0
HPPL,2018-01-09,382.0,385.0,377.0,380.0,0.00 %,1991.0,757723.0,-0.005235602094240788,-0.005249355886143678,374.8,382.35,377.65787117618,379.3478071156811,51.08534838730286,-1.6899359395011402,-0.6737279674140411,14.149353797838687,382.35,10.614166303378889,403.5783326067578,361.12166739324226,133978.0
HPPL,2018-01-10,381.0,381.0,370.0,373.0,0.00 %,2660.0,989230.0,-0.018421052631578894,-0.01859283307661586,375.2,380.9,376.94127561061384,378.8775991811862,46.45418101507761,-1.9363235705723696,-0.9262470880457068,13.924399955135925,380.9,9.732744514753742,400.36548902950744,361.4345109704925,131318.0
HPPL,2018-01-14,368.0,379.0,363.0,368.0,0.00 %,8540.0,3137880.0,-0.013404825737265424,-0.013495481474884621,375.0,379.75,375.5656947474425,378.0718510936909,43.42587771279715,-2.5061563462484173,-1.2422289396862491,14.072657101197645,379.75,9.834819988719795,399.4196399774396,360.0803600225604,122778.0
HPPL,2018-01-16,362.0,370.0,362.0,370.0,0.00 %,3721.0,1359575.0,0.005434782608695565,0.005420067469339113,374.6,378.35,374.7094340170667,377.4739361978619,44.97116611966468,-2.764502180795205,-1.5466835879080403,13.638895879683528,378.35,9.06279264500257,396.47558529000514,360.2244147099949,126499.0
HPPL,2018-01-17,370.0,370.0,362.0,365.0,0.00 %,6830.0,2490160.0,-0.013513513513513487,-0.013605652055778598,371.2,376.9,373.215674937518,376.54994092394617,41.89058374599577,-3.3342659864281927,-1.904200067612071,13.236117602563276,376.9,8.741311475733323,394.3826229514666,359.41737704853335,119669.0
HPPL,2018-01-21,362.0,372.0,362.0,367.0,0.00 %,1238.0,456022.0,0.005479452054794498,0.005464494472078745,368.6,375.4,372.2594172548229,375.84253789254274,43.55614280107885,-3.583120637719844,-2.2399841816336257,13.004966345237328,375.4,7.611625457499953,390.62325091499986,360.1767490850001,120907.0
HPPL,2018-01-22,367.0,374.0,365.0,368.0,0.00 %,2430.0,895870.0,0.0027247956403269047,0.0027210901143605863,367.6,374.3,371.60412229254246,375.26160915976175,44.4140362483142,-3.6574868672192906,-2.5234847187507587,12.718897320577518,374.3,6.951713155005199,388.2034263100104,360.3965736899896,123337.0
HPPL,2018-01-23,365.0,369.0,365.0,365.0,0.00 %,420.0,153810.0,-0.008152173913043459,-0.008185584586439405,367.0,373.2,370.58810347830513,374.5014899627423,42.33518202485183,-3.913386484437183,-2.8014650718880434,12.096118940536268,373.2,6.566261453344914,386.3325229066898,360.0674770933102,122917.0
HPPL,2018-01-24,360.0,369.0,360.0,367.0,0.00 %,2600.0,952710.0,0.005479452054794498,0.005464494472078745,366.4,372.25,370.03608755856584,373.94582403957617,44.20997690425189,-3.9097364810103272,-3.0231193537125005,11.874967587640821,372.25,5.963706018381826,384.17741203676366,360.32258796323634,125517.0
HPPL,2018-01-25,363.0,373.0,363.0,373.0,0.00 %,2650.0,977930.0,0.016348773841961872,0.016216571589245287,368.0,371.6,370.49207408801726,373.87576299960756,49.51305323867397,-3.3836889115902977,-3.0952332652880603,11.741041331380762,371.6,5.019960159204417,381.6399203184089,361.56007968159116,128167.0
HPPL,2018-01-29,364.0,368.0,364.0,367.0,0.00 %,590.0,216420.0,-0.01608579088471851,-0.01621657158924528,368.0,370.95,369.95483192063,373.36644722185883,44.915255182862595,-3.411615301228835,-3.1585096724762156,11.545252664853564,370.95,4.7069377686447735,380.3638755372895,361.53612446271046,127577.0
HPPL,2018-01-31,364.0,374.0,364.0,370.0,0.00 %,1220.0,451820.0,0.008174386920980936,0.008141157583699866,368.4,370.75,369.96178085591765,373.1170807609804,47.53842379183589,-3.1552999050627477,-3.157867718993522,11.43487747450688,370.75,4.65521778562281,380.06043557124565,361.43956442875435,128797.0
HPPL,2018-02-01,376.0,376.0,369.0,375.0,0.00 %,800.0,296760.0,0.013513513513513598,0.01342302033214077,370.4,371.0,370.73689149346876,373.25655626016703,51.669380640040494,-2.51966476669827,-3.030227128534472,11.118100512042103,371.0,4.746189607408616,380.4923792148172,361.5076207851828,129597.0
HPPL,2018-02-04,370.0,375.0,369.0,371.0,0.00 %,3800.0,1418940.0,-0.010666666666666713,-0.010723963362975724,371.2,371.2,370.7773697252428,373.0894039445991,48.38683190959324,-2.312034219356292,-2.886588546698836,10.752521904039096,371.2,4.652107615173758,380.5042152303475,361.8957847696525,125797.0
HPPL,2018-02-05,371.0,371.0,365.0,366.0,0.00 %,3630.0,1333000.0,-0.013477088948787075,-0.013568729206068903,369.8,370.75,370.04238976751316,372.5642629116658,44.574755538071074,-2.5218731441526643,-2.8136454661896018,10.413056053750589,370.75,4.700223958829821,380.1504479176596,361.3495520823404,122167.0
HPPL,2018-02-06,362.0,369.0,362.0,364.0,0.00 %,2480.0,904010.0,-0.005464480874316946,-0.005479465764625596,369.2,370.15,369.1127913417419,371.92987306635723,43.11165628775412,-2.8170817246153206,-2.8143327178747457,10.169266335625547,370.15,4.760307376187984,379.67061475237597,360.629385247624,119687.0
HPPL,2018-02-07,357.0,367.0,357.0,364.0,0.00 %,1290.0,468240.0,0.0,0.0,368.0,369.8,368.326208058397,371.34247506144186,43.111656286992165,-3.0162670030448453,-2.8547195749087657,10.157175883080864,369.8,4.948152233542962,379.69630446708595,359.90369553291407,119687.0
HPPL,2018-02-08,359.0,366.0,359.0,365.0,0.00 %,2300.0,835440.0,0.0027472527472527375,0.002743485945750834,366.0,369.6,367.81448374172055,370.8726620939276,44.17422962187815,-3.058178352207051,-2.8954113303684226,9.93166332000366,369.6,5.061724274551061,379.72344854910216,359.4765514508979,121987.0
HPPL,2018-02-11,361.0,365.0,360.0,364.0,0.00 %,820.0,297160.0,-0.002739726027397249,-0.0027434859457508326,364.6,369.2,367.22764008914817,370.3635760128959,43.303185502394584,-3.135935923747752,-2.9435162490442885,9.579401654289112,369.2,5.176871642217986,379.55374328443594,358.84625671556404,121167.0
HPPL,2018-02-12,358.0,360.0,358.0,360.0,0.00 %,1600.0,575660.0,-0.01098901098901095,-0.011049836186584935,363.4,368.1,366.1156954600484,369.5959037156444,39.91295141227053,-3.480208255595983,-3.050854650354627,9.323730107554177,368.1,4.621460238587313,377.34292047717463,358.8570795228254,119567.0
HPPL,2018-02-14,360.0,367.0,354.0,367.0,0.00 %,3750.0,1341470.0,0.019444444444444375,0.01925781660441452,364.0,367.45,366.25174231234865,369.4036145515226,47.63873755047131,-3.15187223917394,-3.07105816811849,9.58632081415745,367.45,3.6774562146309964,374.804912429262,360.095087570738,123317.0
HPPL,2018-02-15,374.0,374.0,361.0,372.0,0.00 %,5880.0,2150000.0,0.013623978201634968,0.013532006218576373,365.6,367.4,367.1360896489104,369.59593939955795,52.351422396378474,-2.4598497506475496,-2.948816484624302,9.830155041717632,367.4,3.604091242492672,374.6081824849853,360.19181751501463,129197.0
HPPL,2018-02-18,372.0,370.0,356.0,359.0,0.00 %,600.0,219820.0,-0.034946236559139754,-0.035571465784867654,364.4,366.95,365.884383549078,368.81105499959074,41.813929341931384,-2.9266714505127425,-2.9443874778019903,10.270858253023516,366.95,4.058454463411059,375.0669089268221,358.83309107317785,128597.0
HPPL,2018-02-20,360.0,361.0,357.0,357.0,0.00 %,810.0,290530.0,-0.005571030640668551,-0.005586606708639823,363.0,366.3,364.51755531075827,367.9361620366581,40.46448745677618,-3.418606725899849,-3.039231327421562,9.82293980637898,366.3,4.554927927097785,375.4098558541956,357.1901441458044,127787.0
HPPL,2018-02-21,353.0,356.0,353.0,355.0,0.00 %,1480.0,525270.0,-0.0056022408963585235,-0.005617992304223261,362.0,365.8,363.0533160321801,366.97792781172046,39.105378174593696,-3.9246117795403848,-3.216307417845327,9.407015534494768,365.8,5.207282350102334,376.2145647002047,355.38543529979535,126307.0
HPPL,2018-02-22,356.0,358.0,351.0,352.0,0.00 %,2220.0,785060.0,-0.008450704225352101,-0.008486613877318694,359.0,365.05,361.3528058733831,365.868451677519,37.0928301700094,-4.515645804135886,-3.476175095103439,9.235085853459427,365.05,6.039126810357816,377.12825362071567,352.97174637928435,124087.0
HPPL,2018-02-25,351.0,353.0,348.0,350.0,0.00 %,4510.0,1590170.0,-0.005681818181818232,-0.005698021114637779,354.6,364.15,359.6062203544011,364.69301081251757,35.77112149992226,-5.086790458116468,-3.798298167706045,8.93257972106947,364.15,6.861601777090591,377.87320355418115,350.4267964458188,119577.0
HPPL,2018-02-26,346.0,349.0,345.0,345.0,0.00 %,2370.0,819050.0,-0.014285714285714235,-0.014388737452099556,351.8,363.15,357.3591095306471,363.2342692708496,32.63986388968104,-5.875159740202491,-4.213670482205334,8.651681169564508,363.15,8.080353040750325,379.3107060815006,346.98929391849936,117207.0
HPPL,2018-02-27,339.0,351.0,334.0,349.0,0.00 %,7860.0,2656510.0,0.011594202898550732,0.011527505171067414,350.2,362.25,356.0730926797783,362.1798789544904,37.36362097135488,-6.1067862747120785,-4.592293640706683,9.247989657452758,362.25,8.613789434450927,379.47757886890184,345.02242113109816,125067.0
HPPL,2018-02-28,344.0,344.0,330.0,334.0,0.00 %,4430.0,1476660.0,-0.04297994269340977,-0.04393092922572677,346.0,360.3,352.6772322675047,360.09248051341706,29.117426997356972,-7.41524824591238,-5.156884561747823,9.944561824777562,360.3,10.30125184012561,380.90250368025124,339.6974963197488,120637.0
HPPL,2018-03-04,335.0,335.0,315.0,317.0,0.00 %,3475.0,1100370.0,-0.050898203592814384,-0.052239219099419816,339.0,357.8,347.1884273032732,356.9004449198306,22.938512495428625,-9.712017616557375,-6.067911172709733,10.662807408722022,357.8,13.99473585241808,385.78947170483616,329.81052829516386,117162.0
HPPL,2018-03-05,323.0,325.0,303.0,304.0,0.00 %,4934.0,1536336.0,-0.04100946372239744,-0.041874072471058885,329.8,354.5,340.5440538720004,352.9818934442876,19.52615156453642,-12.437839572287203,-7.3418968526252275,11.472606879527593,354.5,18.135455242207623,390.77091048441525,318.22908951558475,112228.0
HPPL,2018-03-06,303.0,315.0,298.0,304.0,0.00 %,4640.0,1401620.0,0.0,0.0,321.6,350.95,334.9218917378465,349.3536050410071,19.526151564295787,-14.431713303160564,-8.759860142732295,11.86742067384705,350.95,20.68173615841592,392.31347231683185,309.58652768316813,112228.0
HPPL,2018-03-07,300.0,316.0,295.0,316.0,0.00 %,290.0,88700.0,0.03947368421052633,0.03871451218069043,315.0,348.2,332.0108314704855,346.8829676305621,30.581494730143675,-14.872136160076593,-9.982315346201155,12.51974776857226,348.2,21.515233281512636,391.2304665630253,305.1695334369747,112518.0
HPPL,2018-03-11,316.0,322.0,302.0,316.0,0.00 %,840.0,263970.0,0.0,0.0,311.4,345.7,329.54762662887237,344.5953403986686,30.581494729766646,-15.047713769796246,-10.995395030920173,13.054051499388528,345.7,22.231083028759407,390.1621660575188,301.2378339424812,112518.0
HPPL,2018-03-12,316.0,310.0,296.0,302.0,0.00 %,870.0,260740.0,-0.044303797468354444,-0.04531519621204249,308.4,342.6,325.30953022443043,341.44012999876725,25.788009112571416,-16.130599774336815,-12.022435979603502,13.550190678003634,342.6,23.811540766700254,390.22308153340055,294.9769184665995,111648.0
HPPL,2018-03-13,297.0,305.0,297.0,302.0,0.00 %,300.0,90250.0,0.0,0.0,308.0,339.5,321.7234486514411,338.51863888774744,25.788009112260482,-16.795190236306325,-12.976986830944067,13.15374848671766,339.5,24.8902855706698,389.2805711413396,289.7194288586604,111648.0
HPPL,2018-03-14,308.0,311.0,305.0,309.0,0.00 %,730.0,225230.0,0.023178807947019875,0.022914259522875832,309.0,336.7,319.76599501275786,336.33207304421063,31.971359839153678,-16.566078031452776,-13.69480507104581,12.857052166237827,336.7,25.02020236360631,386.7404047272126,286.6595952727874,112378.0
HPPL,2018-03-15,310.0,311.0,307.0,311.0,0.00 %,330.0,101770.0,0.006472491909385036,0.006451635281488595,308.0,334.05,318.41738039541053,334.4556231890839,33.67181258024209,-16.038242793673362,-14.163492615571322,12.224405582935125,334.05,24.782156144248578,383.61431228849716,284.48568771150286,112708.0
HPPL,2018-03-18,306.0,306.0,302.0,303.0,0.00 %,1237.0,376265.0,-0.025723472668810254,-0.026060106669864955,305.4,331.2,316.0454757191936,332.12557702692953,30.39862161939604,-16.08010130773596,-14.54681435400425,11.994090898439758,331.2,24.91797068699454,381.0359413739891,281.3640586260109,111471.0
HPPL,2018-03-19,297.0,307.0,297.0,307.0,0.00 %,570.0,171000.0,0.013201320132013139,0.01311494207782795,306.4,328.2,314.65386407008685,330.26442317308295,33.86056541772324,-15.610559102996092,-14.759563303802619,11.85165583426549,328.2,23.974986965586158,376.1499739311723,280.25002606882765,112041.0
HPPL,2018-03-20,308.0,308.0,290.0,295.0,0.00 %,1850.0,542550.0,-0.039087947882736174,-0.03987239124737735,305.0,324.35,311.63019267468883,327.6522436787805,29.172610705572723,-16.02205100409168,-15.01206084386043,12.290823274675098,324.35,22.72090389232433,369.79180778464865,278.9081922153514,110191.0
HPPL,2018-03-21,290.0,293.0,288.0,291.0,0.00 %,2500.0,724540.0,-0.013559322033898313,-0.01365208916832732,301.4,320.95,308.45631687858287,324.9372626655375,27.791390548282095,-16.480945786954635,-15.305837832479272,11.91290732648402,320.95,22.34767149061981,365.6453429812396,276.2546570187604,107691.0
HPPL,2018-03-22,292.0,292.0,284.0,285.0,0.00 %,4305.0,1238295.0,-0.020618556701030966,-0.020834086902842025,296.2,317.35,304.8476527434163,321.9789469125347,25.81684683937422,-17.131294169118405,-15.670929099807099,11.633413946020877,317.35,22.03173548364005,361.4134709672801,273.28652903271995,103386.0
HPPL,2018-03-26,280.0,280.0,260.0,261.0,0.00 %,3300.0,877280.0,-0.08421052631578951,-0.08796877294595716,287.8,312.65,298.1018600136599,317.46198788197654,19.767026329966825,-19.360127868316624,-16.408768853509006,12.588170092733673,312.65,23.551231949004762,359.7524638980095,265.54753610199043,100086.0
HPPL,2018-03-27,257.0,286.0,238.0,285.0,0.00 %,2040.0,516430.0,0.09195402298850586,0.08796877294595722,283.4,309.3,296.08618924232763,315.0573961870153,35.93467932138935,-18.97120694468765,-16.921256471744734,15.11758651468127,309.3,22.39619328556184,354.0923865711237,264.5076134288763,102126.0
HPPL,2018-03-28,290.0,290.0,266.0,275.0,0.00 %,2010.0,555695.0,-0.03508771929824561,-0.03571808260207923,279.4,305.55,292.8421601281234,312.0901816546438,32.954878427480736,-19.248021526520404,-17.386609482699868,15.752044620775465,305.55,21.483102294840066,348.5162045896801,262.5837954103199,100116.0
HPPL,2018-03-29,280.0,285.0,265.0,285.0,0.00 %,1045.0,285870.0,0.036363636363636376,0.035718082602079246,278.2,302.55,291.63567395456596,310.08350153207755,38.451265199976675,-18.44782757751159,-17.598853101662215,16.055470005005787,302.55,19.808225298439073,342.1664505968782,262.93354940312184,101161.0
HPPL,2018-04-01,280.0,280.0,268.0,272.0,0.00 %,1870.0,509420.0,-0.04561403508771933,-0.04668711397265324,275.6,298.7,288.6148010384789,307.2625014185903,34.492474913395384,-18.647700380111417,-17.808622557352056,16.12293643321966,298.7,17.672756315569806,334.0455126311396,263.35448736886036,99291.0
HPPL,2018-04-02,270.0,272.0,270.0,270.0,0.00 %,600.0,163020.0,-0.007352941176470562,-0.007380107297622534,277.4,295.5,285.7509854940975,304.50231612832437,33.913976852010535,-18.75133063422686,-17.997164172727018,15.114155259418256,295.5,16.71274332578958,328.92548665157915,262.07451334842085,98691.0
HPPL,2018-04-03,265.0,280.0,251.0,268.0,0.00 %,790.0,212150.0,-0.007407407407407418,-0.00743497848751809,274.0,293.05,283.02006464885176,301.7984408595596,33.31229516940424,-18.778376210707847,-18.153406580323185,16.106001312316952,293.05,16.984435599442794,327.0188711988856,259.0811288011144,97901.0
HPPL,2018-04-05,280.0,295.0,277.0,290.0,0.00 %,3400.0,966960.0,0.08208955223880587,0.07889394246966294,277.0,292.35,284.0939008567207,300.92448227737,44.89382006397049,-16.830581420649253,-17.8888415483884,16.884144075722883,292.35,16.7968512086747,325.9437024173494,258.75629758265063,101301.0
HPPL,2018-04-08,291.0,301.0,290.0,297.0,0.00 %,7900.0,2327040.0,0.024137931034482696,0.023851215822179847,279.4,292.0,286.0794545710714,300.6337798864537,47.98892815561953,-14.5543253153823,-17.22193830178718,16.463848070314107,292.0,16.613247725837386,325.2264954516748,258.7735045483252,109201.0
HPPL,2018-04-09,292.0,302.0,289.0,290.0,0.00 %,6570.0,1934770.0,-0.023569023569023573,-0.02385121582217991,283.0,290.7,286.6826154062912,299.8460924874571,45.25179450209729,-13.163477081165922,-16.41024605766293,16.216430351005958,290.7,15.624205242946779,321.94841048589353,259.45158951410644,102631.0
HPPL,2018-04-10,290.0,292.0,280.0,282.0,0.00 %,1250.0,359380.0,-0.02758620689655178,-0.02797385204240618,285.4,289.0,285.9622130360925,298.52415971060844,42.283528574079504,-12.561946674515923,-15.64058618103353,15.915256754505533,289.0,14.538515091049474,318.07703018209895,259.92296981790105,101381.0
HPPL,2018-04-11,279.0,286.0,279.0,286.0,0.00 %,470.0,132330.0,0.014184397163120588,0.014084739881739023,289.0,288.2,285.96802641515524,297.5964441764893,44.2525335913952,-11.628417761334049,-14.838152497093635,15.27845270061228,288.2,14.222295321451043,316.6445906429021,259.7554093570979,101851.0
HPPL,2018-04-12,286.0,290.0,280.0,287.0,0.00 %,990.0,283420.0,0.0034965034965035446,0.0034904049397685676,288.4,287.45,286.1267915820544,296.8115223856382,44.75990519573462,-10.684730803583818,-14.007468158391672,14.90142036485426,287.45,13.846812287539608,315.14362457507923,259.75637542492075,102841.0
HPPL,2018-04-15,287.0,288.0,279.0,285.0,0.00 %,420.0,118740.0,-0.006968641114982632,-0.006993035490970637,286.0,286.25,285.9534390309691,295.93659480151683,43.899359597168264,-9.98315577054774,-13.202605680822888,14.479890338793242,286.25,12.887672608473581,312.0253452169472,260.4746547830528,102421.0
HPPL,2018-04-16,280.0,286.0,276.0,286.0,0.00 %,1530.0,435470.0,0.0035087719298245723,0.0035026305512020745,285.2,285.0,285.96060225697386,295.2005507421452,44.47418291214942,-9.23994848517134,-12.41007424169258,14.15989817173658,285.0,11.49828362477775,307.9965672495555,262.0034327504445,103951.0
HPPL,2018-04-17,286.0,300.0,281.0,290.0,0.00 %,4980.0,1445480.0,0.013986013986013957,0.013889112160667093,286.8,284.35,286.5820480635933,294.81532476124556,46.821373459415305,-8.233276697652286,-11.574714732884523,14.505619730898255,284.35,10.77167337828547,305.89334675657096,262.8066532434291,108931.0
HPPL,2018-04-18,285.0,319.0,285.0,319.0,0.00 %,22008.0,6904972.0,0.10000000000000009,0.09531017980432493,293.4,284.95,291.5694252845789,296.6067821863385,60.017489807901086,-5.037356901759551,-10.26724316665953,15.898075464405522,284.95,12.322316084415833,309.59463216883165,260.3053678311683,130939.0
HPPL,2018-04-19,320.0,343.0,316.0,338.0,0.00 %,16230.0,5354210.0,0.059561128526645746,0.05785479269817419,303.6,287.1,298.71259062541293,299.6729464688319,65.97479741481725,-0.9603558434189949,-8.405865702011424,16.69107007409084,287.1,17.022894799900012,321.1457895998,253.0542104002,147169.0
HPPL,2018-04-22,338.0,370.0,341.0,370.0,0.00 %,11090.0,3884420.0,0.09467455621301779,0.09045711015525139,320.6,291.05,309.6798843753494,304.882357841511,73.21371346172283,4.797526533838379,-5.765187254841463,17.78456506879864,291.05,25.184529503562885,341.4190590071258,240.68094099287424,158259.0
HPPL,2018-04-23,365.0,365.0,336.0,350.0,0.00 %,13437.0,4744385.0,-0.05405405405405406,-0.055569851154810765,333.4,294.3,315.8829790868341,308.2244054088065,64.04288798016378,7.658573678027608,-3.080435068267649,18.942810421027307,294.3,28.356935473949267,351.01387094789857,237.58612905210148,144822.0
HPPL,2018-04-24,343.0,356.0,331.0,345.0,0.00 %,4440.0,1532310.0,-0.014285714285714235,-0.014388737452099556,344.4,298.5,320.36252076578273,310.94852352667266,61.9535584520935,9.413997239110074,-0.5815486067921043,19.375466819525357,298.5,29.36790227800689,357.23580455601376,239.7641954439862,140382.0
HPPL,2018-04-25,339.0,347.0,330.0,338.0,0.00 %,3620.0,1215558.0,-0.020289855072463725,-0.02049852154834093,348.2,301.15,323.07597910950847,312.95233659877096,59.0491199671681,10.123642510737511,1.5594896167138188,19.205790618130692,301.15,30.45665600056705,362.0633120011341,240.23668799886588,136762.0
HPPL,2018-04-26,338.0,338.0,327.0,329.0,0.00 %,2210.0,731370.0,-0.026627218934911268,-0.026988144717646916,346.4,303.85,323.9873669388149,314.1410524062694,55.44976414022379,9.846314532545478,3.2168545998801505,18.61966271683564,303.85,30.40996201039583,364.66992402079165,243.03007597920836,134552.0
HPPL,2018-04-29,323.0,335.0,312.0,329.0,0.00 %,850.0,277800.0,0.0,0.0,338.2,306.05,324.7585412559203,315.2417151909902,55.449764139819344,9.516826064930115,4.4768488928901435,18.93254395134738,306.05,30.565675623414933,367.1813512468299,244.91864875317015,134552.0
HPPL,2018-05-02,329.0,335.0,318.0,333.0,0.00 %,3536.0,1147987.0,0.012158054711246091,0.012084739215071827,334.8,309.1,326.02645798577873,316.55714369536133,56.80686743077274,9.469314290417401,5.475341972395595,18.79450509767971,309.1,30.027881780281426,369.1557635605629,249.04423643943716,138088.0
HPPL,2018-05-03,334.0,340.0,328.0,331.0,0.00 %,4369.0,1452210.0,-0.006006006006005982,-0.006024114603380902,332.0,312.15,326.7916182956589,317.6269849031124,55.89011392601142,9.164633392546534,6.213200256425783,18.309183304988302,312.15,28.92508472443631,370.0001694488726,254.29983055112734,133719.0
HPPL,2018-05-06,332.0,332.0,320.0,324.0,0.00 %,1270.0,414090.0,-0.02114803625377648,-0.021374859584733563,329.2,314.95,326.36213855786525,318.09906009547444,52.68536188444776,8.263078462390808,6.623175897618789,17.858527354631995,314.95,27.07781185282278,369.10562370564554,260.79437629435444,132449.0
HPPL,2018-05-07,323.0,330.0,320.0,325.0,0.00 %,1450.0,469450.0,0.0030864197530864335,0.0030816665374081144,328.4,316.7,326.15257877973215,318.610240829143,53.099101629360604,7.542337950589172,6.807008308212866,17.297203972158282,316.7,26.50541156264679,369.7108231252936,263.6891768747064,133899.0
HPPL,2018-05-08,326.0,333.0,321.0,333.0,0.00 %,2230.0,720330.0,0.024615384615384706,0.02431730765070643,329.2,318.5,327.2060281982349,319.67614891587317,56.384916555335906,7.529879282361719,6.951582503042637,16.918832259861265,318.5,26.318894553653685,371.13778910730736,265.86221089269264,136129.0
HPPL,2018-05-09,333.0,331.0,326.0,327.0,0.00 %,1830.0,599540.0,-0.018018018018018056,-0.018182319083190474,328.0,320.35,327.1743315523526,320.2186564035863,53.365201020969394,6.955675148766318,6.952401032187373,16.210344241299747,320.35,25.49772951708329,371.3454590341666,269.35454096583345,134299.0
HPPL,2018-05-10,327.0,329.0,326.0,326.0,0.00 %,2799.0,914522.0,-0.003058103975535187,-0.003062789530545767,327.0,322.55,326.99366515968296,320.6469040773947,52.857111832697534,6.346761082288253,6.831273042207549,15.26674822406405,322.55,23.86028411177789,370.2705682235558,274.8294317764442,131500.0
HPPL,2018-05-14,320.0,331.0,320.0,331.0,0.00 %,5070.0,1645420.0,0.015337423312883347,0.01522099401035517,328.4,324.8,327.6100243658856,321.4138000716618,55.15611576344763,6.196224294223782,6.704263292610796,14.961980493773762,324.8,22.303174189953115,369.40634837990626,280.19365162009376,136570.0
HPPL,2018-05-15,325.0,331.0,322.0,330.0,0.00 %,720.0,234260.0,-0.0030211480362537513,-0.003025720916536956,329.4,326.95,327.9777129249801,322.04981488116834,54.58279982340558,5.9278980438117514,6.548990242850988,14.536124744218494,326.95,20.46428210578823,367.8785642115764,286.02143578842356,135850.0
HPPL,2018-05-16,327.0,328.0,320.0,320.0,0.00 %,2880.0,936970.0,-0.030303030303030276,-0.03077165866675366,326.8,328.7,326.7503724749831,321.89797674182256,49.08790342268758,4.852395733160563,6.209671340912903,14.212115833917172,328.7,18.041180962629248,364.7823619252585,292.6176380747415,132970.0
HPPL,2018-05-17,322.0,327.0,322.0,327.0,0.00 %,545.0,177430.0,0.02187500000000009,0.021639175103481248,326.8,330.75,326.7887767096011,322.27590439057644,52.679101848026626,4.512872319024666,5.870311536535256,13.69696470292309,330.75,15.008331019804269,360.76666203960855,300.73333796039145,133515.0
HPPL,2018-05-20,323.0,328.0,323.0,326.0,0.00 %,600.0,194770.0,-0.003058103975535187,-0.003062789530545767,326.8,332.55,326.6674264465855,322.5517633246078,52.1135715176442,4.115663121977718,5.519381853623749,13.075752938428584,332.55,11.645984173458208,355.8419683469164,309.2580316530836,132915.0
HPPL,2018-05-21,328.0,327.0,323.0,325.0,0.00 %,2130.0,693010.0,-0.0030674846625766694,-0.0030721990369701403,325.6,332.85,326.410899300957,322.73311418945167,51.5179629913513,3.6777851115053295,5.151062505200065,12.427484871397972,332.85,11.352138680953328,355.55427736190666,310.1457226380934,130785.0
HPPL,2018-05-22,326.0,326.0,323.0,325.0,0.00 %,1320.0,429560.0,0.0,0.0,324.6,332.2,326.1938378700405,322.9010316568997,51.51796299071721,3.292806213140807,4.779411246788214,11.754093094869546,332.2,11.413749787451298,355.0274995749026,309.37250042509737,130785.0
HPPL,2018-05-23,325.0,325.0,320.0,324.0,0.00 %,1990.0,644740.0,-0.003076923076923088,-0.003081666537408112,325.4,329.9,325.85632435157277,322.9824367193516,50.84402588846459,2.8738876322211695,4.398306523874806,11.271657873807436,329.9,7.283001116516305,344.4660022330326,315.33399776696734,128795.0
HPPL,2018-05-24,324.0,329.0,322.0,323.0,0.00 %,240.0,77760.0,-0.0030864197530864335,-0.003091192569672858,324.6,328.55,325.41688983594617,322.9837377031033,50.13769254269805,2.4331521328428494,4.005275645668415,10.966539454249762,328.55,5.6890939062125625,339.9281878124251,317.1718121875749,128555.0
HPPL,2018-05-27,323.0,326.0,312.0,312.0,0.00 %,1440.0,458810.0,-0.034055727554179516,-0.03464913541317413,321.8,326.9,323.35275293810827,322.1701275028734,43.05258594159792,1.1826254352348542,3.440745603581703,11.183215207517637,326.9,5.447355708098022,337.79471141619604,316.0052885838039,127115.0
HPPL,2018-05-28,312.0,330.0,300.0,330.0,0.00 %,560.0,174810.0,0.05769230769230771,0.05608946665104358,322.8,326.5,324.37540633224546,322.7501180582161,54.40658119252871,1.6252882740293444,3.077654137671231,12.52727126412352,326.5,4.850393364408266,336.2007867288165,316.7992132711835,127675.0
HPPL,2018-05-29,324.0,324.0,318.0,320.0,0.00 %,2720.0,868500.0,-0.030303030303030276,-0.03077165866675366,321.8,326.05,323.70226689651537,322.5464056094594,48.60832339989216,1.1558612870559841,2.693295567548182,12.489609030971842,326.05,5.020746432241375,336.09149286448275,316.0085071355173,124955.0
HPPL,2018-05-30,316.0,325.0,308.0,312.0,0.00 %,1960.0,619220.0,-0.025000000000000022,-0.025317807984289897,319.4,325.2,321.9019181432053,321.765190379129,44.5205977437624,0.13672776407628362,2.181982006853802,12.811779814473853,325.2,5.863356322827747,336.92671264565547,313.4732873543445,122995.0
HPPL,2018-05-31,310.0,316.0,308.0,312.0,0.00 %,495.0,154415.0,0.0,0.0,317.2,324.15,320.3785461211737,321.04184294363796,44.520597743258406,-0.6632968224642468,1.6129262409901923,12.46808125629715,324.15,6.259939464985828,336.6698789299716,311.63012107002834,122995.0
HPPL,2018-06-03,306.0,314.0,306.0,308.0,0.00 %,680.0,211330.0,-0.012820512820512775,-0.012903404835907841,316.4,323.0,318.47415441022395,320.0757805033685,42.45048896330289,-1.6016260931445458,0.9700157741632447,12.148932595133068,323.0,7.0037583895343065,337.0075167790686,308.9924832209314,122315.0
HPPL,2018-06-04,305.0,308.0,300.0,302.0,0.00 %,290.0,87750.0,-0.01948051948051943,-0.01967276559870478,310.8,321.9,315.93966911634334,318.7368337994153,39.48472082743898,-2.797164683071969,0.21657968271620198,11.852580266909278,321.9,8.422401207808194,338.7448024156164,305.05519758438356,122025.0
HPPL,2018-06-06,305.0,308.0,305.0,308.0,0.00 %,110.0,33730.0,0.019867549668874274,0.019672765598704928,308.4,321.05,314.7181815599828,317.9415127772364,43.71919494011357,-3.2233312172536444,-0.4714024972777673,11.434538819272902,321.05,8.935293710015197,338.9205874200304,303.1794125799696,122135.0
HPPL,2018-06-07,310.0,310.0,295.0,302.0,0.00 %,1960.0,589510.0,-0.01948051948051943,-0.01967276559870478,306.4,319.5,312.7615382430623,316.7606599789226,40.655546498799595,-3.9991217358602853,-1.176946344994271,11.689214617896265,319.5,9.428400545274545,338.3568010905491,300.6431989094509,120175.0
HPPL,2018-06-10,305.0,305.0,300.0,301.0,0.00 %,2366.0,712696.0,-0.0033112582781457123,-0.0033167526259939265,304.2,318.2,310.95207082105276,315.5932036841876,40.150546168207875,-4.641132863134828,-1.8697836486223824,11.211413573760819,318.2,10.107839583840894,338.4156791676818,297.9843208323182,117809.0
HPPL,2018-06-11,302.0,302.0,292.0,302.0,0.00 %,2710.0,812360.0,0.0033222591362125353,0.0033167526259938207,303.0,317.0,309.57482915627537,314.58629970758113,40.94058005348123,-5.011470551305763,-2.4981210291590585,11.124884032777903,317.0,10.548135280454419,338.09627056090886,295.90372943909114,120519.0
HPPL,2018-06-12,302.0,302.0,296.0,300.0,0.00 %,1170.0,348380.0,-0.0066225165562914245,-0.006644542718668613,302.6,315.45,308.10177851684836,313.5058330625751,39.80875626849713,-5.404054545726751,-3.0793077324725973,10.758820887579482,315.45,10.659687958305954,336.7693759166119,294.13062408338806,119349.0
HPPL,2018-06-13,296.0,306.0,296.0,301.0,0.00 %,1035.0,311130.0,0.0033333333333334103,0.0033277900926747457,301.2,314.0,307.009197206564,312.57947505793993,40.6916238003977,-5.57027785137592,-3.577501756253262,10.704619395609518,314.0,10.548135280454552,335.0962705609091,292.9037294390909,120384.0
HPPL,2018-06-14,301.0,310.0,300.0,308.0,0.00 %,5990.0,1813640.0,0.023255813953488413,0.02298951822469878,302.4,313.4,307.1616284055542,312.2402546832777,46.596547457646075,-5.078626277723515,-3.877726660547313,10.654289438780266,313.4,10.530157193810048,334.4603143876201,292.33968561237987,126374.0
HPPL,2018-06-17,302.0,305.0,298.0,299.0,0.00 %,3150.0,944110.0,-0.02922077922077926,-0.02965620958288808,302.0,312.0,305.90599326623817,311.259495077109,40.9511615926452,-5.353501810870853,-4.172881690612021,10.607554478867389,312.0,10.488088481703182,332.9761769634064,291.0238230365936,123224.0
HPPL,2018-06-18,294.0,306.0,294.0,306.0,0.00 %,460.0,137420.0,0.02341137123745818,0.02314152856169433,302.8,311.0,305.92045584066307,310.86990284917505,46.39136178575847,-4.9494470085119815,-4.328194754192014,10.707014873234005,311.0,10.026281254259203,331.0525625085184,290.9474374914816,123684.0
HPPL,2018-06-19,301.0,306.0,297.0,303.0,0.00 %,1940.0,582390.0,-0.009803921568627416,-0.009852296443011594,303.4,309.9,305.47115494209953,310.2869470825695,44.49917761101866,-4.815792140469966,-4.425714231447604,10.585085239431576,309.9,9.607562810511908,329.1151256210238,290.68487437897613,121744.0
HPPL,2018-06-20,301.0,301.0,296.0,297.0,0.00 %,567.0,170019.0,-0.01980198019801982,-0.020000666706669543,302.6,308.5,304.1679003356227,309.30272878015694,40.90562508383671,-5.134828444534264,-4.567537074064936,10.32900772232932,308.5,9.327379053090853,327.1547581061817,289.8452418938183,121177.0
HPPL,2018-06-21,293.0,300.0,293.0,298.0,0.00 %,1780.0,526820.0,0.0033670033670034627,0.0033613477027049274,300.6,307.2,303.2189925916807,308.46548961125643,41.74993494145522,-5.246497019575713,-4.703329063167091,10.091221456448656,307.2,8.853188542466516,324.906377084933,289.49362291506696,122957.0
HPPL,2018-06-24,293.0,298.0,293.0,294.0,0.00 %,650.0,192700.0,-0.01342281879194629,-0.01351371916672282,299.6,305.75,301.80068603911445,307.39397186227444,39.32936662586196,-5.593285823159988,-4.881320415165671,9.727562780988038,305.75,8.496903460737537,322.7438069214751,288.7561930785249,122307.0
HPPL,2018-06-25,296.0,296.0,290.0,292.0,0.00 %,520.0,151760.0,-0.006802721088435382,-0.006825965070399871,296.8,304.75,300.292888186943,306.2536776502541,38.13872144439411,-5.960789463311073,-5.097214224794752,9.46130829663175,304.75,8.890414708226636,322.5308294164533,286.9691705835467,121787.0
HPPL,2018-06-26,287.0,288.0,287.0,287.0,0.00 %,970.0,278860.0,-0.017123287671232834,-0.017271586508660595,293.6,302.6,298.2478284658748,304.8274793057908,35.26445347126135,-6.579650839915985,-5.393701547818998,9.14264341830091,302.6,7.563068160478538,317.7261363209571,287.47386367904295,120817.0
HPPL,2018-06-27,282.0,290.0,280.0,290.0,0.00 %,100.0,28270.0,0.010452961672473782,0.010398707220898517,292.2,301.1,296.9789317788172,303.7291475053618,38.27046119299075,-6.7502157265446385,-5.665004383564127,9.203883174136559,301.1,6.874054958973859,314.84810991794774,287.3518900820523,120917.0
HPPL,2018-06-28,285.0,290.0,285.0,288.0,0.00 %,250.0,71780.0,-0.006896551724137945,-0.006920442844573795,290.2,299.9,295.59755765899916,302.5640254679276,37.0357597498296,-6.966467808928428,-5.925297068636987,8.903605804555378,299.9,6.965327664491541,313.8306553289831,285.96934467101687,120667.0
HPPL,2018-07-01,285.0,291.0,278.0,279.0,0.00 %,570.0,160040.0,-0.03125,-0.0317486983145803,287.2,298.25,293.04408724992237,300.818542099933,32.02818156617248,-7.774454850010613,-6.295128624911713,9.19620538994428,298.25,7.80603680021843,313.8620736004369,282.6379263995631,120097.0
HPPL,2018-07-02,278.0,281.0,273.0,281.0,0.00 %,250.0,69310.0,0.007168458781362075,0.007142887512380204,285.0,296.9,291.1911507499343,299.3505019443824,34.15866080141335,-8.159351194448107,-6.667973138818992,9.110762147805403,296.9,8.347076387009777,313.5941527740195,280.20584722598045,120347.0
HPPL,2018-07-03,279.0,285.0,269.0,272.0,0.00 %,262.0,72028.0,-0.03202846975088969,-0.03255260303774846,282.0,295.4,288.2386660191752,297.3245388373911,29.65429891293877,-9.085872818215933,-7.151553074698381,9.602850565819303,295.4,9.928163025085901,315.25632605017177,275.5436739498282,120085.0
HPPL,2018-07-04,270.0,280.0,270.0,278.0,0.00 %,410.0,112960.0,0.022058823529411686,0.021819047394639673,279.6,293.9,286.66348663160977,295.8930915161029,35.73815655736372,-9.229604884493142,-7.567163436657333,9.631218382546495,293.9,10.187195265060629,314.27439053012125,273.5256094698787,120495.0
HPPL,2018-07-05,280.0,300.0,276.0,287.0,0.00 %,955.0,273670.0,0.03237410071942448,0.031861102068984064,279.4,293.15,286.7152579190544,295.23434399639154,43.6154582491811,-8.519086077337136,-7.757547964793294,10.657559926650316,293.15,10.111353701867216,313.3727074037344,272.92729259626554,121450.0
HPPL,2018-07-08,282.0,286.0,277.0,282.0,0.00 %,1400.0,392320.0,-0.017421602787456414,-0.017575144821507488,280.0,292.2,285.98983362381523,294.25402221888106,40.63529602556927,-8.264188595065832,-7.858876090847802,10.610591360461008,292.2,10.226899514724135,312.65379902944824,271.74620097055174,120050.0
HPPL,2018-07-09,284.0,284.0,273.0,279.0,0.00 %,400.0,111270.0,-0.010638297872340385,-0.010695289116747919,279.6,291.05,284.9144746047667,293.1240946471121,38.91708802840269,-8.209620042345364,-7.929024881147314,10.638406263285223,291.05,10.359206431710493,311.768412863421,270.331587136579,119650.0
HPPL,2018-07-10,274.0,282.0,273.0,277.0,0.00 %,2920.0,806420.0,-0.007168458781361964,-0.007194275634027085,280.6,289.9,283.6968631271103,291.92971726584454,37.77047165111301,-8.23285413873424,-7.9897907326647,10.521377244479135,289.9,10.587480193235855,311.0749603864717,268.7250396135283,116730.0
HPPL,2018-07-11,277.0,282.0,272.0,278.0,0.00 %,1297.0,361234.0,0.0036101083032491488,0.003603607503298618,280.6,288.75,282.8204226460164,290.8978863572635,38.742307961111855,-8.077463711247049,-8.00732532838117,10.484136012730625,288.75,10.56745251381033,309.8849050276207,267.6150949723793,118027.0
HPPL,2018-07-12,275.0,280.0,269.0,270.0,0.00 %,2580.0,706140.0,-0.02877697841726623,-0.029199154692262353,277.2,286.85,280.84804993124465,289.34989477524397,34.14784659215961,-8.501844843999322,-8.1062292315048,10.520983440392724,286.85,10.337845647505,307.52569129501,266.17430870499004,115447.0
HPPL,2018-07-15,270.0,272.0,270.0,272.0,0.00 %,230.0,62440.0,0.007407407407407307,0.00738010729762246,275.2,285.5,279.48681148028396,288.06471738448516,36.185331155229434,-8.577905904201202,-8.200564566044081,9.912341766078958,285.5,10.43021925389256,306.36043850778515,264.63956149221485,115677.0
HPPL,2018-07-16,270.0,284.0,269.0,280.0,0.00 %,530.0,146140.0,0.02941176470588225,0.028987536873252187,275.4,284.2,279.56576356024027,287.46733091156034,43.690350936239106,-7.901567351320068,-8.140765123099278,10.275745925644747,284.2,9.299688732768303,302.7993774655366,265.60062253446335,116207.0
HPPL,2018-07-17,279.0,280.0,273.0,279.0,0.00 %,260.0,71540.0,-0.0035714285714285587,-0.0035778213478839666,275.8,283.0,279.478723012511,286.84012121440776,43.00944077695949,-7.361398201896748,-7.984891738858773,10.04176407381298,283.0,8.233436322962225,299.46687264592447,266.53312735407553,115947.0
HPPL,2018-07-18,275.0,280.0,275.0,276.0,0.00 %,120.0,33330.0,-0.010752688172043001,-0.010810916104215617,275.4,281.95,278.9435348567401,286.0371492725998,40.947674368359834,-7.09361441585969,-7.806636274258956,9.681638068540625,281.95,7.6741191848460515,297.2982383696921,266.60176163030786,115827.0
HPPL,2018-07-19,273.0,277.0,272.0,276.0,0.00 %,350.0,95870.0,0.0,0.0,276.6,280.85,278.4906833403185,285.2936567338887,40.9476743676552,-6.802973393570198,-7.605903698121205,9.347235349359153,280.85,6.776701573080504,294.40340314616105,267.296596853839,115827.0
HPPL,2018-07-22,275.0,278.0,271.0,274.0,0.00 %,340.0,93320.0,-0.007246376811594235,-0.007272759329079809,277.0,279.85,277.7998089802695,284.4570895684155,39.484226012738674,-6.657280588145966,-7.4161790761261575,9.179575681547785,279.85,6.183807377682214,292.2176147553645,267.48238524463557,115487.0
HPPL,2018-07-23,270.0,276.0,270.0,274.0,0.00 %,210.0,57500.0,0.0,0.0,275.8,278.95,277.21522298330495,283.68249034112546,39.484226011978826,-6.4672673578205035,-7.226396732465028,8.952463132865802,278.95,5.605213738359935,290.16042747671986,267.7395725232801,115487.0
HPPL,2018-07-24,274.0,279.0,270.0,273.0,0.00 %,420.0,115000.0,-0.0036496350364964014,-0.0036563112031105433,274.6,278.25,276.56672713971955,282.89119476030135,38.68254323996538,-6.3244676205818,-7.046010910088382,8.955858623375388,278.25,5.418049755951199,289.0860995119024,267.4139004880976,115067.0
HPPL,2018-07-25,270.0,275.0,270.0,273.0,0.00 %,350.0,95260.0,0.0,0.0,274.0,277.4,276.017999887455,282.1585136669457,38.68254323911956,-6.140513779490675,-6.864911483968841,8.67329729313429,277.4,4.7727295511572905,286.94545910231454,267.8545408976854,115067.0
HPPL,2018-07-26,271.0,278.0,271.0,278.0,0.00 %,1440.0,395340.0,0.01831501831501825,0.01814931850567727,274.4,276.9,276.3229229816927,281.8504756175423,45.14149791723715,-5.527552635849588,-6.597439714344992,8.553776057910412,276.9,4.076892521473738,285.0537850429474,268.74621495705253,116507.0
HPPL,2018-07-29,275.0,277.0,273.0,277.0,0.00 %,1140.0,312880.0,-0.003597122302158251,-0.0036036075032985443,275.0,276.8,276.42708867681694,281.491181127354,44.14005623150099,-5.064092450537089,-6.290770261583412,8.29993491091681,276.8,4.047091223149127,284.89418244629826,268.70581755370176,115367.0
HPPL,2018-07-30,273.0,277.0,273.0,274.0,0.00 %,370.0,101570.0,-0.010830324909747335,-0.01088939979926832,275.0,276.45,276.05369041884506,280.9362788216241,41.18798912021506,-4.882588402779049,-6.00913388982254,7.992796702994181,276.45,3.9666371810875,284.383274362175,268.516725637825,114997.0
HPPL,2018-07-31,274.0,276.0,270.0,276.0,0.00 %,660.0,179150.0,0.007299270072992803,0.007272759329079878,275.6,276.65,276.04543035440736,280.57062853854086,43.882530441254815,-4.525198184133501,-5.712346748684733,7.8504540813517405,276.65,3.828906673694106,284.30781334738816,268.9921866526118,115657.0
HPPL,2018-08-01,281.0,281.0,271.0,273.0,0.00 %,1170.0,320390.0,-0.010869565217391353,-0.010929070532190317,275.6,276.4,275.57690260757545,280.0098412393897,40.85855820713468,-4.432938631814238,-5.456465125310634,8.003993075540901,276.4,3.8987177379325684,284.1974354758651,268.60256452413483,114487.0
HPPL,2018-08-02,271.0,275.0,270.0,270.0,0.00 %,260.0,70580.0,-0.01098901098901095,-0.011049836186584935,274.0,275.55,274.7189175910254,279.2683715179534,38.035862344029944,-4.549453926928038,-5.2750628856341155,7.789422141573693,275.55,3.2682684937806696,282.0865369875614,269.01346301243865,114227.0
HPPL,2018-08-05,270.0,271.0,269.0,270.0,0.00 %,260.0,70150.0,0.0,0.0,272.6,274.95,273.9929302693292,278.5818254795865,38.03586234308667,-4.588895210257306,-5.137829350558754,7.3758919886041445,274.95,3.1199696354912527,281.1899392709825,268.71006072901747,114227.0
HPPL,2018-08-06,266.0,272.0,266.0,272.0,0.00 %,950.0,253880.0,0.007407407407407307,0.00738010729762246,272.2,274.6,273.68632561250934,278.09428285146896,41.17781961943229,-4.407957238959625,-4.9918549282389275,7.277613989418135,274.6,3.033150177632496,280.66630035526504,268.533699644735,115177.0
HPPL,2018-08-07,267.0,270.0,266.0,270.0,0.00 %,740.0,197780.0,-0.007352941176470562,-0.007380107297622534,271.0,274.25,273.1191985952002,277.49470634395277,39.045671158173974,-4.375507748752568,-4.868585492341656,7.18635584731684,274.25,3.1434978841158534,280.5369957682317,267.9630042317683,114437.0
HPPL,2018-08-08,266.0,270.0,259.0,260.0,0.00 %,1760.0,463220.0,-0.03703703703703709,-0.037740327982847086,268.4,273.35,271.1008603497848,276.19880217032664,30.532809894064542,-5.097941820541848,-4.914456757981695,7.4587590010799225,273.35,4.35618133111411,282.0623626622282,264.6376373377718,112677.0
HPPL,2018-08-09,260.0,261.0,254.0,254.0,0.00 %,1500.0,387550.0,-0.023076923076923106,-0.023347363996991177,265.2,272.55,268.4699587575102,274.55444645400615,26.762589564809872,-6.084487696495955,-5.148462945684547,7.425990501002786,272.55,6.11705983726708,284.78411967453417,260.31588032546586,111177.0
HPPL,2018-08-12,255.0,256.0,244.0,256.0,0.00 %,2090.0,517440.0,0.007874015748031482,0.007843177461025879,262.4,271.75,266.5515035640471,273.18004301296867,29.871155399046984,-6.628539448921572,-5.444478246331952,7.752705465216872,271.75,7.151554854867618,286.0531097097352,257.4468902902648,113267.0
HPPL,2018-08-13,256.0,256.0,248.0,254.0,0.00 %,330.0,82770.0,-0.0078125,-0.007843177461025893,258.8,270.45,264.62050301573214,271.75929908608214,28.565428024689723,-7.138796070349997,-5.783341811135562,7.770369360558524,270.45,7.897201369710733,286.24440273942145,254.65559726057853,112937.0
HPPL,2018-08-14,259.0,259.0,247.0,249.0,0.00 %,500.0,124890.0,-0.019685039370078705,-0.019881370553828933,254.6,268.95,262.2173487056195,270.07342507970566,25.557648040401716,-7.856076374086172,-6.197888723725685,8.072485834804343,268.95,8.964696842267609,286.8793936845352,251.02060631546476,112437.0
HPPL,2018-08-15,249.0,265.0,247.0,260.0,0.00 %,860.0,215880.0,0.04417670682730934,0.043228734550820214,254.6,268.15,261.87621813552414,269.3272454441719,40.420702558627504,-7.451027308647781,-6.4485164407101045,8.781593989461175,268.15,9.016213465931111,286.1824269318622,250.11757306813774,113297.0
HPPL,2018-08-16,270.0,275.0,257.0,270.0,0.00 %,2310.0,618470.0,0.03846153846153855,0.03774032798284711,257.8,267.85,263.12603073005886,269.377079114974,50.1624462717338,-6.251048384915123,-6.409022829551109,9.44005156164252,267.85,8.839355775530011,285.52871155106004,250.17128844894,115607.0
HPPL,2018-08-20,265.0,265.0,248.0,250.0,0.00 %,520.0,131260.0,-0.07407407407407407,-0.07696104113612832,256.6,266.65,261.1066413869729,267.9417399212722,37.09765536280912,-6.835098534299277,-6.494237970500743,10.33719073581091,266.65,9.560197091123912,285.7703941822478,247.52960581775216,115087.0
HPPL,2018-08-21,246.0,253.0,246.0,251.0,0.00 %,590.0,147380.0,0.0040000000000000036,0.003992021269537457,256.0,265.5,259.5517734812848,266.68679622340017,37.96761069166116,-7.135022742115382,-6.622394924823672,10.098819968967275,265.5,10.002631232782221,285.50526246556444,245.49473753443556,115677.0
HPPL,2018-08-23,245.0,255.0,245.0,255.0,0.00 %,380.0,94860.0,0.015936254980079667,0.015810606026642245,257.2,264.6,258.85150063801024,265.8211076142594,41.45548636720508,-6.9696069762491675,-6.691837335108771,10.091761399755326,264.6,10.101589244432883,284.8031784888658,244.39682151113425,116057.0
HPPL,2018-08-26,254.0,254.0,246.0,250.0,0.00 %,140.0,34890.0,-0.019607843137254943,-0.019802627296179754,255.2,263.45,257.4897313090856,264.64917371690683,38.53851504131698,-7.1594424078212455,-6.785358349651267,10.013778442629945,263.45,10.399772264717168,284.24954452943433,242.65045547056565,115917.0
HPPL,2018-08-28,250.0,250.0,242.0,248.0,0.00 %,530.0,129870.0,-0.008000000000000007,-0.008032171697264267,250.8,261.95,256.02977264614935,263.41590158972855,37.404753763426505,-7.386128943579195,-6.905512468436853,9.869937125299234,261.95,10.354124527787455,282.6582490555749,241.24175094442506,115387.0
HPPL,2018-08-29,245.0,248.0,244.0,246.0,0.00 %,1240.0,303840.0,-0.008064516129032251,-0.008097210232619362,250.0,260.4,254.4867307005879,262.1258348053042,36.256091608515874,-7.639104104716267,-7.052230795692736,9.450655902063575,260.4,10.302784498432564,281.0055689968651,239.79443100313486,114147.0
HPPL,2018-08-30,250.0,250.0,245.0,245.0,0.00 %,390.0,95700.0,-0.004065040650406471,-0.004073325387635786,248.8,258.95,253.02723366972822,260.8572544493557,35.66632716008134,-7.830020779627489,-7.207788792479687,9.132751909059035,258.95,10.32867750234559,279.60735500469116,238.29264499530882,113757.0
HPPL,2018-09-02,241.0,245.0,241.0,243.0,0.00 %,200.0,48510.0,-0.008163265306122436,-0.008196767204178515,246.4,257.3,251.48458233592388,259.53449486051454,34.459026906648475,-8.049912524590667,-7.376213538901884,8.766126772697676,257.3,10.09481367623932,277.48962735247864,237.11037264752136,113557.0
HPPL,2018-09-03,241.0,249.0,241.0,246.0,0.00 %,430.0,105350.0,0.012345679012345734,0.012270092591814401,245.6,255.95,250.64080043808943,258.5319396856616,37.85703801750365,-7.89113924757217,-7.479198680635942,8.7114034317907,255.95,9.681642966274438,275.31328593254887,236.5867140674511,113987.0
HPPL,2018-09-04,243.0,260.0,243.0,247.0,0.00 %,340.0,85890.0,0.004065040650406582,0.004056800695614469,245.4,254.8,250.08067729376796,257.67772193116815,38.9924639862214,-7.597044637400188,-7.502767871988792,9.30344604380565,254.8,9.282694708581591,273.3653894171632,236.23461058283684,114327.0
HPPL,2018-09-05,247.0,271.0,247.0,271.0,0.00 %,1430.0,369250.0,0.09716599190283404,0.09273048425172373,250.4,254.85,253.29903463318828,258.6645573436742,58.56142019314116,-5.365522710485891,-7.0753188396882125,10.35319989781953,254.85,9.371148331593549,273.5922966631871,236.1077033368129,115757.0
HPPL,2018-09-09,266.0,266.0,251.0,252.0,0.00 %,220.0,56050.0,-0.07011070110701112,-0.07268973336827765,251.8,253.85,253.0991831511593,258.17088642932794,45.985673738712684,-5.071703278168627,-6.674595727384296,11.04225704797528,253.85,8.468362173102616,270.78672434620523,236.91327565379476,115537.0
HPPL,2018-09-10,252.0,255.0,248.0,249.0,0.00 %,1010.0,252150.0,-0.011904761904761862,-0.01197619104671565,253.0,252.8,252.4685395894425,257.491561508637,44.365650072258525,-5.023021919194491,-6.344280965746335,10.753524401691331,252.8,7.6199184966006515,268.03983699320133,237.56016300679872,114527.0
HPPL,2018-09-11,248.0,263.0,248.0,250.0,0.00 %,330.0,83730.0,0.004016064257028162,0.004008021397538868,253.8,252.3,252.0887642679898,256.9366310265157,45.060430357517006,-4.8478667585259245,-6.0449981243022535,11.056844087284809,252.3,7.448772417413246,267.1975448348265,237.4024551651735,114857.0
HPPL,2018-09-12,250.0,260.0,248.0,260.0,0.00 %,570.0,143670.0,0.040000000000000036,0.03922071315328133,256.4,252.6,253.30587745752982,257.1635472467738,51.573321707644276,-3.8576697892439995,-5.607532457290604,11.124212366764466,252.6,7.639233910343515,267.87846782068704,237.32153217931295,115427.0
HPPL,2018-09-13,255.0,260.0,252.0,252.0,0.00 %,780.0,200390.0,-0.03076923076923077,-0.031252543504104426,252.6,252.4,253.10497323329446,256.7810622655313,46.794128242132665,-3.6760890322368596,-5.2212437722798555,10.901054340567004,252.4,7.597783610341514,267.59556722068305,237.204432779317,114647.0
HPPL,2018-09-16,248.0,262.0,248.0,254.0,0.00 %,530.0,135650.0,0.007936507936507908,0.007905179507113247,253.0,252.4,253.24266965894145,256.57505765326977,48.0892526277756,-3.3323879943283146,-4.843472616689548,11.122407601955075,252.4,7.597783610341514,267.59556722068305,237.204432779317,115177.0
HPPL,2018-09-17,259.0,263.0,252.0,252.0,0.00 %,460.0,118460.0,-0.007874015748031482,-0.007905179507113261,253.6,252.55,253.051489711412,256.2361644937683,46.86083339003127,-3.1846747823562964,-4.511713049822898,11.113664201815428,252.55,7.5566283208219,267.6632566416438,237.4367433583562,114717.0
HPPL,2018-09-18,255.0,270.0,250.0,270.0,0.00 %,680.0,173800.0,0.0714285714285714,0.06899287148695142,257.6,253.05,255.65895283273323,257.25570786460025,57.40640395020281,-1.5967550318670192,-3.9287214462317226,11.748402473114327,253.05,8.363297007891374,269.77659401578273,236.32340598421726,115397.0
HPPL,2018-09-20,271.0,271.0,255.0,257.0,0.00 %,2150.0,563020.0,-0.04814814814814816,-0.049345874103154976,257.0,252.4,255.8652677815435,257.2367665412965,49.73043619008872,-1.3714987597529955,-3.4172769089359774,12.052088010749017,252.4,7.429670248409444,267.2593404968189,237.54065950318113,113247.0
HPPL,2018-09-23,257.0,259.0,254.0,257.0,0.00 %,850.0,217060.0,0.0,0.0,258.0,252.75,256.03984196899836,257.2192282789782,49.730436189537855,-1.1793863099798614,-2.9696987891447546,11.54836743855266,252.75,7.475398246747018,267.700796493494,237.79920350650596,113247.0
HPPL,2018-09-25,257.0,267.0,254.0,267.0,0.00 %,710.0,185870.0,0.03891050583657596,0.03817257350502981,260.6,253.55,257.726020127614,257.9437298879428,55.08793229110402,-0.21770976032883027,-2.4193009833815697,11.652055478656042,253.55,8.107663691003387,269.7653273820068,237.33467261799325,113957.0
HPPL,2018-09-26,262.0,271.0,255.0,270.0,0.00 %,1970.0,521000.0,0.011235955056179803,0.011173300598125255,264.2,254.3,259.61432472336566,258.8367869332804,56.58287232887063,0.7775377900852618,-1.7799332286882035,11.962622944466323,254.3,8.903577045807161,272.10715409161435,236.49284590838568,115927.0
HPPL,2018-09-27,266.0,266.0,254.0,255.0,0.00 %,2590.0,661780.0,-0.05555555555555558,-0.05715841383994864,261.2,254.55,258.9044286120786,258.5525804937782,47.98281855923817,0.3518481183004383,-1.3535769592904752,12.251007019861586,254.55,8.84649796902068,272.24299593804136,236.85700406195866,113337.0
HPPL,2018-09-30,250.0,256.0,250.0,255.0,0.00 %,1517.0,385470.0,0.0,0.0,260.8,254.9,258.30374728714344,258.28942638312793,47.98281855871457,0.014320904015505675,-1.0799973866292791,11.804506518442901,254.9,8.711154373928455,272.32230874785694,237.4776912521431,113337.0
HPPL,2018-10-01,252.0,255.0,252.0,254.0,0.00 %,420.0,106730.0,-0.0039215686274509665,-0.00392927813988955,260.2,255.3,257.6416323198906,257.97169109548884,47.42549657822898,-0.33005877559821784,-0.9300096644230669,11.175613195696979,255.3,8.461056298377114,272.22211259675424,238.37788740324578,112917.0
HPPL,2018-10-02,254.0,254.0,251.0,253.0,0.00 %,550.0,138850.0,-0.003937007874015741,-0.003944778291016341,257.4,255.7,256.92753503990747,257.6034176810082,46.8396035763929,-0.6758826411007135,-0.8791842597585963,10.591640824575766,255.7,8.13116163126648,271.96232326253295,239.43767673746703,112367.0
HPPL,2018-10-03,250.0,257.0,249.0,252.0,0.00 %,1710.0,428470.0,-0.0039525691699604515,-0.003960401216096905,253.8,256.15,256.1694527260755,257.18834970463723,46.224618687897646,-1.0188969785617132,-0.9071268035192197,10.406523622820353,256.15,7.62457936717896,271.3991587343579,240.90084126564204,110657.0
HPPL,2018-10-04,252.0,252.0,249.0,252.0,0.00 %,150.0,37620.0,0.0,0.0,253.2,256.45,255.52799846052545,256.80402750429374,46.224618687244046,-1.2760290437682897,-0.9809072515690338,9.877486221190328,256.45,7.315988259327732,271.08197651865544,241.81802348134454,110657.0
HPPL,2018-10-07,247.0,252.0,244.0,251.0,0.00 %,430.0,107340.0,-0.003968253968253954,-0.003976148379639406,252.4,256.65,254.8313833127523,256.37409954101275,45.531303546520654,-1.5427162282604456,-1.093269046907316,9.743380062533875,256.65,7.09540251445962,270.8408050289192,242.45919497108073,110227.0
HPPL,2018-10-08,246.0,252.0,246.0,249.0,0.00 %,465.0,115575.0,-0.007968127490039834,-0.008000042667076265,251.4,255.55,253.9342474184827,255.8278699453822,44.10643759746282,-1.8936225268994917,-1.2533397429057513,9.475995772352885,255.55,6.4275312441739905,268.405062488348,242.69493751165203,109762.0
HPPL,2018-10-09,253.0,253.0,245.0,247.0,0.00 %,930.0,231250.0,-0.008032128514056214,-0.008064559836730408,250.2,255.3,252.8674401233315,255.17395365313166,42.6684489315994,-2.3065135298001564,-1.4639745002846323,9.370567502899107,255.3,6.665701684553904,268.63140336910783,241.9685966308922,108832.0
HPPL,2018-10-10,243.0,244.0,240.0,243.0,0.00 %,1230.0,298080.0,-0.01619433198380571,-0.01632689328742878,248.4,255.0,251.34937241204975,254.27217930845524,39.86881356063872,-2.92280689640549,-1.755740979508804,9.201241252692029,255.0,7.085938633370047,269.17187726674007,240.8281227332599,107602.0
HPPL,2018-10-11,239.0,246.0,238.0,244.0,0.00 %,280.0,67440.0,0.004115226337448652,0.004106781952653502,246.8,254.7,250.21869973327287,253.51127713745856,40.91260599309532,-3.2925774041856926,-2.063108264444182,9.11543830607117,254.7,7.427544752657412,269.5550895053148,239.84491049468517,107882.0
HPPL,2018-10-14,248.0,248.0,240.0,240.0,0.00 %,200.0,48980.0,-0.016393442622950838,-0.016529301951210582,244.6,253.7,248.64659208200013,252.5104417939431,38.066189474933516,-3.8638497119429758,-2.423256553943941,9.0357641413518,253.7,8.00065786769362,269.70131573538725,237.69868426461275,107682.0
HPPL,2018-10-15,243.0,244.0,240.0,244.0,0.00 %,210.0,50940.0,0.016666666666666607,0.016529301951210506,243.6,253.3,247.93173176169242,251.88003869809546,42.383126182587546,-3.9483069364030428,-2.7282666304357615,8.676066702683816,253.3,8.285053123743792,269.87010624748757,236.72989375251242,107892.0
HPPL,2018-10-21,243.0,243.0,240.0,241.0,0.00 %,80.0,19390.0,-0.012295081967213073,-0.012371291802546829,242.4,252.65,246.8653114906628,251.07410990564395,40.12420898930606,-4.208798414981146,-3.0243729873448384,8.3420619382064,252.65,8.725491993372952,270.1009839867459,235.1990160132541,107812.0
HPPL,2018-10-22,237.0,242.0,235.0,242.0,0.00 %,1207.0,289527.0,0.004149377593360981,0.004140792666031387,242.2,252.15,246.11680203056082,250.40195361633698,41.24827387877241,-4.285151585776163,-3.2765287070311038,8.246200371191659,252.15,9.045353561510568,270.24070712302114,234.05929287697887,109019.0
HPPL,2018-10-23,238.0,242.0,235.0,238.0,0.00 %,770.0,182410.0,-0.016528925619834656,-0.016667052485211647,241.0,250.55,244.86806325662837,249.48329038549718,38.16212190572696,-4.61522712886881,-3.5442683913986452,8.157186058963683,250.55,8.537687348647774,267.62537469729557,233.47462530270445,108249.0
HPPL,2018-10-24,235.0,242.0,235.0,240.0,0.00 %,1370.0,330200.0,0.008403361344537785,0.00836824967051658,241.0,249.7,244.11913044791632,248.7808244310159,40.55691266770624,-4.661693983099582,-3.767753509738833,8.07452991189485,249.7,8.706319543877507,267.112639087755,232.28736091224496,109619.0
HPPL,2018-10-25,238.0,249.0,238.0,249.0,0.00 %,430.0,103360.0,0.03750000000000009,0.0368139731227164,242.0,249.3,244.87003345592922,248.79705965834808,49.95010770265784,-3.9270262024188582,-3.7996080482748384,8.283492061045218,249.3,8.53537530393663,266.3707506078733,232.22924939212675,110049.0
HPPL,2018-10-28,245.0,245.0,236.0,240.0,0.00 %,160.0,38170.0,-0.03614457831325302,-0.036813973122716316,241.8,247.95,244.12079753963243,248.14542560958154,42.686002128322365,-4.024628069949102,-3.8446120526096914,8.620385485256273,247.95,7.680974444766648,263.3119488895333,232.5880511104667,109889.0
HPPL,2018-10-29,237.0,245.0,233.0,245.0,0.00 %,400.0,94000.0,0.02083333333333326,0.02061928720273561,242.4,246.7,244.25605945661204,247.9124311199829,47.2736065503349,-3.6563716633708623,-3.806963974761926,8.861786522023683,246.7,5.676359099958904,258.0527181999178,235.3472818000822,110289.0
HPPL,2018-10-30,245.0,245.0,233.0,237.0,0.00 %,1230.0,292740.0,-0.03265306122448974,-0.03319806940959574,242.2,245.8,243.13974261713327,247.10410288887303,41.5438442336875,-3.964360271739764,-3.8384432341574937,9.08594462759342,245.8,5.717931168019927,257.2358623360399,234.36413766396015,109059.0
HPPL,2018-10-31,233.0,234.0,230.0,230.0,0.00 %,970.0,224770.0,-0.029535864978902926,-0.029980832211935784,240.2,244.55,241.1182437529589,245.83713230451207,37.28541364777821,-4.718888551553164,-4.014532297636627,8.93694858276532,244.55,6.303507795380747,257.1570155907615,231.9429844092385,108089.0
HPPL,2018-11-01,230.0,230.0,226.0,228.0,0.00 %,340.0,77100.0,-0.008695652173912993,-0.008733679968754553,236.0,243.25,239.10005240634985,244.5158632449186,36.14539359989689,-5.415810838568746,-4.294788005823051,8.584309398282084,243.25,6.904422686343199,257.0588453726864,229.4411546273136,107749.0
HPPL,2018-11-04,225.0,230.0,225.0,230.0,0.00 %,250.0,56580.0,0.00877192982456143,0.008733679968754631,234.0,242.1,237.7000443438345,243.44061411566537,38.18093816990734,-5.740569771830877,-4.583944359024617,8.328287298404792,242.1,7.107446058451469,256.3148921169029,227.88510788309705,107999.0
HPPL,2018-11-05,226.0,227.0,222.0,227.0,0.00 %,580.0,130790.0,-0.013043478260869601,-0.013129291441792736,230.4,240.85,236.05388367555227,242.2227908478383,36.31110118314118,-6.168907172286026,-4.900936921676899,8.304838205661593,240.85,7.464124723961377,255.77824944792275,225.92175055207724,107419.0
HPPL,2018-11-14,210.0,210.0,200.0,205.0,0.00 %,1869.0,377719.0,-0.09691629955947134,-0.10194003834299448,224.0,238.5,231.27636311008268,239.46554708133175,26.1840991556318,-8.189183971249065,-5.558586331591332,9.640206905257193,238.5,10.53565375285832,259.5713075057166,217.42869249428335,105550.0
HPPL,2018-11-15,205.0,208.0,202.0,207.0,0.00 %,201.0,41403.0,0.009756097560975618,0.009708814126960903,219.4,236.3,227.5415380162238,237.06069174197384,28.1460324128886,-9.519153725750044,-6.350699810423075,9.38019212631025,236.3,12.243580487668428,260.78716097533686,211.81283902466316,105751.0
HPPL,2018-11-18,207.0,210.0,205.0,205.0,0.00 %,1650.0,339260.0,-0.009661835748792313,-0.009708814126960938,214.8,234.1,224.0736090906509,234.68582568701282,27.36281950868363,-10.612216596361918,-7.203003167610843,9.067321260145233,234.1,13.707086142810908,261.51417228562184,206.68582771437818,104101.0
HPPL,2018-11-19,205.0,207.0,202.0,202.0,0.00 %,400.0,81470.0,-0.014634146341463428,-0.014742281737203431,209.2,231.85,220.67766923055075,232.26465341390076,26.18574610746964,-11.586984183350012,-8.079799370758678,8.776798312992003,231.85,15.100627383276063,262.0512547665521,201.64874523344787,103701.0
HPPL,2018-11-20,202.0,202.0,195.0,199.0,0.00 %,970.0,192760.0,-0.014851485148514865,-0.014962872676712377,203.6,229.65,217.3426431950814,229.80060501287107,25.02636770777748,-12.45796181778968,-8.955431860164879,8.64988414777829,229.65,16.52836477409038,262.70672954818076,196.59327045181925,102731.0
HPPL,2018-11-21,199.0,199.0,190.0,190.0,0.00 %,1510.0,291340.0,-0.045226130653266305,-0.046280752564006225,200.6,226.95,213.1360827035304,226.8524120489547,21.894513797960485,-13.716329345424299,-9.907611357216764,8.674892422936983,226.95,18.368952638971106,263.6879052779422,190.21209472205777,101221.0
HPPL,2018-11-22,190.0,193.0,188.0,188.0,0.00 %,2400.0,458080.0,-0.010526315789473717,-0.010582109330536972,196.8,224.35,209.26899305683344,223.97445560088397,21.257871311981205,-14.705462544050533,-10.867181594583519,8.412400107012914,224.35,20.029649075942352,264.4092981518847,184.2907018481153,98821.0
HPPL,2018-11-25,188.0,188.0,181.0,181.0,0.00 %,1700.0,309290.0,-0.037234042553191515,-0.037944931564123485,192.0,221.2,204.919917201936,220.7911625934111,19.158128419635858,-15.8712453914751,-11.867994353961835,8.31151438508342,221.2,21.66394044927221,264.5278808985444,177.87211910145555,97121.0
HPPL,2018-11-26,181.0,181.0,175.0,176.0,0.00 %,1365.0,242215.0,-0.027624309392265234,-0.028013036227674006,186.8,217.95,200.4706991708689,217.47329869760287,17.805272290683163,-17.002599526733974,-12.894915388516264,8.146406214720319,217.95,23.347433083298267,264.6448661665965,171.25513383340345,95756.0
HPPL,2018-11-27,176.0,181.0,175.0,178.0,0.00 %,6230.0,1104500.0,0.011363636363636465,0.011299555253933466,182.6,214.75,197.01366852919676,214.5493506459286,20.231733550653985,-17.535682116731834,-13.823068734159378,7.993091485097439,214.75,24.24626938206196,263.24253876412394,166.25746123587606,101986.0
HPPL,2018-11-28,178.0,184.0,178.0,180.0,0.00 %,6710.0,1210030.0,0.011235955056179803,0.011173300598125255,180.6,211.85,194.39618106316647,211.99013948697095,22.68956557108099,-17.59395842380448,-14.5772466720884,7.85072780759048,211.85,24.78173138677898,261.41346277355797,162.28653722644202,108696.0
HPPL,2018-11-29,180.0,183.0,175.0,176.0,0.00 %,5510.0,986930.0,-0.022222222222222254,-0.02247285585205863,178.2,208.65,191.56599936114088,209.3242032286768,21.27749250499393,-17.75820386753591,-15.213438111177902,7.861390107048303,208.65,25.08569523181115,258.8213904636223,158.4786095363777,103186.0
HPPL,2018-12-02,176.0,176.0,165.0,170.0,0.00 %,1600.0,270050.0,-0.03409090909090906,-0.034685557987889984,176.0,204.7,188.24815330558076,206.41129928581182,19.333813856129254,-18.163145980231064,-15.803379684988537,8.085576527973425,204.7,24.613004692644907,253.9260093852898,155.47399061471017,101586.0
HPPL,2018-12-03,170.0,174.0,170.0,170.0,0.00 %,1640.0,280680.0,0.0,0.0,174.8,201.2,185.4407451047222,203.71416600538132,19.333813855812252,-18.27342090065912,-16.297387928122653,7.79374963311818,201.2,24.304212327131076,249.80842465426213,152.59157534573785,101586.0
HPPL,2018-12-04,170.0,175.0,170.0,175.0,0.00 %,938.0,161580.0,0.02941176470588225,0.028987536873252187,174.2,197.7,183.83447662707263,201.58719074572343,25.87777325398109,-17.7527141186508,-16.588453166228284,7.594196087895453,197.7,22.648573790351826,242.99714758070365,152.40285241929632,102524.0
HPPL,2018-12-06,172.0,175.0,172.0,172.0,0.00 %,900.0,155410.0,-0.017142857142857126,-0.017291497110060994,172.6,194.45,182.0137879152153,199.39554698678094,24.588860816481528,-17.381759071565654,-16.74711434729576,7.2660392244743495,194.45,21.338068279366595,237.12613655873318,151.7738634412668,101624.0
HPPL,2018-12-09,172.0,174.0,170.0,174.0,0.00 %,420.0,72470.0,0.011627906976744207,0.011560822401076006,172.2,191.65,180.78089746672063,197.5143953581305,27.19241465814366,-16.733497891409883,-16.744391056118587,7.032750708440467,191.65,20.06377988211774,231.7775597642355,151.52244023576452,102044.0
HPPL,2018-12-10,174.0,182.0,172.0,180.0,0.00 %,1171.0,208760.0,0.034482758620689724,0.033901551675681416,174.2,189.25,180.66075939491748,196.21703273900974,34.49855304335132,-15.556273344092261,-16.506767513713324,7.244697086409006,189.25,18.27818659668784,225.8063731933757,152.6936268066243,103215.0
HPPL,2018-12-11,180.0,180.0,177.0,178.0,0.00 %,545.0,97285.0,-0.011111111111111072,-0.011173300598125189,175.8,186.65,180.2514117956994,194.8676229064905,33.29903617919565,-14.616211110791113,-16.128656233128883,6.941504437379791,186.65,15.692019426587361,218.03403885317474,155.26596114682528,102670.0
HPPL,2018-12-12,178.0,185.0,178.0,184.0,0.00 %,320.0,58330.0,0.03370786516853941,0.03315220731690055,177.6,184.5,180.8281176732841,194.06261380230603,40.03513257969128,-13.23449612902192,-15.549824212307492,6.945682691852664,184.5,12.492102768514792,209.4842055370296,159.5157944629704,102990.0
HPPL,2018-12-13,184.0,197.0,184.0,189.0,0.00 %,770.0,145330.0,0.02717391304347827,0.02681125745065677,181.0,183.7,182.0853303389327,193.68760537250557,45.018219064346496,-11.60227503357288,-14.76031437656057,7.378133928148903,183.7,11.589923027771253,206.8798460555425,160.5201539444575,103760.0
HPPL,2018-12-16,189.0,196.0,189.0,194.0,0.00 %,1575.0,301345.0,0.02645502645502651,0.026111144003685804,185.0,183.05,183.91835644063534,193.71074571528294,49.534498676151436,-9.792389274647604,-13.766729356177978,7.351124361852553,183.05,10.530532050345201,204.1110641006904,161.9889358993096,105335.0
HPPL,2018-12-17,194.0,196.0,193.0,196.0,0.00 %,160.0,31030.0,0.010309278350515427,0.010256500167189061,188.2,182.6,185.77707083438375,193.88032010674345,51.2591441933886,-8.103249272359704,-12.634033339414323,7.040329764577371,182.6,9.70295668449792,202.00591336899583,163.19408663100415,105495.0
HPPL,2018-12-18,196.0,196.0,185.0,188.0,0.00 %,1189.0,223925.0,-0.04081632653061229,-0.041672696400568074,190.2,181.9,186.11905993678627,193.44474083957726,44.681403703348664,-7.325680902790992,-11.572362852089658,7.323163352821845,181.9,8.680892508091164,199.26178501618233,164.53821498381768,104306.0
HPPL,2018-12-19,188.0,191.0,187.0,187.0,0.00 %,410.0,77030.0,-0.005319148936170248,-0.005333345975362617,190.8,181.3,186.2545891772807,192.9673526292382,43.922670966184434,-6.7127634519575,-10.600442972063226,7.085794541905999,181.3,7.807553697351953,196.9151073947039,165.6848926052961,103896.0
HPPL,2018-12-20,187.0,187.0,181.0,187.0,0.00 %,210.0,38780.0,0.0,0.0,190.4,181.15,186.36926776539136,192.5253265085539,43.92267096538121,-6.156058743162532,-9.711566126283088,7.008237788912714,181.15,7.659016014866513,196.46803202973302,165.831967970267,103896.0
HPPL,2018-12-23,187.0,188.0,184.0,186.0,0.00 %,2250.0,416760.0,-0.005347593582887722,-0.005361943141385399,188.8,181.05,186.31245733994652,192.04196898940174,43.07436932113472,-5.729511649455219,-8.915155230917515,6.793363661133235,181.05,7.57749437827729,196.2049887565546,165.89501124344542,101646.0
HPPL,2018-12-24,186.0,190.0,186.0,188.0,0.00 %,3780.0,708310.0,0.010752688172043001,0.01069528911674795,187.2,181.4,186.57207928764706,191.74256387907568,45.34781094558441,-5.170484591428618,-8.166221103019735,6.593837685338004,181.4,7.735087520355559,196.87017504071113,165.92982495928888,105426.0
HPPL,2018-12-25,188.0,188.0,184.0,184.0,0.00 %,820.0,151900.0,-0.021276595744680882,-0.02150620522096362,186.4,181.8,186.1763747818552,191.16904062877376,41.75603004243516,-4.992665846918555,-7.531510051799499,6.408563564956718,181.8,7.647497010558887,197.09499402111777,166.50500597888225,104606.0
HPPL,2018-12-26,184.0,195.0,183.0,195.0,0.00 %,2720.0,503220.0,0.059782608695652106,0.058063800954761116,188.0,182.65,187.53385558464672,191.45281539701273,52.82243190152504,-3.918959812366012,-6.809000003912802,6.807951881745524,182.65,8.13229429659957,198.91458859319914,166.38541140680087,107326.0
HPPL,2018-12-27,195.0,197.0,191.0,194.0,0.00 %,5310.0,1029450.0,-0.00512820512820511,-0.005141399500418652,189.4,183.35,188.5286470331626,191.64149573797476,51.85780014312873,-3.1128487048121656,-6.069769744092675,6.750241033049416,183.35,8.486986942879678,200.32397388575936,166.37602611424063,102016.0
HPPL,2018-12-30,194.0,194.0,186.0,187.0,0.00 %,570.0,107220.0,-0.03608247422680411,-0.03674954220874149,189.6,183.9,188.2934705665222,191.29768123886552,45.58263303888662,-3.0042106723433335,-5.456657929742806,6.839509530688743,183.9,8.340768612832983,200.58153722566598,167.21846277433403,101446.0
HPPL,2018-12-31,187.0,187.0,184.0,184.0,0.00 %,420.0,77800.0,-0.016042780748663055,-0.016172859245600957,188.8,184.6,187.6329366332111,190.75711225820882,43.17152593147136,-3.1241756249977186,-4.990161468793789,6.565258849925262,184.6,7.673604793478946,199.94720958695788,169.2527904130421,101026.0
HPPL,2019-01-01,184.0,188.0,183.0,184.0,0.00 %,380.0,70116.0,0.0,0.0,188.8,185.3,187.07402330502478,190.25658542426743,43.17152593065161,-3.1825621192426468,-4.628641598883561,6.453454646359171,185.3,6.867926983655097,199.0358539673102,171.56414603268982,101026.0
HPPL,2019-01-02,184.0,186.0,182.0,186.0,0.00 %,278.0,72340.0,0.010869565217391353,0.010810916104215676,187.0,185.85,186.90878895040558,189.94128280024762,45.40434376791808,-3.032493849842041,-4.309412049075258,6.278207885904945,185.85,6.425893343601594,198.7017866872032,172.9982133127968,101304.0
HPPL,2019-01-03,186.0,189.0,186.0,186.0,0.00 %,140.0,26250.0,0.0,0.0,185.4,186.55,186.7689752657278,189.6493359261552,45.40434376695749,-2.8803606604274137,-4.023601771345689,6.0440501797688775,186.55,5.539095499046095,197.6281909980922,175.47180900190781,101304.0
HPPL,2019-01-06,186.0,189.0,183.0,185.0,0.00 %,520.0,96910.0,-0.005376344086021501,-0.005390848634876423,185.0,187.1,186.4968252248466,189.30494067236592,44.392903542990894,-2.8081154475193273,-3.780504506580417,6.040903738356815,187.1,4.711687595775363,196.5233751915507,177.67662480844928,100784.0
HPPL,2019-01-07,185.0,188.0,182.0,184.0,0.00 %,940.0,174470.0,-0.00540540540540535,-0.005420067469339145,185.0,187.3,186.1126982671779,188.9119821040425,43.35287465755401,-2.799283836864589,-3.5842603726372517,6.0379820427599,187.3,4.473312678091324,196.24662535618265,178.35337464381738,99844.0
HPPL,2019-01-08,184.0,188.0,182.0,182.0,0.00 %,1510.0,279880.0,-0.010869565217391353,-0.010929070532190317,184.6,187.5,185.47997545684285,188.39998342966896,41.27037497522643,-2.920007972826113,-3.451409892675024,6.035269039705622,187.5,4.110320771215798,195.7206415424316,179.2793584575684,98334.0
HPPL,2019-01-09,182.0,191.0,182.0,191.0,0.00 %,610.0,115180.0,0.0494505494505495,0.04826674096983457,185.6,187.85,186.32921000194395,188.59257724969348,52.36039628756605,-2.263367247749528,-3.213801363689925,6.247035536869507,187.85,4.094604922805912,196.03920984561182,179.66079015438817,98944.0
HPPL,2019-01-10,191.0,191.0,185.0,187.0,0.00 %,320.0,59960.0,-0.020942408376963373,-0.021164811192043272,185.8,187.75,186.43240846318335,188.474608564531,48.0202741322951,-2.042200101347646,-2.9794811112214696,6.229390141378829,187.75,4.089460136828414,195.92892027365684,179.57107972634316,98624.0
HPPL,2019-01-13,187.0,187.0,184.0,186.0,0.00 %,1280.0,235590.0,-0.005347593582887722,-0.005361943141385399,186.0,187.35,186.36588408423205,188.2913042264176,46.9720285592702,-1.9254201421855441,-2.768668917414285,5.998719416994628,187.35,3.828906673708887,195.00781334741777,179.69218665258222,97344.0
HPPL,2019-01-15,190.0,199.0,185.0,199.0,0.00 %,1301.0,245515.0,0.06989247311827951,0.06755815101129109,189.0,187.5,188.3095942251194,189.08454095038667,59.384499538891696,-0.7749467252672559,-2.369924478984879,6.570239458637869,187.5,4.223991626807591,195.94798325361518,179.05201674638482,98645.0
HPPL,2019-01-16,199.0,199.0,189.0,191.0,0.00 %,1100.0,211560.0,-0.04020100502512558,-0.04103139667786247,190.8,187.65,188.72350280587028,189.22642680591358,51.40954349508316,-0.5029240000432935,-1.996524383196562,6.81522235444945,187.65,4.2953463190041505,196.2406926380083,179.0593073619917,97545.0
HPPL,2019-01-17,191.0,191.0,185.0,185.0,0.00 %,810.0,151430.0,-0.03141361256544506,-0.031917602968305085,189.6,187.55,188.15065622035178,188.91335815362368,46.378920413888096,-0.7627019332718987,-1.7497598932116294,6.7569921862744895,187.55,4.33437909110934,196.2187581822187,178.88124181778133,96735.0
HPPL,2019-01-20,185.0,185.0,182.0,183.0,0.00 %,170.0,31140.0,-0.010810810810810811,-0.010869672236903879,188.8,187.35,187.3582475710669,188.47533162372562,44.80505190700916,-1.1170840526587256,-1.6232247251010488,6.488635601540598,187.35,4.451788522921384,196.25357704584277,178.4464229541572,96565.0
HPPL,2019-01-21,183.0,185.0,180.0,180.0,0.00 %,970.0,175610.0,-0.016393442622950838,-0.016529301951210582,187.6,187.05,186.22620948321043,187.84752928122745,42.4765683490298,-1.6213197980170264,-1.6228437396842446,6.382304487144841,187.05,4.740364187671913,196.53072837534384,177.56927162465618,95595.0
HPPL,2019-01-23,180.0,187.0,180.0,182.0,0.00 %,350.0,63840.0,0.011111111111111072,0.011049836186584935,184.2,186.75,185.57602340887036,187.4143789640995,44.545638998459765,-1.8383555552291568,-1.6659461027932272,6.426425595205925,186.75,4.865290600957241,196.48058120191448,177.01941879808552,95945.0
HPPL,2019-01-24,182.0,188.0,182.0,185.0,0.00 %,560.0,103100.0,0.016483516483516425,0.01634913800152941,183.0,186.8,185.48740442289028,187.2355360778699,47.59082483097538,-1.7481316549796304,-1.682383213230508,6.3959666241197874,186.8,4.84061762046459,196.48123524092918,177.11876475907084,96505.0
HPPL,2019-01-27,185.0,185.0,182.0,183.0,0.00 %,500.0,91160.0,-0.010810810810810811,-0.010869672236903879,182.6,186.2,185.1047268193687,186.92179266469435,45.78572344096859,-1.8170658453256578,-1.7093197396495383,6.153397579539803,186.2,4.502630809950015,195.20526161990003,177.19473838009995,96005.0
HPPL,2019-01-28,183.0,183.0,180.0,181.0,0.00 %,250.0,45270.0,-0.010928961748633892,-0.010989121575595206,182.2,185.55,184.47323038561964,186.48314135619847,43.98889702108153,-2.0099109705788294,-1.7694379858353968,5.92815489528696,185.55,4.248529157271473,194.04705831454297,177.05294168545706,95755.0
HPPL,2019-01-29,181.0,182.0,180.0,181.0,0.00 %,500.0,90650.0,0.0,0.0,182.4,185.25,183.93888724937045,186.07698273722082,43.988897020151974,-2.1380954878503644,-1.8431694862383905,5.647572402766464,185.25,4.3513458293385625,193.9526916586771,176.5473083413229,95755.0
HPPL,2019-01-30,181.0,183.0,178.0,181.0,0.00 %,900.0,162500.0,0.0,0.0,182.2,185.1,183.4867507494673,185.70090994187115,43.98889701915091,-2.214159192403855,-1.9173674274714836,5.601317231140288,185.1,4.447352849573283,193.99470569914655,176.20529430085344,95755.0
HPPL,2019-01-31,181.0,188.0,180.0,187.0,0.00 %,1360.0,251620.0,0.03314917127071815,0.032611585588760796,182.6,185.25,184.02725063416463,185.79713883506588,51.169234849457354,-1.7698882009012493,-1.8878715821574368,5.772651714630268,185.25,4.458876422099489,194.167752844199,176.332247155801,97115.0
HPPL,2019-02-03,187.0,187.0,181.0,182.0,0.00 %,280.0,51600.0,-0.0267379679144385,-0.02710192977779127,182.4,185.05,183.71536592121623,185.51586929172765,45.88976815951953,-1.8005033705114215,-1.8703979398282338,5.788890877870963,185.05,4.512847158266147,194.0756943165323,176.02430568346773,96835.0
HPPL,2019-02-04,179.0,182.0,179.0,180.0,0.00 %,960.0,172720.0,-0.01098901098901095,-0.011049836186584935,182.2,184.75,183.14377116410606,185.10728638122933,43.93697623131904,-1.9635152171232733,-1.8890213952872417,5.589684386594466,184.75,4.643898090383907,194.03779618076783,175.46220381923217,95875.0
HPPL,2019-02-05,178.0,182.0,178.0,179.0,0.00 %,270.0,48600.0,-0.005555555555555536,-0.00557104504945536,181.8,184.45,182.50626790808974,184.65489479743457,42.9527703063574,-2.1486268893448255,-1.9409424940987585,5.476135501837718,184.45,4.817457289590606,194.0849145791812,174.81508542081878,95605.0
HPPL,2019-02-06,179.0,181.0,179.0,180.0,0.00 %,724.0,130093.0,0.005586592178770999,0.0055710450494554295,181.6,184.25,182.1206882299221,184.3100877754024,44.296533421208565,-2.189399545480285,-1.9906339043750638,5.2278401088493105,184.25,4.919082071000698,194.0881641420014,174.4118358579986,96329.0
HPPL,2019-02-07,183.0,183.0,180.0,180.0,0.00 %,560.0,101010.0,0.0,0.0,180.2,184.15,181.79442850224177,183.99082201426148,44.296533420084884,-2.1963935120197107,-2.0317858259039934,5.068708672502932,184.15,4.987088592732937,194.12417718546587,174.17582281453414,96329.0
HPPL,2019-02-10,181.0,181.0,172.0,172.0,0.00 %,1710.0,299600.0,-0.0444444444444444,-0.04546237407675729,178.2,183.2,180.2875933480507,183.10261297616805,36.351888546698234,-2.8150196281173407,-2.188432586346663,5.349515195895579,183.2,5.405650065604372,194.01130013120874,172.38869986879124,94619.0
HPPL,2019-02-11,170.0,178.0,170.0,172.0,0.00 %,827.0,142206.0,0.0,0.0,176.6,182.45,179.01257898681212,182.28019720015558,36.35188854582058,-3.267618213343468,-2.404269711746024,5.538835539045895,182.45,5.871205381501297,194.19241076300258,170.7075892369974,94619.0
HPPL,2019-02-12,171.0,178.0,170.0,175.0,0.00 %,850.0,148090.0,0.01744186046511631,0.017291497110061043,175.8,181.9,178.3952591426872,181.74092333347738,40.95733104153016,-3.3456641907901883,-2.592548607554857,5.714633000542617,181.9,6.034113548482596,193.9682270969652,169.83177290303482,95469.0
HPPL,2019-02-13,172.0,177.0,170.0,177.0,0.00 %,1697.0,294608.0,0.011428571428571344,0.011363758650315003,175.2,180.8,178.18060388996608,181.38974382729387,43.87308221986778,-3.209139937327791,-2.715866873509444,5.806444929075287,180.8,4.583724066300577,189.96744813260116,171.63255186739886,97166.0
HPPL,2019-02-14,174.0,177.0,170.0,170.0,0.00 %,305.0,51950.0,-0.039548022598870025,-0.040351295523567345,173.2,179.75,176.92204944535592,180.54605909934617,36.98814802529556,-3.6240096539902424,-2.897495429605604,5.891698862712767,179.75,4.52914538240188,188.80829076480376,170.69170923519624,96861.0
HPPL,2019-02-17,169.0,173.0,168.0,169.0,0.00 %,1720.0,293980.0,-0.00588235294117645,-0.005899722127188271,172.6,178.95,175.70327260760885,179.69079546235756,36.11620050524876,-3.987522854748704,-3.1155009146342243,5.828006086804712,178.95,4.946822478296119,188.84364495659221,169.05635504340776,95141.0
HPPL,2019-02-18,168.0,171.0,165.0,170.0,0.00 %,630.0,105620.0,0.00591715976331364,0.005899722127188322,172.2,178.3,174.8258460525921,178.97295876144216,37.69786857429732,-4.147112708850045,-3.3218232734773885,5.840291366318661,178.3,5.232489595653198,188.7649791913064,167.83502080869363,95771.0
HPPL,2019-02-19,170.0,175.0,164.0,175.0,0.00 %,1800.0,312410.0,0.02941176470588225,0.028987536873252187,172.2,178.05,174.85263896757795,178.67866551985384,45.026645989903216,-3.8260265522758914,-3.4226639292370895,6.208841983010186,178.05,5.266327992682769,188.58265598536556,167.51734401463446,97571.0
HPPL,2019-02-20,172.0,175.0,169.0,169.0,0.00 %,230.0,39560.0,-0.03428571428571425,-0.03488725900044055,170.6,177.4,173.95223297256595,177.96172733319798,39.08502493248519,-4.009494360632033,-3.5400300155160784,6.193924698509458,177.4,5.54787773555082,188.49575547110163,166.30424452889838,97341.0
HPPL,2019-02-21,169.0,174.0,169.0,171.0,0.00 %,430.0,73240.0,0.01183431952662728,0.01176484157958643,170.8,176.7,173.49804328447888,177.44604382703517,41.84003334631997,-3.9480005425562865,-3.6216241209241202,6.108644362901639,176.7,5.42023499201111,187.5404699840222,165.85953001597778,97771.0
HPPL,2019-02-24,174.0,174.0,163.0,166.0,0.00 %,280.0,46750.0,-0.0292397660818714,-0.029675768146116666,170.2,175.85,172.34449816378984,176.5981887287363,37.29838430866767,-4.253690564946453,-3.748037409728587,6.458026908408665,175.85,5.7057219664208,187.2614439328416,164.4385560671584,97491.0
HPPL,2019-02-25,164.0,172.0,163.0,172.0,0.00 %,470.0,77890.0,0.03614457831325302,0.03550668845690982,170.6,175.4,172.2914984462837,176.2575821562373,45.01195956634781,-3.966083709953608,-3.7916466697735913,6.639596414950903,175.4,5.632611808892618,186.66522361778524,164.13477638221477,97961.0
HPPL,2019-02-26,169.0,172.0,169.0,169.0,0.00 %,510.0,87140.0,-0.01744186046511631,-0.0175957618903796,169.4,174.8,171.78511406993235,175.7199834779975,42.215529770836675,-3.93486940806514,-3.8202912174319015,6.37962524245441,174.8,5.643813567008685,186.0876271340174,163.51237286598263,97451.0
HPPL,2019-02-27,169.0,173.0,168.0,170.0,0.00 %,823.0,140370.0,0.00591715976331364,0.005899722127188322,169.6,174.25,171.51048113609662,175.29628099814582,43.4761127826641,-3.7857998620492026,-3.8133929463553615,6.281080582279095,174.25,5.542894930515209,185.3357898610304,163.1642101389696,98274.0
HPPL,2019-03-03,167.0,173.0,167.0,170.0,0.00 %,1160.0,197680.0,0.0,0.0,169.4,173.4,171.278099422851,174.90396388717204,43.4761127816427,-3.6258644643210403,-3.7758872499484974,6.2610033978305895,173.4,4.728413553936296,182.8568271078726,163.94317289212742,98274.0
HPPL,2019-03-05,170.0,179.0,170.0,173.0,0.00 %,2180.0,383640.0,0.01764705882352935,0.01749315744751712,170.8,172.95,171.54300720395085,174.76292952515928,47.463701909235446,-3.219922321208429,-3.6646942642004836,6.456646012271262,172.95,4.273233707158623,181.49646741431724,164.40353258568274,100454.0
HPPL,2019-03-06,170.0,174.0,170.0,172.0,0.00 %,200.0,34300.0,-0.005780346820809301,-0.005797117684325958,170.8,172.55,171.6133137879584,174.55826807885117,46.29139301195418,-2.944954290892781,-3.520746269538943,6.281171297109029,172.55,3.940010686626901,180.43002137325382,164.6699786267462,100254.0
HPPL,2019-03-07,172.0,182.0,169.0,170.0,0.00 %,1105.0,192950.0,-0.011627906976744207,-0.011696039763191298,171.0,172.1,171.36511166673404,174.22061859152885,43.9531730438687,-2.8555069247948097,-3.387698400590117,6.761087633029813,172.1,3.6692176134627843,179.43843522692555,164.76156477307444,99149.0
HPPL,2019-03-10,178.0,178.0,167.0,175.0,0.00 %,900.0,162590.0,0.02941176470588225,0.028987536873252187,172.0,171.85,171.92432525646728,174.2783505477119,50.66260866054943,-2.354025291244625,-3.180963778721019,7.0638670878133984,171.85,3.2488864489396807,178.34777289787937,165.35222710212062,100049.0
HPPL,2019-03-11,170.0,186.0,170.0,178.0,0.00 %,2495.0,450220.0,0.017142857142857126,0.016997576368571077,173.6,171.75,172.85904444778,174.55402828491845,54.20494260424688,-1.6949838371384374,-2.883767790404503,7.702162295826728,171.75,3.0065717494215667,177.76314349884314,165.73685650115686,102544.0
HPPL,2019-03-12,180.0,195.0,178.0,195.0,0.00 %,4835.0,929290.0,0.09550561797752799,0.09121600827166157,178.0,172.9,176.2653453019677,176.06854470825783,68.15703106264645,0.1968005937098667,-2.267654113581629,8.366293560410533,172.9,6.007889549776397,184.9157790995528,160.88422090044722,107379.0
HPPL,2019-03-13,195.0,204.0,189.0,197.0,0.00 %,3855.0,812465.0,0.01025641025641022,0.010204170174241668,183.0,174.15,179.45529217858805,177.6190228780165,69.3404857667619,1.8362693005715585,-1.4468694307509913,8.840129734666924,174.15,8.06078878210306,190.27157756420613,158.02842243579389,111234.0
HPPL,2019-03-14,191.0,194.0,188.0,188.0,0.00 %,330.0,63270.0,-0.045685279187817285,-0.04676176590803933,186.6,174.8,180.76986261265145,178.38798414631157,58.7576986020572,2.3818784663398844,-0.6811198513328162,8.851549039333571,174.8,8.636519766920824,192.07303953384167,157.52696046615836,110904.0
HPPL,2019-03-17,187.0,193.0,187.0,193.0,0.00 %,3420.0,651790.0,0.02659574468085113,0.02624822607493641,190.2,175.6,182.65142221070505,179.47035569102923,62.208496541150005,3.1810665196758237,0.09131742286891176,8.64786696509546,175.6,9.544356282238597,194.68871256447719,156.5112874355228,114324.0
HPPL,2019-03-18,190.0,192.0,187.0,190.0,0.00 %,440.0,83480.0,-0.015544041450777257,-0.015666116744399463,192.6,176.6,183.78197263982733,180.2503293435456,59.01772969217494,3.531643296281743,0.7793825975514781,8.458733610445785,176.6,9.965202615004625,196.53040523000925,156.66959476999074,113884.0
HPPL,2019-03-19,190.0,190.0,187.0,190.0,0.00 %,160.0,30330.0,0.0,0.0,191.6,177.65,184.73859223370005,180.97252716994961,59.01772969108829,3.766065063750432,1.376719090791269,8.068824066842515,177.65,10.22522680228136,198.10045360456272,157.1995463954373,113884.0
HPPL,2019-03-21,187.0,187.0,182.0,185.0,0.00 %,1200.0,221020.0,-0.02631578947368418,-0.026668247082161294,189.2,178.4,184.7788088131308,181.27085849069408,53.6942983880815,3.507950322436727,1.802965337120361,8.06390806206805,178.4,10.184611715213824,198.76922343042764,158.03077656957237,112684.0
HPPL,2019-03-24,182.0,185.0,176.0,182.0,0.00 %,1150.0,209080.0,-0.01621621621621616,-0.01634913800152941,188.0,178.75,184.35129976495685,181.32486897286486,50.73716261327606,3.026430792091986,2.047658428114686,8.130771771920331,178.75,10.181898282332982,199.11379656466596,158.38620343533404,111534.0
HPPL,2019-03-25,179.0,182.0,178.0,179.0,0.00 %,1010.0,181270.0,-0.016483516483516536,-0.016620881236040407,185.2,179.25,183.52802287804042,181.15265645635637,47.8964265196987,2.375366421684049,2.113200026828559,7.8357166453545934,179.25,9.920075339282338,199.09015067856467,159.40984932143533,110524.0
HPPL,2019-03-26,176.0,183.0,176.0,180.0,0.00 %,2180.0,392830.0,0.005586592178770999,0.0055710450494554295,183.2,179.7,182.98525012757267,181.06727449662628,48.9230080668642,1.917975630946387,2.0741551476521245,7.776022599257837,179.7,9.728417407952465,199.15683481590492,160.24316518409506,112704.0
HPPL,2019-03-27,180.0,183.0,179.0,183.0,0.00 %,1850.0,330800.0,0.016666666666666607,0.016529301951210506,181.8,180.55,182.98751933871534,181.21043934872802,51.97973361448237,1.7770799899873282,2.0147401161191656,7.506306699310849,180.55,9.196538250323696,198.9430765006474,162.15692349935262,114554.0
HPPL,2019-03-28,180.0,188.0,180.0,183.0,0.00 %,1090.0,200460.0,0.0,0.0,181.4,181.1,182.98943944045146,181.34299939697038,51.97973361336569,1.6464400434810784,1.9410801015915484,7.541570506502931,181.1,8.984782456446336,199.06956491289267,163.13043508710732,114554.0
HPPL,2019-03-31,183.0,185.0,182.0,183.0,0.00 %,1750.0,321210.0,0.0,0.0,181.6,181.8,182.99106414192048,181.46574018237996,51.97973361216311,1.5253239595405148,1.8579288731813417,7.217172613181294,181.8,8.526120855482649,198.8522417109653,164.74775828903472,114554.0
HPPL,2019-04-01,183.0,192.0,182.0,192.0,0.00 %,620.0,116800.0,0.049180327868852514,0.04800921918636066,184.2,182.9,184.3770542739327,182.2460557244259,60.7753373676702,2.1309985495068133,1.9125428084464362,7.415945997954059,182.9,8.34076861283302,199.58153722566604,166.21846277433397,115174.0
HPPL,2019-04-02,189.0,194.0,183.0,190.0,0.00 %,810.0,153230.0,-0.01041666666666663,-0.010471299867295366,186.2,183.9,185.24212284717382,182.820421967061,58.223170243506104,2.421700880112809,2.014374422779711,7.671949855243055,183.9,7.900033311067525,199.70006662213507,168.09993337786494,114364.0
HPPL,2019-04-03,187.0,193.0,181.0,183.0,0.00 %,1140.0,215420.0,-0.0368421052631579,-0.03753791931906521,186.2,184.4,184.89718087068553,182.833724043575,50.26678871404458,2.0634568271105422,2.024190903645877,7.981096294154265,184.4,7.479093668717438,199.35818733743488,169.44181266256513,113224.0
HPPL,2019-04-04,182.0,187.0,182.0,184.0,0.00 %,890.0,164130.0,0.005464480874316946,0.005449604767564685,186.4,185.0,184.75915304442623,182.920114855162,51.290829208617566,1.8390381892642154,1.9871603607695447,7.768160844571818,185.0,6.890114963533722,198.78022992706744,171.21977007293256,114114.0
HPPL,2019-04-07,184.0,188.0,182.0,188.0,0.00 %,1175.0,217040.0,0.021739130434782705,0.021506205220963682,187.4,185.9,185.2577448837453,183.29640264366853,55.25925710671796,1.9613422400767604,1.9819967366309879,7.641863641388117,185.9,5.937392658324922,197.77478531664985,174.02521468335016,115289.0
HPPL,2019-04-08,188.0,185.0,182.0,183.0,0.00 %,3240.0,598570.0,-0.02659574468085102,-0.02695580998852822,185.6,186.3,184.91039951701524,183.27444689228565,49.79775371977931,1.6359526247295832,1.912787914250707,7.524587667003252,186.3,5.410516076189856,197.1210321523797,175.4789678476203,112049.0
HPPL,2019-04-09,183.0,186.0,182.0,183.0,0.00 %,8666.0,1601122.0,0.0,0.0,184.2,186.55,184.61649189901289,183.25411749285706,49.79775371871925,1.3623744061558227,1.8027052126317302,7.272831405074449,186.55,5.114221657112336,196.7784433142247,176.32155668577533,112049.0
HPPL,2019-04-10,180.0,183.0,178.0,181.0,0.00 %,2060.0,372746.0,-0.010928961748633892,-0.010989121575595206,183.8,185.85,184.06010852993398,183.0871458267195,47.614636780680875,0.9729627032144776,1.6367567107482799,7.110486304711988,185.85,4.84795127648069,195.54590255296137,176.15409744703862,109989.0
HPPL,2019-04-11,180.0,182.0,179.0,180.0,0.00 %,1804.0,325040.0,-0.0055248618784530246,-0.005540180375615356,183.0,185.0,183.43547644840567,182.85846835807362,46.516567864677754,0.5770080903320434,1.4248069866650326,6.816880140089704,185.0,4.242640687141082,193.48528137428215,176.51471862571785,108185.0
HPPL,2019-04-15,178.0,186.0,177.0,181.0,0.00 %,575.0,103040.0,0.005555555555555536,0.005540180375615351,181.6,184.65,183.06078776403555,182.72080403525337,47.81266899988062,0.33998372878218674,1.2078423350884635,6.972817272940439,184.65,4.27076968290215,193.19153936580432,176.1084606341957,108760.0
HPPL,2019-04-16,178.0,184.0,178.0,184.0,0.00 %,1370.0,249620.0,0.016574585635359185,0.01643872634315994,181.8,184.2,183.20528195418393,182.81555929190125,51.60192258521321,0.38972266228267927,1.0442184005273067,6.903330324873266,184.2,3.791958249850267,191.78391649970052,176.61608350029945,110130.0
HPPL,2019-04-17,184.0,187.0,180.0,187.0,0.00 %,1656.0,301011.0,0.016304347826086918,0.016172859245600968,182.6,184.05,183.78908473046332,183.12551786287153,55.111901261702066,0.6635668675917827,0.968088093940202,6.910235301668033,184.05,3.6051863226800585,191.26037264536012,176.8396273546399,111786.0
HPPL,2019-04-18,184.0,184.0,178.0,181.0,0.00 %,320.0,57780.0,-0.03208556149732622,-0.03261158558876089,182.6,183.6,183.3599947719305,182.96807209525144,47.66625974254977,0.39192267667905867,0.8528550104879733,7.059504208691745,183.6,3.377947056420074,190.35589411284013,176.84410588715986,111466.0
HPPL,2019-04-21,181.0,184.0,176.0,184.0,0.00 %,4645.0,851810.0,0.016574585635359185,0.01643872634315994,183.4,183.55,183.45845711471043,183.0445111993069,51.215179103763546,0.41394591540353076,0.7650731914710849,7.126682479499478,183.55,3.363503812235762,190.27700762447154,176.8229923755285,116111.0
HPPL,2019-04-22,181.0,181.0,177.0,177.0,0.00 %,760.0,135510.0,-0.03804347826086951,-0.03878602503515642,182.6,183.3,182.4648483278319,182.59676962898786,43.75860564706192,-0.13192130115595546,0.5856742929456769,7.117633730963801,183.3,3.6577243428953428,190.6154486857907,175.9845513142093,115351.0
HPPL,2019-04-23,174.0,180.0,173.0,176.0,0.00 %,791.0,139608.0,-0.005649717514124242,-0.005665737535677308,181.0,183.15,181.47025627739623,182.10812002684062,42.79993299693717,-0.6378637494443922,0.3409666844676631,7.109231321609244,183.15,3.897029908205933,190.94405981641188,175.35594018358813,114560.0
HPPL,2019-04-24,173.0,180.0,171.0,174.0,0.00 %,2850.0,497820.0,-0.011363636363636354,-0.011428695823622744,178.4,182.85,180.32098608087372,181.50751854337094,40.871340709312065,-1.1865324624972118,0.03546685507468811,7.244286227208585,182.85,4.356181331127367,191.5623626622547,174.13763733774528,111710.0
HPPL,2019-04-25,172.0,176.0,171.0,176.0,0.00 %,2100.0,361470.0,0.011494252873563315,0.01142869582362285,177.4,182.5,179.65621899150852,181.09955420682493,43.60787250762629,-1.4433352153164094,-0.2602935590035314,7.083980068122258,182.5,4.616902584403721,191.73380516880744,173.26619483119256,113810.0
HPPL,2019-04-28,179.0,191.0,175.0,191.0,0.00 %,2697.0,496541.0,0.08522727272727271,0.08178943300847807,178.8,182.9,181.401416069738,181.83292056187494,58.95195415664405,-0.43150449213695197,-0.29453574563021556,7.720838634684954,182.9,4.99368021657895,192.8873604331579,172.9126395668421,116507.0
HPPL,2019-04-29,188.0,188.0,176.0,181.0,0.00 %,1850.0,337140.0,-0.05235602094240843,-0.05377639678080418,179.6,182.8,181.33965975131676,181.77122274247682,49.31768958538706,-0.4315629911600638,-0.3219411947361852,8.240778732207458,182.8,5.011565571143733,192.82313114228748,172.77686885771254,114657.0
HPPL,2019-04-30,178.0,196.0,176.0,190.0,0.00 %,3206.0,612361.0,0.04972375690607733,0.04852704089466038,182.4,182.7,182.6720197895757,182.38076179858965,56.247900517816106,0.291257990986054,-0.19930135759173737,9.080723108478354,182.7,4.835178111363659,192.3703562227273,173.02964377727267,117863.0
HPPL,2019-05-02,187.0,187.0,183.0,184.0,0.00 %,2919.0,539866.0,-0.03157894736842104,-0.03208831455150051,184.4,182.4,182.8763244373333,182.5007053690645,51.219616550366986,0.3756190682688043,-0.08431727241962905,8.93210002930133,182.4,4.535242116229443,191.4704842324589,173.32951576754112,114944.0
HPPL,2019-05-05,181.0,183.0,179.0,183.0,0.00 %,670.0,120810.0,-0.005434782608695676,-0.005449604767564703,185.8,182.4,182.89535144697433,182.53769015654117,50.410762473368706,0.35766129043315686,0.00407844015092812,8.651235741494093,182.4,4.535242116229443,191.4704842324589,173.32951576754112,114274.0
HPPL,2019-05-06,180.0,182.0,176.0,180.0,0.00 %,1030.0,184350.0,-0.016393442622950838,-0.016529301951210582,183.6,182.2,182.44991276282445,182.3497131079085,47.96366024884527,0.10019965491594007,0.02330268310393051,8.533290331387372,182.2,4.549146825757043,191.2982936515141,173.1017063484859,113244.0
HPPL,2019-05-07,178.0,184.0,177.0,184.0,0.00 %,1050.0,189180.0,0.022222222222222143,0.021978906718775167,184.2,182.0,182.68838772238993,182.47195658139677,51.35441001330117,0.21643114099316563,0.06192837468177753,8.423769593431132,182.0,4.364932024572417,190.72986404914482,173.27013595085518,114294.0
HPPL,2019-05-08,181.0,181.0,178.0,179.0,0.00 %,685.0,123015.0,-0.02717391304347827,-0.02754995176823063,182.0,181.8,182.12094345740687,182.21477461240443,47.213025738004326,-0.09383115499755945,0.030776468745910134,8.250643193900336,181.8,4.408126466829109,190.61625293365822,172.9837470663418,113609.0
HPPL,2019-05-09,177.0,182.0,175.0,178.0,0.00 %,2220.0,392710.0,-0.005586592178770999,-0.005602255548669898,180.8,181.55,181.48695215626734,181.90256908555966,46.406968896482006,-0.41561692929232663,-0.05850221086173722,8.16131153719317,181.55,4.477722635468987,190.505445270938,172.59455472906203,111389.0
HPPL,2019-05-12,175.0,177.0,173.0,175.0,0.00 %,1294.0,226580.0,-0.016853932584269704,-0.016997576368571136,179.2,181.25,180.4889595168416,181.3912676718145,43.98105482590795,-0.9023081549729,-0.2272633996839698,7.9355035702508,181.25,4.711408326736764,190.67281665347352,171.82718334652648,110095.0
HPPL,2019-05-13,178.0,186.0,178.0,186.0,0.00 %,1990.0,364600.0,0.06285714285714294,0.060960699789687274,180.4,181.55,181.33681189886596,181.7326552516801,53.56590465189878,-0.39584335281412564,-0.260979390310001,8.154396172375744,181.55,4.8174572895909975,191.18491457918202,171.915085420818,112085.0
HPPL,2019-05-14,184.0,185.0,179.0,185.0,0.00 %,3790.0,688360.0,-0.005376344086021501,-0.005390848634876423,180.6,181.75,181.90037929904042,181.97468078859268,52.68340164624856,-0.0743014895522549,-0.2236438101584518,8.071939302920335,181.75,4.876096367963276,191.50219273592654,171.99780726407346,108295.0
HPPL,2019-05-15,182.0,183.0,179.0,181.0,0.00 %,3606.0,651346.0,-0.021621621621621623,-0.021858793812499073,181.0,181.6,181.76185940688035,181.9024822116599,49.19224702011138,-0.1406228047795537,-0.2070396090826722,7.923943638426025,181.6,4.849308143836135,191.29861628767227,171.9013837123277,104689.0
HPPL,2019-05-16,178.0,184.0,178.0,179.0,0.00 %,734.0,132154.0,-0.011049723756906049,-0.011111225425070722,181.2,181.2,181.33695795966798,181.68748352931473,47.49744033046251,-0.35052556964674864,-0.23573680119548748,7.786519092824167,181.2,4.708335274045757,190.6166705480915,171.7833294519085,103955.0
HPPL,2019-05-19,178.0,184.0,178.0,178.0,0.00 %,8604.0,1548259.0,-0.005586592178770999,-0.005602255548669898,181.8,181.05,180.82357981202676,181.41433660121734,46.63234209747039,-0.5907567891905785,-0.30674079879450566,7.65891058619387,181.05,4.762518130942983,190.57503626188597,171.52496373811405,95351.0
HPPL,2019-05-20,178.0,181.0,178.0,181.0,0.00 %,410.0,73120.0,0.016853932584269593,0.016713480973740532,180.8,180.9,180.85072137940725,181.38364500112718,49.59817977180622,-0.5329236217199309,-0.35197736337959074,7.326131258608594,180.9,4.711687595776325,190.32337519155266,171.47662480844735,95761.0
HPPL,2019-05-21,179.0,190.0,179.0,188.0,0.00 %,6451.0,1192517.0,0.03867403314917128,0.03794493156412347,181.4,181.45,181.95061039796,181.87374537141406,55.77417118066352,0.07686502654593141,-0.26620888539448634,7.588550454422267,181.45,4.8717769372691215,191.19355387453822,171.70644612546175,102212.0
HPPL,2019-05-22,185.0,206.0,185.0,206.0,0.00 %,21860.0,4345437.0,0.0957446808510638,0.09143420595963185,186.4,182.95,185.65051649058154,183.66087534390192,66.97908872506864,1.9896411466796167,0.1849611210203343,8.546511136249247,182.95,7.178000014677848,197.3060000293557,168.5939999706443,124072.0
HPPL,2019-05-23,210.0,210.0,186.0,186.0,0.00 %,10575.0,2037020.0,-0.09708737864077666,-0.10212949507637979,187.8,183.55,185.7042831843382,183.83414383694623,51.397359132877796,1.8701393473919836,0.5219967662946642,9.6503317693743,183.55,6.886103473868178,197.32220694773636,169.77779305226366,113497.0
HPPL,2019-05-26,183.0,188.0,180.0,186.0,0.00 %,1418.0,261980.0,0.0,0.0,189.4,184.05,185.7497780790554,183.99457762680206,51.39735913223396,1.755200452253348,0.768637503486401,9.532450928704709,184.05,6.668661982119492,197.387323964239,170.71267603576104,113497.0
HPPL,2019-05-27,185.0,188.0,182.0,184.0,0.00 %,340.0,62690.0,-0.010752688172043001,-0.010810916104215617,190.0,183.7,185.48058145150844,183.99497928407598,50.04707702293123,1.4856021674324609,0.9120304362756131,9.280133005225801,183.7,6.4652919501123485,196.63058390022468,170.7694160997753,113157.0
HPPL,2019-05-28,184.0,190.0,182.0,190.0,0.00 %,2274.0,425028.0,0.032608695652173836,0.03208831455150045,190.4,184.15,186.17587661281482,184.4397956334037,53.955216722500595,1.7360809794111276,1.076840544902716,9.188694933423958,184.15,6.579673644136512,197.30934728827302,170.990652711727,115431.0
HPPL,2019-05-29,187.0,193.0,186.0,190.0,0.00 %,895.0,169780.0,0.0,0.0,187.2,184.15,186.76420328776638,184.85166262352195,53.95521672174293,1.9125406642444318,1.2439805687710592,9.032359581036534,184.15,6.579673644136512,197.30934728827302,170.990652711727,115431.0
HPPL,2019-05-30,190.0,196.0,184.0,189.0,0.00 %,6410.0,1202525.0,-0.0052631578947368585,-0.005277057100843781,187.8,184.4,187.1081720127254,185.15894687363144,53.151427417676146,1.9492251390939543,1.3850294828356382,9.244333896676782,184.4,6.668070027745896,197.7361400554918,171.0638599445082,109021.0
HPPL,2019-06-02,186.0,194.0,183.0,183.0,0.00 %,1680.0,310620.0,-0.031746031746031744,-0.032260862218221435,187.2,184.4,186.4761455492292,184.99902488299205,48.48433737897935,1.4771206662371412,1.403447719515939,9.369738618342726,184.4,6.668070027745896,197.7361400554918,171.0638599445082,107341.0
HPPL,2019-06-03,182.0,186.0,180.0,182.0,0.00 %,2550.0,462320.0,-0.005464480874316946,-0.005479465764625596,186.8,184.5,185.7875077724247,184.7768748916593,47.732065362048836,1.0106328807653995,1.324884751765831,9.129043002746817,184.5,6.613383559529062,197.72676711905814,171.27323288094186,104791.0
HPPL,2019-06-04,179.0,190.0,179.0,181.0,0.00 %,720.0,133360.0,-0.005494505494505475,-0.0055096558109695845,185.0,184.35,185.0509681151286,184.49710638116605,46.9476039982564,0.5538617339625489,1.1706801482051745,9.262682788264902,184.35,6.6591843976790175,197.66836879535802,171.03163120464197,104071.0
HPPL,2019-06-06,181.0,184.0,180.0,182.0,0.00 %,5360.0,973450.0,0.005524861878453136,0.0055096558109697,183.4,184.5,184.58158840510882,184.3121355381167,47.87024280349744,0.26945286699211124,0.990434691962562,8.88677687481741,184.5,6.565459858843162,197.6309197176863,171.3690802823137,109431.0
HPPL,2019-06-11,183.0,183.0,176.0,177.0,0.00 %,1871.0,332416.0,-0.027472527472527486,-0.027856954502966224,181.0,184.45,183.41519018893823,183.7704958686266,43.77130872347447,-0.3553056796883709,0.7212866176323754,8.75200709804474,184.45,6.621138397918953,197.6922767958379,171.20772320416208,107560.0
HPPL,2019-06-12,178.0,180.0,176.0,178.0,0.00 %,1495.0,265005.0,0.005649717514124353,0.005633817718256064,180.0,184.6,182.58208400602464,183.34305173020982,44.7895282937011,-0.7609677241851784,0.4248357492688647,8.412578019612972,184.6,6.426917080380041,197.45383416076007,171.74616583923992,109055.0
HPPL,2019-06-13,176.0,180.0,176.0,180.0,0.00 %,2416.0,428434.0,0.011235955056179803,0.011173300598125255,179.6,184.3,182.18484031279007,183.09541826871282,46.86206769124691,-0.9105779559227472,0.15775300823054234,8.097393875354904,184.3,6.497772897829337,197.29554579565868,171.30445420434134,111471.0
HPPL,2019-06-16,180.0,181.0,175.0,179.0,0.00 %,560.0,100570.0,-0.005555555555555536,-0.00557104504945536,179.2,184.0,181.69486488005313,182.79205395251188,45.93360059944087,-1.0971890724587468,-0.09323540790731549,7.947580027115268,184.0,6.601435250656339,197.20287050131267,170.79712949868733,110911.0
HPPL,2019-06-17,176.0,179.0,174.0,177.0,0.00 %,440.0,77660.0,-0.011173184357541888,-0.011236073266925842,178.2,183.8,180.97257797542957,182.3630129189925,44.05366989820073,-1.3904349435629229,-0.35267531503843697,7.737038596607034,183.8,6.755894112798492,197.31178822559698,170.28821177440304,110471.0
HPPL,2019-06-18,175.0,179.0,175.0,179.0,0.00 %,580.0,103170.0,0.011299435028248483,0.011236073266925752,178.6,183.8,180.6691044407481,182.11390085091898,46.41543001011125,-1.4447964101708806,-0.5710995340649258,7.47010726827796,183.8,6.755894112798492,197.31178822559698,170.28821177440304,111051.0
HPPL,2019-06-19,176.0,180.0,176.0,180.0,0.00 %,350.0,62010.0,0.005586592178770999,0.0055710450494554295,179.0,183.9,180.56616529601763,181.95731560270278,47.60639005048487,-1.391150306685148,-0.7351096885889703,7.222242463400963,183.9,6.679899148322988,197.25979829664598,170.54020170335403,111401.0
HPPL,2019-06-20,177.0,180.0,174.0,179.0,0.00 %,350.0,61910.0,-0.005555555555555536,-0.00557104504945536,178.8,183.8,180.325216788938,181.73825518768777,46.493544782371956,-1.4130383987497623,-0.8706954306211288,7.1349394303008955,183.8,6.740295167687825,197.28059033537565,170.31940966462437,111051.0
HPPL,2019-06-23,176.0,180.0,174.0,180.0,0.00 %,430.0,75370.0,0.005586592178770999,0.0055710450494554295,179.0,183.4,180.27518343679372,181.60949554415535,47.807446146316046,-1.334312107361626,-0.9634187659692283,7.0538723281365465,183.4,6.715261487261193,196.83052297452238,169.96947702547763,111481.0
HPPL,2019-06-24,177.0,180.0,175.0,177.0,0.00 %,410.0,72690.0,-0.01666666666666672,-0.01680711831638129,179.0,181.95,179.77130906190237,181.26805142977346,44.29344437943813,-1.496742367871093,-1.0700834863496014,6.907167161841079,181.95,4.260899336769824,190.47179867353964,173.42820132646034,111071.0
HPPL,2019-06-25,175.0,180.0,175.0,178.0,0.00 %,1120.0,198420.0,0.005649717514124353,0.005633817718256064,178.8,181.55,179.49879997545585,181.02597354608656,45.72551864726986,-1.5271735706307084,-1.161501503205823,6.770940935995287,181.55,4.236122854957912,190.02224570991584,173.0777542900842,112191.0
HPPL,2019-06-26,177.0,179.0,175.0,179.0,0.00 %,2728.0,486966.0,0.00561797752808979,0.0056022555486697516,178.6,181.2,179.4220615176934,180.87590143156163,47.18762713688624,-1.4538399138682223,-1.2199691853383028,6.573016583424195,181.2,4.13712333317202,189.47424666634402,172.92575333365596,114919.0
HPPL,2019-06-27,176.0,182.0,175.0,182.0,0.00 %,240.0,42590.0,0.016759776536312776,0.01662088123604028,179.2,181.1,179.81866743804827,180.95916799218668,51.41608819055648,-1.1405005541384128,-1.2040754590983247,6.6035153988938955,181.1,4.089781875560849,189.27956375112169,172.9204362488783,115159.0
HPPL,2019-06-30,179.0,180.0,176.0,177.0,0.00 %,521.0,93139.0,-0.027472527472527486,-0.027856954502966224,178.6,180.45,179.38502629373315,180.66589628906175,44.955618876955306,-1.280869995328601,-1.21943436634438,6.560407156115761,180.45,3.6051863226810017,187.660372645362,173.23962735463797,114638.0
HPPL,2019-07-01,175.0,178.0,175.0,176.0,0.00 %,1050.0,186500.0,-0.005649717514124242,-0.005665737535677308,178.4,179.75,178.86425301777422,180.32027434172383,43.77103310320797,-1.4560213239496136,-1.2667517578654268,6.30609235925035,179.75,2.9535883617594925,185.65717672351897,173.84282327648103,113588.0
HPPL,2019-07-02,176.0,179.0,176.0,177.0,0.00 %,583.0,103717.0,0.005681818181818121,0.0056657375356773,178.2,179.15,178.57744486119356,180.07432809418873,45.322615856668726,-1.4968832329951738,-1.3127780528913764,6.069942905018182,179.15,2.058998223507345,183.2679964470147,175.03200355298532,114171.0
HPPL,2019-07-03,174.0,181.0,174.0,181.0,0.00 %,312.0,54798.0,0.02259887005649719,0.022347298691996618,178.6,179.05,178.95014565177917,180.1428963835081,51.13144989108224,-1.1927507317289212,-1.2887725886588854,6.136375554659741,179.05,1.9049796241999815,182.85995924839997,175.24004075160005,114483.0
HPPL,2019-07-04,178.0,178.0,175.0,175.0,0.00 %,40.0,7030.0,-0.03314917127071826,-0.03371105734231172,177.2,178.7,178.34243093612085,179.76194109584083,43.64182473140492,-1.4195101597199766,-1.3149201028711037,6.126634443612618,178.7,1.976173868385928,182.65234773677184,174.74765226322813,114443.0
HPPL,2019-07-07,175.0,179.0,175.0,175.0,0.00 %,1535.0,270280.0,0.0,0.0,176.8,178.4,177.82821079210225,179.40920471837114,43.64182473025754,-1.5809939262688886,-1.3681348675506608,5.974731983354574,178.4,2.0621909657314896,182.52438193146298,174.27561806853703,114443.0
HPPL,2019-07-08,172.0,178.0,172.0,175.0,0.00 %,390.0,68120.0,0.0,0.0,176.6,178.05,177.39310143947114,179.08259696145475,43.6418247290219,-1.6894955219836163,-1.4324069984372518,5.97653684168639,178.05,2.012461179798965,182.07492235959793,174.0250776404021,114443.0
HPPL,2019-07-09,173.0,176.0,172.0,174.0,0.00 %,340.0,59170.0,-0.005714285714285672,-0.005730674708984983,176.0,177.9,176.87108583339867,178.70610829764328,42.350506206117075,-1.8350224642446165,-1.512930091598725,5.835355638708791,177.9,2.1980852912402047,182.2961705824804,173.5038294175196,114103.0
HPPL,2019-07-10,173.0,176.0,172.0,172.0,0.00 %,2920.0,505700.0,-0.011494252873563204,-0.011560822401075971,174.2,177.6,176.12168801287578,178.20935953485488,39.81320350119668,-2.0876715219791038,-1.627878377674801,5.704258807372448,177.6,2.562893102107507,182.725786204215,172.47421379578498,111183.0
HPPL,2019-07-11,171.0,176.0,171.0,175.0,0.00 %,930.0,161410.0,0.01744186046511631,0.017291497110061043,174.2,177.35,175.94912062627952,177.9716291989397,45.12413832243429,-2.022508572660172,-1.7068044166718752,5.653954606845844,177.35,2.5603248149588094,182.4706496299176,172.2293503700824,112113.0
HPPL,2019-07-14,172.0,173.0,171.0,172.0,0.00 %,410.0,70650.0,-0.017142857142857126,-0.017291497110060994,173.6,177.0,175.3415636068519,177.52928629531453,41.208181647572374,-2.187722688462628,-1.802988071030026,5.535814992071141,177.0,2.7909628597332308,182.58192571946645,171.41807428053355,111703.0
HPPL,2019-07-15,172.0,176.0,171.0,176.0,0.00 %,1124.0,194792.0,0.023255813953488413,0.02298951822469878,173.8,176.95,175.44286151349007,177.41600582899494,47.722476102411136,-1.973144315504868,-1.8370193199249945,5.497542492637488,176.95,2.7999060134958795,182.54981202699176,171.35018797300822,112827.0
HPPL,2019-07-16,173.0,174.0,173.0,174.0,0.00 %,370.0,64190.0,-0.011363636363636354,-0.011428695823622744,173.8,176.7,175.22088281910698,177.16296836018049,45.035521219155804,-1.94208554107351,-1.8580325641546978,5.319146600306239,176.7,2.8302873203951937,182.3605746407904,171.0394253592096,112457.0
HPPL,2019-07-17,172.0,177.0,171.0,177.0,0.00 %,290.0,50160.0,0.01724137931034475,0.01709443335930004,174.8,176.55,175.49459315462897,177.15089662979676,49.61788672545933,-1.656303475167789,-1.817686746357316,5.367778985998651,176.55,2.723677854084839,181.9973557081697,171.10264429183033,112747.0
HPPL,2019-07-18,174.0,177.0,174.0,176.0,0.00 %,500.0,88010.0,-0.005649717514124242,-0.005665737535677308,175.0,176.4,175.5723480539168,177.0656450275896,48.176094651227565,-1.4932969736727841,-1.7528087918204098,5.198651915570176,176.4,2.663594721857318,181.72718944371465,171.07281055628536,112247.0
HPPL,2019-07-21,175.0,176.0,173.0,175.0,0.00 %,170.0,29640.0,-0.005681818181818232,-0.005698021114637779,175.6,176.15,175.4842945071604,176.9126342848052,46.71425910144451,-1.4283397776447941,-1.6879149889852867,5.041605350172307,176.15,2.5396850198797063,181.22937003975943,171.07062996024058,112077.0
HPPL,2019-07-22,178.0,178.0,170.0,178.0,0.00 %,2094.0,358708.0,0.017142857142857126,0.016997576368571077,176.0,176.2,175.87132612144342,176.99317989333815,51.47164554096444,-1.1218537718947346,-1.5747027455671763,5.252919253731427,176.2,2.566997016829551,181.33399403365908,171.0660059663409,114171.0
HPPL,2019-07-23,175.0,175.0,173.0,173.0,0.00 %,260.0,45200.0,-0.028089887640449396,-0.02849195579430616,175.8,175.95,175.42958364122134,176.69738879012792,44.362648676527236,-1.2678051489065751,-1.5133232262350562,5.234853592750611,175.95,2.6252819397846907,181.20056387956936,170.69943612043062,113911.0
HPPL,2019-07-24,173.0,177.0,173.0,175.0,0.00 %,500.0,87370.0,0.011560693641618602,0.011494379425735212,175.4,175.75,175.36349385026423,176.5716562871555,47.486945075149315,-1.2081624368912571,-1.4522910683662964,5.1466497646969955,175.75,2.5313819816543432,180.8127639633087,170.6872360366913,114411.0
HPPL,2019-07-25,172.0,174.0,172.0,172.0,0.00 %,370.0,63740.0,-0.017142857142857126,-0.017291497110060994,174.6,175.25,174.84603325791588,176.23301508069952,43.53759060218032,-1.386981822783639,-1.439229219249765,4.99331763864721,175.25,2.19748660260403,179.64497320520806,170.85502679479194,114041.0
HPPL,2019-07-28,170.0,171.0,169.0,170.0,0.00 %,634.0,108034.0,-0.011627906976744207,-0.011696039763191298,173.6,174.9,174.10048967977497,175.77131025990695,41.084448160141875,-1.6708205801319878,-1.4855474914262097,4.850937807315267,174.9,2.447340124382872,179.79468024876576,170.00531975123425,113407.0
HPPL,2019-07-29,168.0,172.0,168.0,170.0,0.00 %,430.0,73360.0,0.0,0.0,172.0,174.6,173.46964511365576,175.34380579621012,41.08444815889538,-1.8741606825543613,-1.56327012965184,4.790156535364177,174.6,2.663594721857982,179.92718944371595,169.27281055628404,113407.0
HPPL,2019-07-30,167.0,174.0,167.0,174.0,0.00 %,940.0,162140.0,0.0235294117647058,0.023256862164267183,172.2,174.45,173.55123817309334,175.24426462612047,47.89437361860165,-1.6930264530271302,-1.5892213943268982,4.948002497123879,174.45,2.6051568293421203,179.66031365868423,169.23968634131575,114347.0
HPPL,2019-07-31,171.0,177.0,168.0,177.0,0.00 %,220.0,37720.0,0.01724137931034475,0.01709443335930004,172.6,174.25,174.08181691569436,175.3743190982597,52.34355393410584,-1.292502182565329,-1.5298775519745846,5.2374308901864595,174.25,2.1974866026044793,178.64497320520897,169.85502679479103,114567.0
HPPL,2019-08-01,178.0,178.0,178.0,178.0,0.00 %,40.0,7120.0,0.005649717514124353,0.005633817718256064,173.8,174.4,174.68461431327984,175.5688139798701,53.76087556778003,-0.8841996665902627,-1.4007419748977203,4.934757255173141,174.4,2.348571794493209,179.09714358898643,169.70285641101358,114607.0
HPPL,2019-08-04,180.0,180.0,167.0,169.0,0.00 %,820.0,142630.0,-0.050561797752809,-0.051884835369011686,173.6,174.1,173.81005826508294,175.08223516654638,41.731610331224324,-1.272176901463439,-1.375028960210864,5.510846022660774,174.1,2.633788546081206,179.3675770921624,168.83242290783758,113787.0
HPPL,2019-08-05,168.0,172.0,168.0,170.0,0.00 %,341.0,57739.0,0.00591715976331364,0.005899722127188322,173.6,173.85,173.2238954550702,174.70577330235776,43.251013578916066,-1.4818778472875636,-1.3963987376262041,5.402928449613576,173.85,2.7772572612098245,179.40451452241965,168.29548547758034,114128.0
HPPL,2019-08-06,168.0,168.0,164.0,164.0,0.00 %,1370.0,227440.0,-0.03529411764705881,-0.03593200922606333,171.6,173.35,171.8048346158286,173.91275305773866,37.014426465169876,-2.1079184419100443,-1.5387026784829723,5.445576417498321,173.35,3.5433406776799656,180.43668135535992,166.26331864464007,112758.0
HPPL,2019-08-07,162.0,175.0,162.0,175.0,0.00 %,410.0,67930.0,0.06707317073170738,0.06491954609931569,171.2,173.5,172.29639852108576,173.99328986827652,50.972277045271426,-1.696891347190757,-1.5703404122245295,5.9851781019627275,173.5,3.5466811766252064,180.59336235325043,166.40663764674957,113168.0
HPPL,2019-08-08,172.0,172.0,172.0,172.0,0.00 %,10.0,1720.0,-0.017142857142857126,-0.017291497110060994,170.0,173.35,172.25079874861103,173.8456387669227,47.85740739443891,-1.5948400183116576,-1.5752403334419551,5.771951094679676,173.35,3.5433406776799656,180.43668135535992,166.26331864464007,113158.0
HPPL,2019-08-11,170.0,170.0,167.0,168.0,0.00 %,678.0,113646.0,-0.023255813953488413,-0.02353049741019416,169.8,173.15,171.59682971036318,173.41262848789137,43.99684319503632,-1.8157987775281867,-1.6233520222592015,5.716811730773985,173.15,3.731445324634071,180.61289064926814,165.68710935073187,112480.0
HPPL,2019-08-12,165.0,171.0,163.0,166.0,0.00 %,180.0,29900.0,-0.011904761904761862,-0.01197619104671565,169.0,172.65,170.73577898569192,172.86354489619572,42.165322923486556,-2.127765910503797,-1.7242347999081207,5.879896607147272,172.65,3.990449123937606,180.63089824787522,164.6691017521248,112300.0
HPPL,2019-08-13,164.0,169.0,162.0,163.0,0.00 %,805.0,131890.0,-0.01807228915662651,-0.0182375875497809,168.8,172.1,169.5456591417393,172.13291194092196,39.50853389290192,-2.5872527991826644,-1.8968383997630296,5.959903992351038,172.1,4.5178010487402585,181.1356020974805,163.0643979025195,111495.0
HPPL,2019-08-14,163.0,167.0,163.0,164.0,0.00 %,1120.0,184240.0,0.006134969325153339,0.006116227017436054,166.6,171.45,168.69248081224094,171.53047401937218,40.84650120771473,-2.837993207131234,-2.0850693612366706,5.81991085004025,171.45,4.706937768667125,180.86387553733425,162.03612446266573,112615.0
HPPL,2019-08-15,162.0,163.0,161.0,162.0,0.00 %,2293.0,370693.0,-0.012195121951219523,-0.01227009259181436,164.6,170.75,167.6628683795885,170.82451298090015,38.989085466826005,-3.16164460131165,-2.3003844092516665,5.618488646465947,170.75,5.0249378105815055,180.799875621163,160.700124378837,110322.0
HPPL,2019-08-18,162.0,164.0,157.0,158.0,0.00 %,3310.0,530410.0,-0.024691358024691357,-0.02500130220541727,162.6,169.9,166.1762732442672,169.87454905638901,35.511061334649554,-3.698275812121807,-2.579962689825695,5.717168028861236,169.9,5.665221694013266,181.23044338802654,158.56955661197347,107012.0
HPPL,2019-08-19,155.0,162.0,155.0,162.0,0.00 %,2040.0,318940.0,0.025316455696202445,0.025001302205417186,161.8,169.1,165.5337696682261,169.29124912628612,41.16332422815116,-3.757479458060004,-2.815466043472557,5.808798883942576,169.1,5.590405314390198,180.2808106287804,157.9191893712196,109052.0
HPPL,2019-08-20,159.0,159.0,154.0,154.0,0.00 %,490.0,76200.0,-0.04938271604938271,-0.050643732818754915,160.0,168.15,163.7593435654221,168.1585640058205,34.62658113985779,-4.399220440398381,-3.132216922857722,5.965313249375249,168.15,6.442253610279868,181.03450722055973,155.26549277944028,108562.0
HPPL,2019-08-21,152.0,155.0,152.0,154.0,0.00 %,1430.0,219960.0,0.0,0.0,158.0,167.1,162.2579060938187,167.10978148687084,34.626581139117576,-4.851875393052154,-3.4761486168966087,5.753505160134161,167.1,6.957767337013225,181.01553467402644,153.18446532597355,108562.0
HPPL,2019-08-22,154.0,156.0,152.0,154.0,0.00 %,700.0,107590.0,0.0,0.0,156.4,166.2,160.98745900246195,166.13868656191747,34.62658113832043,-5.151227559455521,-3.811164405408391,5.628254791553149,166.2,7.438166157709443,181.07633231541888,151.3236676845811,108562.0
HPPL,2019-08-25,152.0,154.0,152.0,152.0,0.00 %,410.0,62340.0,-0.012987012987012991,-0.013072081567352775,155.2,165.3,159.6047730020832,165.0913764462199,32.990754473694395,-5.486603444136705,-4.146252213154054,5.36909373501364,165.3,8.02036880633901,181.34073761267803,149.259262387322,108152.0
HPPL,2019-08-26,151.0,152.0,149.0,149.0,0.00 %,840.0,126700.0,-0.019736842105263164,-0.019934214900817253,152.6,164.25,157.97326946330116,163.8994226353888,30.651610716316057,-5.9261531720876235,-4.502232404940768,5.1998727539412375,164.25,8.717043197408586,181.68408639481717,146.81591360518283,107312.0
HPPL,2019-08-27,150.0,150.0,145.0,148.0,0.00 %,260.0,38410.0,-0.006711409395973145,-0.006734032181344068,151.4,162.95,156.438920315101,162.72168762535998,29.89081877113479,-6.282767310258976,-4.85833938600441,5.1855961286597205,162.95,9.116064478664793,181.18212895732958,144.7178710426704,107052.0
HPPL,2019-08-28,146.0,153.0,146.0,153.0,0.00 %,830.0,121510.0,0.03378378378378377,0.033225647628320386,151.2,161.75,155.90985565123933,162.00156261607407,38.15620955715636,-6.091706964834742,-5.105012901770476,5.315196405184026,161.75,8.74116094904281,179.23232189808562,144.26767810191438,107882.0
HPPL,2019-08-29,150.0,150.0,147.0,148.0,0.00 %,850.0,127030.0,-0.0326797385620915,-0.03322564762832039,150.0,160.25,154.6929547818179,160.9644098296982,33.85758814369828,-6.271455047880323,-5.338301330992446,5.3641109476708815,160.25,8.37210279818575,176.9942055963715,143.5057944036285,107032.0
HPPL,2019-09-01,146.0,146.0,139.0,140.0,0.00 %,880.0,123510.0,-0.05405405405405406,-0.055569851154810765,147.6,158.8,152.43250019999977,159.4114905830539,28.353606824210488,-6.978990383054139,-5.666439141404785,5.6238173085515335,158.8,9.242920477187011,177.28584095437404,140.31415904562598,106152.0
HPPL,2019-09-02,139.0,143.0,139.0,139.0,0.00 %,580.0,80990.0,-0.0071428571428571175,-0.007168489478612516,145.6,157.25,150.36596170769212,157.8995283176425,27.746419661716587,-7.533566609950384,-6.039864635113905,5.507830357940709,157.25,9.845517280801113,176.94103456160224,137.55896543839776,105572.0
HPPL,2019-09-03,138.0,142.0,137.0,142.0,0.00 %,550.0,76610.0,0.021582733812949728,0.02135312447056906,144.4,156.15,149.0788906757395,156.7217854792986,32.42189947491195,-7.642894803559102,-6.360470668802945,5.471556760944944,156.15,10.271447394558718,176.69289478911745,135.60710521088257,106122.0
HPPL,2019-09-04,140.0,148.0,140.0,144.0,0.00 %,2470.0,355170.0,0.014084507042253502,0.01398624197473987,142.6,154.6,148.29752287947187,155.77943099935055,35.42205955674888,-7.481908119878682,-6.584758159018093,5.652159849448877,154.6,9.593857684133145,173.78771536826628,135.4122846317337,108592.0
HPPL,2019-09-05,144.0,147.0,143.0,143.0,0.00 %,1140.0,164710.0,-0.00694444444444442,-0.006968669316093316,141.6,153.15,147.48251935955312,154.83280648088012,34.595056378227596,-7.350287121327,-6.737863951479875,5.5341484316311,153.15,8.998684114342455,171.1473682286849,135.1526317713151,107452.0
HPPL,2019-09-08,143.0,143.0,142.0,143.0,0.00 %,700.0,100070.0,0.0,0.0,142.2,151.9,146.79290099654494,153.95630229711122,34.59505637735778,-7.163401300566278,-6.822971421297156,5.210280686514593,151.9,8.552623481792045,169.00524696358409,134.79475303641593,107452.0
HPPL,2019-09-09,141.0,143.0,141.0,141.0,0.00 %,380.0,53920.0,-0.013986013986013957,-0.014084739881738972,142.6,150.65,145.90168545861496,152.99657620102892,32.81783061093164,-7.094890742413952,-6.877355285520516,4.9809749231921225,150.65,8.203176534941111,167.05635306988222,134.2436469301178,107072.0
HPPL,2019-09-10,141.0,143.0,140.0,143.0,0.00 %,700.0,98940.0,0.014184397163120588,0.014084739881739023,142.8,149.65,145.45527231113573,152.25608907502675,36.33976667331817,-6.800816763891021,-6.862047581194617,4.839476714392686,149.65,7.828927465713962,165.30785493142793,133.99214506857209,107772.0
HPPL,2019-09-11,143.0,143.0,137.0,137.0,0.00 %,1230.0,171380.0,-0.04195804195804198,-0.04286370443178239,141.4,148.3,144.1544611863456,151.12600840280254,31.076395245906497,-6.9715472164569405,-6.883947508247083,4.922371234793209,148.3,7.547045430968156,163.39409086193632,133.2059091380637,106542.0
HPPL,2019-09-15,133.0,135.0,133.0,135.0,0.00 %,340.0,45790.0,-0.014598540145985384,-0.014706147389695449,139.8,146.95,142.7460825422924,149.9314892618542,29.540494760425787,-7.185406719561797,-6.944239350510026,4.856487575165122,146.95,7.380450706551524,161.71090141310304,132.18909858689693,106202.0
HPPL,2019-09-16,133.0,134.0,131.0,131.0,0.00 %,230.0,30230.0,-0.029629629629629672,-0.03007745523727795,137.4,145.6,140.93899292040126,148.52915672393908,26.698436660091474,-7.59016380353782,-7.073424241115585,4.795309891224757,145.6,7.714647721960146,161.0292954439203,130.1707045560797,105972.0
HPPL,2019-09-17,130.0,136.0,130.0,136.0,0.00 %,1854.0,246416.0,0.03816793893129766,0.037457562534900415,136.4,144.3,140.17914785572415,147.60107104068433,35.10333153461697,-7.421923184960178,-7.143124029884504,4.881359184708703,144.3,6.959280059577408,158.21856011915483,130.3814398808452,107826.0
HPPL,2019-09-18,138.0,138.0,136.0,136.0,0.00 %,150.0,20590.0,0.0,0.0,135.0,143.4,139.5362020317666,146.7417324450781,35.10333153375005,-7.205530413311493,-7.155605306569902,4.675547814372368,143.4,6.8009287291672536,157.0018574583345,129.7981425416655,107826.0
HPPL,2019-09-19,134.0,137.0,132.0,132.0,0.00 %,270.0,36260.0,-0.02941176470588236,-0.02985296314968116,134.0,142.3,138.37678633457176,145.6497522639612,31.727967246674908,-7.272965929389443,-7.179077431133811,4.698722970488627,142.3,6.775342290848642,155.8506845816973,128.74931541830273,107556.0
HPPL,2019-09-22,132.0,132.0,128.0,130.0,0.00 %,250.0,32340.0,-0.015151515151515138,-0.01526747213078842,133.0,141.1,137.08804997540688,144.49051135551963,30.16609298397408,-7.402461380112754,-7.2237542209295995,4.648814186882297,141.1,6.719179147881274,154.53835829576255,127.66164170423744,107306.0
HPPL,2019-09-23,128.0,134.0,128.0,134.0,0.00 %,510.0,67320.0,0.03076923076923066,0.030305349495328843,133.6,140.2,136.6129653638058,143.71343644029596,36.86060485287066,-7.100471076490152,-7.199097592041711,4.745327459247847,140.2,6.379242654295024,152.95848530859004,127.44151469140994,107816.0
HPPL,2019-09-24,132.0,132.0,128.0,130.0,0.00 %,140.0,18110.0,-0.02985074626865669,-0.030305349495328922,132.4,139.25,135.59558607706646,142.69762633360736,33.411306813298424,-7.102040256540903,-7.17968612494155,4.83494692644443,139.25,6.414416329049667,152.07883265809934,126.42116734190067,107676.0
HPPL,2019-09-25,130.0,131.0,128.0,131.0,0.00 %,630.0,82280.0,0.007692307692307665,0.007662872745569097,131.4,138.4,134.88857283444085,141.83113549408088,35.04769936646565,-6.942562659640032,-7.132261431881247,4.703879288841256,138.4,6.319560277862589,151.0391205557252,125.76087944427482,108306.0
HPPL,2019-09-26,129.0,138.0,129.0,136.0,0.00 %,1770.0,238070.0,0.03816793893129766,0.037457562534900415,132.2,137.55,135.05956162914225,141.39919953155638,42.638108014329056,-6.339637902414125,-6.973736725987823,5.010745053924024,137.55,5.316063046660261,148.18212609332053,126.91787390667949,110076.0
HPPL,2019-09-29,134.0,140.0,133.0,140.0,0.00 %,980.0,135240.0,0.02941176470588225,0.028987536873252187,134.2,137.15,135.81962907081268,141.29555512181147,47.88506484766203,-5.475926050998794,-6.674174590990018,5.152834692929451,137.15,4.7603073762171695,146.67061475243435,127.62938524756566,111056.0
HPPL,2019-09-30,138.0,145.0,126.0,145.0,0.00 %,4500.0,638120.0,0.03571428571428581,0.03509131981127019,136.4,137.4,137.2319938291492,141.56995844612172,53.59865740413434,-4.337964616972528,-6.206932596186521,6.141917929148776,137.4,5.040885469445531,147.48177093889106,127.31822906110895,115556.0
HPPL,2019-10-01,145.0,149.0,143.0,149.0,0.00 %,230.0,33170.0,0.02758620689655178,0.027212563524884794,140.2,137.9,139.0424563169724,142.12033189455715,57.60321597812097,-3.077875577584763,-5.581121192466169,6.131780934209578,137.9,5.665221694018854,149.2304433880377,126.5695566119623,115786.0
HPPL,2019-10-02,150.0,150.0,141.0,141.0,0.00 %,60.0,8760.0,-0.05369127516778527,-0.0551864155672909,142.2,137.85,139.343616883592,142.0373443468122,48.57412956062065,-2.693727463220199,-5.003642446616975,6.336653724623179,137.85,5.631443677691674,149.11288735538335,126.58711264461664,115726.0
HPPL,2019-10-03,139.0,141.0,139.0,141.0,0.00 %,30.0,4190.0,0.0,0.0,143.2,137.7,139.5984450553471,141.96050402482612,48.57412955959571,-2.3620589694790226,-4.475325751189384,6.026892744292953,137.7,5.497367791212077,148.69473558242413,126.70526441757583,115726.0
HPPL,2019-10-10,142.0,144.0,140.0,144.0,0.00 %,60.0,8500.0,0.02127659574468077,0.021053409197832263,144.0,137.75,140.27560735452445,142.1115778007649,51.856130537306036,-1.8359704462404522,-3.9474546901995984,5.88211469112917,137.75,5.552382134606546,148.8547642692131,126.64523573078691,115786.0
HPPL,2019-10-14,146.0,148.0,142.0,144.0,0.00 %,320.0,46590.0,0.0,0.0,143.8,137.8,140.84859083844376,142.25146092663417,51.85613053611803,-1.4028700881904115,-3.4385377697977613,5.89053507033423,137.8,5.6063873347856745,149.01277466957137,126.58722533042867,115786.0
HPPL,2019-10-15,145.0,145.0,139.0,139.0,0.00 %,260.0,36980.0,-0.03472222222222221,-0.03533936644530885,141.8,137.7,140.56419224791395,142.01061196910572,46.16162219353472,-1.4464197211917735,-3.040114160076564,5.898353993881785,137.7,5.563981913802301,148.82796382760458,126.57203617239539,115526.0
HPPL,2019-10-16,141.0,141.0,140.0,141.0,0.00 %,140.0,19670.0,0.014388489208633004,0.014285957247476434,141.8,137.6,140.63123959438872,141.93575182324605,48.593377498458125,-1.3045122288573339,-2.692993773832718,5.619900137175944,137.6,5.481067894437643,148.56213578887528,126.63786421112471,115666.0
HPPL,2019-10-17,139.0,141.0,138.0,138.0,0.00 %,2420.0,336800.0,-0.021276595744680882,-0.02150620522096362,141.2,137.65,140.2264335029443,141.64421465115376,45.28895089848469,-1.4177811482094569,-2.4379512487080657,5.432764413091948,137.65,5.4798674590448035,148.6097349180896,126.6902650819104,113246.0
HPPL,2019-10-21,140.0,140.0,139.0,139.0,0.00 %,350.0,48820.0,0.007246376811594235,0.007220247973487097,140.2,137.85,140.03775142556827,141.44834689921646,46.592667918926026,-1.4105954736481863,-2.23248009369609,5.187566955013952,137.85,5.450977700836202,148.7519554016724,126.94804459832758,113596.0
HPPL,2019-10-22,140.0,140.0,137.0,138.0,0.00 %,370.0,51390.0,-0.007194244604316502,-0.00722024797348702,139.0,138.2,139.72425120625007,141.1929137955708,45.42691575959367,-1.4686625893207292,-2.0797165928210175,5.031312172512956,138.2,5.207282350128539,148.61456470025706,127.78543529974291,113226.0
HPPL,2019-10-23,138.0,146.0,138.0,146.0,0.00 %,1650.0,233760.0,0.05797101449275366,0.05635293655113178,140.4,138.7,140.68975102067313,141.54899425515814,55.104484813948666,-0.8592432344850067,-1.8356219211538154,5.243361303047744,138.7,5.45893762560766,149.6178752512153,127.78212474878467,114876.0
HPPL,2019-10-24,148.0,150.0,147.0,148.0,0.00 %,380.0,56260.0,0.013698630136986356,0.013605652055778678,141.8,139.3,141.81440470980033,142.02684653255383,57.15027239190855,-0.21244182275350454,-1.5109859014737532,5.154549781401477,139.3,5.795642646375317,150.89128529275064,127.70871470724938,115256.0
HPPL,2019-10-31,146.0,146.0,138.0,139.0,0.00 %,110.0,15450.0,-0.060810810810810856,-0.06273834063342336,142.0,139.65,141.38141936983106,141.80263567829059,46.81270191449874,-0.4212163084595204,-1.2930319828709067,5.500653368444229,139.65,5.537194805681168,150.72438961136234,128.57561038863767,115146.0
HPPL,2019-11-03,137.0,139.0,137.0,137.0,0.00 %,330.0,45500.0,-0.014388489208633115,-0.014493007302566864,141.6,140.0,140.7073548513955,141.4468848873061,44.870333334100636,-0.7395300359106045,-1.1823315934788463,5.250606699269642,140.0,5.099019513619486,150.19803902723896,129.80196097276104,114816.0
HPPL,2019-11-04,137.0,141.0,139.0,141.0,0.00 %,140.0,19680.0,0.029197080291970767,0.028778964550043327,142.2,140.35,140.75237718195004,141.41378230306123,49.39298688069836,-0.6614051211111871,-1.0781462990053146,5.16127764932181,140.35,4.901933023684903,150.1538660473698,130.54613395263019,114956.0
HPPL,2019-11-05,141.0,140.0,137.0,138.0,0.00 %,310.0,42820.0,-0.021276595744680882,-0.02150620522096362,140.6,140.75,140.32893453857312,141.1609095398715,46.323569701138915,-0.8319750012983889,-1.0289120394639295,5.078329245798823,140.75,4.302691935870791,149.3553838717416,132.1446161282584,114646.0
HPPL,2019-11-06,138.0,140.0,138.0,139.0,0.00 %,70.0,9730.0,0.007246376811594235,0.007220247973487097,138.8,141.15,140.12448307110031,141.0008421665477,47.49483713459856,-0.8763590954473841,-0.9984014506606205,4.858448585384622,141.15,3.6745927092968005,148.4991854185936,133.8008145814064,114716.0
HPPL,2019-11-07,139.0,140.0,136.0,136.0,0.00 %,3100.0,424810.0,-0.021582733812949617,-0.021819047394639725,138.2,141.15,139.48994721400797,140.6304094134701,44.36703825954385,-1.140462199462121,-1.0268136004209205,4.79713082928572,141.15,3.6745927092968005,148.4991854185936,133.8008145814064,111616.0
HPPL,2019-11-10,135.0,139.0,135.0,136.0,0.00 %,410.0,56110.0,0.0,0.0,138.0,140.95,138.95303225800674,140.28741612358343,44.367038258494986,-1.334383865576683,-1.088327653452073,4.740192912908169,140.95,3.845366316169817,148.64073263233962,133.25926736766036,111616.0
HPPL,2019-11-11,135.0,136.0,135.0,135.0,0.00 %,160.0,21630.0,-0.007352941176470562,-0.007380107297622534,136.8,140.45,138.34487344908263,139.89575566998465,43.265542863270895,-1.5508822209020252,-1.1808385669420636,4.473036276271871,140.45,3.940010686634959,148.33002137326991,132.56997862673006,111456.0
HPPL,2019-11-12,135.0,137.0,135.0,137.0,0.00 %,290.0,39530.0,0.014814814814814836,0.014706147389695487,136.6,139.85,138.13796984153146,139.68125524998578,46.145329419291286,-1.5432854084543237,-1.2533279352445157,4.2963908279667375,139.85,3.453068810608761,146.7561376212175,132.94386237878248,111746.0
HPPL,2019-11-13,135.0,135.0,135.0,135.0,0.00 %,120.0,16200.0,-0.014598540145985384,-0.014706147389695449,135.8,139.55,137.65520525052662,139.33449560183868,43.75360090570879,-1.679290351312062,-1.338520418458025,4.1323629116833995,139.55,3.605186322692071,146.76037264538417,132.33962735461586,111626.0
HPPL,2019-11-14,135.0,143.0,135.0,143.0,0.00 %,1250.0,174380.0,0.059259259259259345,0.05756985182147791,137.2,139.65,138.47748136583022,139.60601444614693,54.01960634411031,-1.1285330803167142,-1.2965229508297629,4.408622703706014,139.65,3.674592709297249,146.9991854185945,132.30081458140552,112876.0
HPPL,2019-11-17,141.0,141.0,139.0,139.0,0.00 %,30.0,4190.0,-0.027972027972028024,-0.028370697129215576,137.8,139.4,138.55786884801017,139.5611244871731,49.18567893487406,-1.0032556391629157,-1.2378694884963934,4.379435367727012,139.4,3.530319800671111,146.46063960134222,132.3393603986578,112846.0
HPPL,2019-11-18,137.0,137.0,134.0,134.0,0.00 %,1104.0,148166.0,-0.03597122302158273,-0.036634133179780384,137.6,138.9,137.85665825600861,139.1491893399751,43.89774938567538,-1.2925310839664803,-1.2488018075904108,4.423761412889369,138.9,3.552612085755171,146.00522417151035,131.79477582848966,111742.0
HPPL,2019-11-19,134.0,135.0,134.0,134.0,0.00 %,170.0,22870.0,0.0,0.0,137.0,138.65,137.2633262166227,138.76776790738435,43.897749384658894,-1.5044416907616665,-1.299929784224662,4.179207026254414,138.65,3.717313687719517,146.08462737543903,131.21537262456098,111742.0
HPPL,2019-11-20,134.0,136.0,133.0,133.0,0.00 %,500.0,66840.0,-0.007462686567164201,-0.007490671729157626,136.6,138.25,136.6074298756038,138.3405258401707,42.82969987791688,-1.7330959645668997,-1.3865630202931096,4.094977952950527,138.25,3.878076028714071,146.00615205742815,130.49384794257185,111242.0
HPPL,2019-11-21,133.0,135.0,133.0,133.0,0.00 %,640.0,86130.0,0.0,0.0,134.6,138.0,136.05244066397245,137.94493133349138,42.82969987679466,-1.892490669518935,-1.4877485501382748,3.9453366705969177,138.0,4.052289801069968,146.10457960213995,129.89542039786005,111242.0
HPPL,2019-11-24,133.0,135.0,132.0,132.0,0.00 %,700.0,93060.0,-0.007518796992481258,-0.007547205635382966,133.2,137.65,135.42898825413053,137.50456604952905,41.65431922673766,-2.075577795398516,-1.605314399190323,3.8778126226971383,137.65,4.258428175582312,146.16685635116463,129.1331436488354,110542.0
HPPL,2019-11-25,132.0,133.0,132.0,133.0,0.00 %,370.0,48940.0,0.007575757575757569,0.007547205635382904,133.0,137.4,135.05529775349507,137.17089449030468,43.32917615617696,-2.115596736809607,-1.7073708667141798,3.6722545782187717,137.4,4.381780460073059,146.16356092014612,128.6364390798539,110912.0
HPPL,2019-11-26,132.0,134.0,132.0,133.0,0.00 %,600.0,80130.0,0.0,0.0,132.8,136.75,134.7390980991112,136.8619393428747,43.32917615483749,-2.122841243763503,-1.7904649421240446,3.5528078226317166,136.75,3.985169876887048,144.72033975377408,128.77966024622592,110912.0
HPPL,2019-11-27,132.0,138.0,132.0,136.0,0.00 %,930.0,125970.0,0.022556390977443552,0.022305757514298186,133.4,136.15,134.93308300694025,136.79809198414324,48.475244654223445,-1.86500897720299,-1.8053737491398338,3.7276072638723083,136.15,2.978431236718382,142.10686247343676,130.19313752656325,111842.0
HPPL,2019-11-28,138.0,140.0,136.0,136.0,0.00 %,750.0,103040.0,0.0,0.0,134.0,136.0,135.0972240827956,136.7389740593919,48.47524465264328,-1.6417499765962873,-1.7726489946311246,3.747063887881429,136.0,2.901905000488493,141.803810000977,130.196189999023,111842.0
HPPL,2019-12-01,134.0,134.0,132.0,133.0,0.00 %,180.0,23920.0,-0.022058823529411797,-0.022305757514298277,134.2,135.8,134.77457422390398,136.46201301795546,43.85654406537604,-1.6874387940514737,-1.7556069545151944,3.7651307530327554,135.8,2.966479394885732,141.7329587897715,129.86704121022854,111662.0
HPPL,2019-12-02,131.0,134.0,131.0,132.0,0.00 %,700.0,92580.0,-0.007518796992481258,-0.007547205635382966,134.0,135.35,134.3477166509957,136.13149353514393,42.40613043099945,-1.7837768841482387,-1.7612409404418035,3.710478556387559,135.35,2.8149039434426437,140.97980788688528,129.7201921131147,110962.0
HPPL,2019-12-03,132.0,134.0,132.0,133.0,0.00 %,170.0,22580.0,0.007575757575757569,0.007547205635382904,134.0,135.1,134.1403756277656,135.8995310510592,44.38683525906723,-1.7591554232936062,-1.7608238370121643,3.5883015166455903,135.1,2.7890764365116008,140.6781528730232,129.52184712697678,111132.0
HPPL,2019-12-04,132.0,133.0,132.0,133.0,0.00 %,200.0,26420.0,0.0,0.0,133.4,134.8,133.96493322349397,135.68475097320297,44.3868352574233,-1.7198177497089944,-1.7526226195515302,3.4034228368851913,134.8,2.6675437154746104,140.13508743094923,129.4649125690508,111132.0
HPPL,2019-12-05,133.0,135.0,132.0,134.0,0.00 %,120.0,16000.0,0.007518796992481258,0.007490671729157659,133.0,134.7,133.97032811218722,135.55995460481756,46.519904920058735,-1.5896264926303445,-1.7200233941672933,3.3746069199648208,134.7,2.657660229416272,140.01532045883252,129.38467954116746,111252.0
HPPL,2019-12-08,132.0,133.0,132.0,133.0,0.00 %,120.0,15880.0,-0.007462686567164201,-0.007490671729157626,133.0,134.55,133.8210468641584,135.37032833779404,44.674581041041925,-1.5492814736356308,-1.685875010060961,3.276420711395905,134.55,2.6650762801900854,139.88015256038017,129.21984743961985,111132.0
HPPL,2019-12-09,135.0,139.0,135.0,139.0,0.00 %,340.0,46500.0,0.04511278195488733,0.044124804908938095,134.4,134.75,134.61780888505712,135.63919290536484,55.96205499650009,-1.0213840203077211,-1.552976812110313,3.4709620891533404,134.75,2.8446625921964612,140.4393251843929,129.0606748156071,111472.0
HPPL,2019-12-10,137.0,143.0,136.0,143.0,0.00 %,1190.0,166130.0,0.02877697841726623,0.028370697129215566,136.4,135.05,135.90737674889448,136.1844378753378,61.58841709099657,-0.2770611264433285,-1.2977936749769161,3.7230362256423875,135.05,3.3635038122499825,141.7770076245,128.32299237550004,112662.0
HPPL,2019-12-11,145.0,147.0,141.0,147.0,0.00 %,280.0,40290.0,0.027972027972027913,0.027587956518828963,139.2,135.65,137.61393417214148,136.9855906253128,66.23423243132635,0.6283435468286882,-0.9125662306157953,3.88567649523936,135.65,4.2953463190157315,144.24069263803148,127.05930736196854,112942.0
HPPL,2019-12-12,145.0,161.0,143.0,161.0,0.00 %,480.0,70730.0,0.09523809523809534,0.09097177820572679,144.6,136.55,141.2117904533505,138.76443576417853,76.80734631650381,2.4473546891719593,-0.24058204665824445,4.89384245986512,136.55,6.969671139282948,150.4893422785659,122.61065772143411,113422.0
HPPL,2019-12-15,164.0,164.0,156.0,158.0,0.00 %,720.0,115690.0,-0.018633540372670843,-0.018809331957496227,149.6,137.5,143.7945919220658,140.18929237423936,71.63120146055812,3.6052995478264336,0.5285942722386912,5.11571085558904,137.5,8.457323204758794,154.4146464095176,120.58535359048241,112702.0
HPPL,2019-12-16,155.0,155.0,143.0,143.0,0.00 %,2359.0,341604.0,-0.09493670886075944,-0.09975040276705947,150.4,137.95,143.67234701097874,140.3974929391105,52.5588512337061,3.2748540718682477,1.0778462321646025,5.821731508761251,137.95,8.500619172511279,154.95123834502255,120.94876165497743,110343.0
HPPL,2019-12-17,141.0,141.0,134.0,137.0,0.00 %,350.0,47710.0,-0.04195804195804198,-0.04286370443178239,149.2,138.1,142.64583208621278,140.1458267954727,47.15085674128689,2.5000052907400914,1.3622780438797004,6.048750686706876,138.1,8.453588462600564,155.00717692520112,121.19282307479887,109993.0
HPPL,2019-12-18,135.0,137.0,134.0,134.0,0.00 %,1170.0,159920.0,-0.021897810218978075,-0.022141125877213518,146.6,138.15,141.31570407294927,139.6905803661784,44.675625889269035,1.6251237067708644,1.4148471764579333,5.830982780513528,138.15,8.424744256637712,154.99948851327542,121.30051148672459,108823.0
HPPL,2019-12-19,133.0,135.0,133.0,133.0,0.00 %,690.0,92300.0,-0.007462686567164201,-0.007490671729157626,141.0,138.15,140.03636498480324,139.19498182053556,43.84929840282316,0.8413831642676826,1.3001543740198833,5.557341153333991,138.15,8.424744256637712,154.99948851327542,121.30051148672459,108133.0
HPPL,2019-12-22,131.0,135.0,131.0,135.0,0.00 %,370.0,49260.0,0.015037593984962516,0.014925650216675792,136.4,138.3,139.26153960252583,138.88424242642182,46.000523145698736,0.37729717610400826,1.1155829344367083,5.44610249952442,138.3,8.335718956790224,154.97143791358047,121.62856208641956,108503.0
HPPL,2019-12-23,133.0,136.0,132.0,134.0,0.00 %,280.0,37420.0,-0.007407407407407418,-0.00743497848751809,134.6,138.35,138.452071971368,138.5224466911313,45.07074355577742,-0.07037471976329357,0.878391403596708,5.342809463844104,138.35,8.305198118633276,154.96039623726654,121.73960376273344,108223.0
HPPL,2019-12-24,135.0,143.0,135.0,143.0,0.00 %,3300.0,462860.0,0.0671641791044777,0.065004830308996,135.8,138.85,139.15175320654217,138.85411730660306,54.068860791116954,0.29763589993910955,0.7622403028651883,5.6040373592838115,138.85,8.267087567116983,155.38417513423397,122.31582486576603,111523.0
HPPL,2019-12-25,141.0,145.0,136.0,145.0,0.00 %,1640.0,230110.0,0.013986013986013957,0.013889112160667093,138.0,139.3,140.05148348245876,139.30936787648432,55.801574820612565,0.7421156059744476,0.7582153634870402,5.846606119334968,139.3,8.348337369942547,155.9966747398851,122.60332526011491,113163.0
HPPL,2019-12-26,144.0,144.0,138.0,138.0,0.00 %,460.0,64790.0,-0.0482758620689655,-0.049480057263369695,139.0,139.4,139.73587063900356,139.21237766341142,48.85485012160039,0.5234929755921485,0.711270885908062,5.928991396525328,139.4,8.318653737250623,156.03730747450126,122.76269252549876,112703.0
HPPL,2019-12-29,139.0,140.0,138.0,139.0,0.00 %,990.0,137630.0,0.007246376811594235,0.007220247973487097,139.8,139.7,139.62265977146455,139.1966459846402,49.815987914072224,0.4260137868243419,0.654219466091318,5.648349153916376,139.7,8.182780379376878,156.06556075875375,123.33443924124623,113693.0
HPPL,2019-12-30,139.0,140.0,137.0,137.0,0.00 %,1742.0,239886.0,-0.014388489208633115,-0.014493007302566864,140.4,139.95,139.2191736527777,139.03393146725946,47.87808228115187,0.18524218551823424,0.5604240099767012,5.459181357208064,139.95,8.00969806910144,155.96939613820285,123.93060386179711,111951.0
HPPL,2019-12-31,138.0,138.0,137.0,137.0,0.00 %,250.0,34320.0,0.0,0.0,139.2,140.15,138.87776232158112,138.8832698770921,47.87808228014897,-0.005507555510973816,0.4472376968791662,5.140668403121774,140.15,7.875845819256063,155.90169163851212,124.39830836148788,111951.0
HPPL,2020-01-01,137.0,144.0,137.0,144.0,0.00 %,2280.0,324480.0,0.051094890510948954,0.049832373747875754,139.0,140.7,139.66579888749172,139.2622869232334,54.98609192234596,0.40351196425831404,0.4384925503549958,5.27347780289879,140.7,7.733045971690003,156.16609194338,125.23390805661998,114231.0
HPPL,2020-01-02,144.0,148.0,142.0,144.0,0.00 %,1520.0,219570.0,0.0,0.0,140.2,141.2,140.33259905864685,139.6132286326235,54.986091921192326,0.719370426023346,0.49466812548866584,5.325372245548877,141.2,7.599168929647672,156.39833785929534,126.00166214070464,114231.0
HPPL,2020-01-05,142.0,147.0,142.0,146.0,0.00 %,3650.0,532460.0,0.01388888888888884,0.01379332213233577,141.6,141.85,141.2045068957781,140.08632280798471,56.932262922798955,1.118184087793395,0.6193713179496118,5.302131370866814,141.85,7.414601526025671,156.67920305205135,127.02079694794865,117881.0
HPPL,2020-01-06,144.0,149.0,143.0,146.0,0.00 %,2420.0,354770.0,0.0,0.0,143.4,142.2,141.9422750656584,140.5243729703562,56.93226292147356,1.4179020953021961,0.7790774734201287,5.351979130090613,142.2,7.4381661577126295,157.07633231542525,127.32366768457473,117881.0
HPPL,2020-01-07,146.0,151.0,146.0,149.0,0.00 %,5649.0,838519.0,0.020547945205479534,0.020339684237122783,145.8,142.5,143.02807890171096,141.15219719477426,59.94493810762785,1.8758817069366955,0.9984383201234421,5.326837763655569,142.5,7.591546545180077,157.68309309036016,127.31690690963984,123530.0
HPPL,2020-01-08,147.0,150.0,145.0,150.0,0.00 %,1810.0,266860.0,0.006711409395973256,0.00668898815079671,147.0,142.65,144.10068214760156,141.80758999516135,60.92612154086235,2.2930921524402095,1.2573690865867957,5.303492209108743,142.65,7.7137948883292315,158.07758977665847,127.22241022334154,125340.0
HPPL,2020-01-09,147.0,147.0,145.0,146.0,0.00 %,675.0,98585.0,-0.026666666666666616,-0.02702867238791926,147.4,141.9,144.3928848941244,142.11813888440867,55.11079445602719,2.2747460097157273,1.460844471212582,5.281814194172404,141.9,6.4636636181572324,154.82732723631446,128.97267276368555,124665.0
HPPL,2020-01-12,146.0,153.0,146.0,149.0,0.00 %,1737.0,269960.0,0.020547945205479534,0.020339684237122783,148.0,141.45,145.10167183348986,142.62790637445246,58.32375328844348,2.473765459037395,1.6634286687775446,5.404541751731518,141.45,5.529585498908848,152.50917099781768,130.3908290021823,126402.0
HPPL,2020-01-13,154.0,163.0,151.0,160.0,0.00 %,11278.0,1790008.0,0.0738255033557047,0.07122750928836778,150.8,142.3,147.39372232064528,143.91472812449302,67.50721290443536,3.4789941961522572,2.026541774252487,6.018503055179266,142.3,6.913754406996789,156.1275088139936,128.47249118600644,137680.0
HPPL,2020-01-14,157.0,157.0,146.0,157.0,0.00 %,930.0,141910.0,-0.018750000000000044,-0.01892800988551891,152.4,143.3,148.87161119439216,144.88400752267873,63.40379076306316,3.9876036717134298,2.4187541537446755,6.588609979809319,143.3,7.526094954451697,158.3521899089034,128.24781009109662,136750.0
HPPL,2020-01-15,160.0,160.0,149.0,157.0,0.00 %,491.0,76380.0,0.0,0.0,153.8,144.45,150.12213254910105,145.78148844692473,63.40379076167967,4.340644102176327,2.803132143431006,6.903709266965796,144.45,7.783078811738751,160.01615762347748,128.8838423765225,136750.0
HPPL,2020-01-16,154.0,160.0,153.0,154.0,0.00 %,710.0,122000.0,-0.019108280254777066,-0.019293202934678896,155.4,145.5,150.71872754154703,146.39026708048587,59.22841561914853,4.328460461061155,3.108197806957036,6.91058717646824,145.5,7.570719217745765,160.64143843549152,130.35856156450848,136040.0
HPPL,2020-01-19,157.0,170.0,152.0,170.0,0.00 %,7258.0,1149386.0,0.10389610389610393,0.09884583463663264,159.6,147.25,153.6850771505398,148.13913618563507,70.41757500813296,5.54594096490473,3.595746438546575,7.702688092434794,147.25,8.937649520294789,165.12529904058957,129.37470095941043,143298.0
HPPL,2020-01-20,170.0,170.0,153.0,154.0,0.00 %,2200.0,346520.0,-0.09411764705882353,-0.0988458346366326,158.4,148.25,153.73352681968754,148.5732742459584,54.35360429451294,5.160252573729139,3.9086476655830884,8.366781800118023,148.25,8.484506002444597,165.21901200488918,131.28098799511082,141098.0
HPPL,2020-01-21,151.0,158.0,151.0,155.0,0.00 %,540.0,83080.0,0.006493506493506551,0.00647251450561752,158.0,148.85,153.92836884742792,149.04932800551705,55.04388433939858,4.879040841910864,4.102726300848644,8.269154528681021,148.85,8.517937729177689,165.88587545835537,131.81412454164462,141638.0
HPPL,2020-01-22,152.0,158.0,152.0,155.0,0.00 %,1139.0,179125.0,0.0,0.0,157.6,149.35,154.09323517859283,149.4901185236269,55.04388433850215,4.60311665496593,4.2028043716721015,8.107072062346662,149.35,8.573367575183065,166.49673515036613,132.20326484963385,141638.0
HPPL,2020-01-23,154.0,156.0,149.0,149.0,0.00 %,2890.0,444450.0,-0.03870967741935483,-0.03947881097378746,156.6,149.9,153.3096605357324,149.4538134478027,49.80310509560888,3.8558470879297033,4.133412914923622,8.027995486464757,149.9,8.149265385054125,166.19853077010825,133.60146922989176,138748.0
HPPL,2020-01-26,148.0,149.0,143.0,143.0,0.00 %,1249.0,183255.0,-0.04026845637583898,-0.04110167568555192,151.2,150.1,151.72355891485049,148.9757531924099,45.17145680719933,2.7478057224405745,3.8562914764270126,7.883138666002989,150.1,7.913346487538027,165.92669297507604,134.27330702492395,137499.0
HPPL,2020-01-27,142.0,147.0,142.0,143.0,0.00 %,375.0,54160.0,0.0,0.0,149.0,150.4,150.3814729279504,148.53310480778694,45.17145680644532,1.8483681201634568,3.4547068051743017,7.677200189859919,150.4,7.4931547709428425,165.38630954188568,135.41369045811433,137499.0
HPPL,2020-01-28,143.0,149.0,143.0,149.0,0.00 %,750.0,107720.0,0.04195804195804187,0.04110167568555178,147.8,151.0,150.16893863134266,148.56768963683976,50.50936993720343,1.601248994502896,3.084015243040021,7.557400176298497,151.0,6.813299687510343,164.62659937502067,137.37340062497933,138249.0
HPPL,2020-01-29,147.0,147.0,144.0,144.0,0.00 %,340.0,49150.0,-0.03355704697986572,-0.03413300636945847,145.6,151.0,149.21987114959762,148.2293422563331,46.450899723154514,0.9905288932645249,2.665317973084922,7.374728735134319,151.0,6.813299687510343,164.62659937502067,137.37340062497933,137909.0
HPPL,2020-01-30,142.0,150.0,142.0,150.0,0.00 %,858.0,124978.0,0.04166666666666674,0.0408219945202552,145.8,151.3,149.33989097273644,148.36050208919733,51.48826189136012,0.9793888835391158,2.3281321551757608,7.419390968339011,151.3,6.618156843128528,164.53631368625707,138.06368631374295,138767.0
HPPL,2020-02-02,147.0,153.0,145.0,147.0,0.00 %,2760.0,408170.0,-0.020000000000000018,-0.020202707317519466,146.6,151.35,148.97990774616162,148.2597241566642,49.00596006070822,0.7201835894974238,2.0065424420400935,7.460863042029081,151.35,6.579673644141232,164.50934728828247,138.19065271171752,136007.0
HPPL,2020-02-03,147.0,160.0,146.0,152.0,0.00 %,2004.0,307848.0,0.03401360544217691,0.033447934067540125,148.4,151.65,149.4445373236752,148.53678162654091,53.06717938959635,0.9077556971342915,1.786785093058933,7.9279442533127185,151.65,6.458572434755615,164.56714486951122,138.7328551304888,138011.0
HPPL,2020-02-04,155.0,160.0,147.0,154.0,0.00 %,948.0,144906.0,0.013157894736842035,0.0130720815673527,149.4,151.9,150.14537773541747,148.94146446901937,54.62389372784779,1.2039132663981036,1.6702107277267673,8.290233949504668,151.9,6.447357679924333,164.79471535984868,139.00528464015133,138959.0
HPPL,2020-02-05,151.0,157.0,147.0,148.0,0.00 %,1940.0,298450.0,-0.038961038961038974,-0.03974032864951411,150.2,151.8,149.81531962227632,148.87172636020313,49.336886024665155,0.9435932620731933,1.5248872345960527,8.41236009596862,151.8,6.493721664259986,164.78744332852,138.81255667148002,137019.0
HPPL,2020-02-06,147.0,154.0,147.0,154.0,0.00 %,1276.0,192518.0,0.04054054054054057,0.03974032864951412,151.0,152.2,150.45911660346457,149.25159848166956,54.11924854618259,1.2075181217950046,1.4614134120358433,8.311477231970862,152.2,6.362720371552003,164.925440743104,139.474559256896,138295.0
HPPL,2020-02-09,151.0,151.0,147.0,148.0,0.00 %,660.0,98180.0,-0.038961038961038974,-0.03974032864951411,151.2,152.15,150.08079097216233,149.15888748302737,49.12533705453457,0.9219034891349622,1.353511427455667,8.217800286830087,152.15,6.393047210198445,164.9360944203969,139.3639055796031,137635.0
HPPL,2020-02-10,150.0,150.0,145.0,148.0,0.00 %,3308.0,486908.0,0.0,0.0,150.4,151.55,149.76066928413735,149.0730439657661,49.12533705372094,0.6876253183712606,1.2203342056387858,7.987957409199367,151.55,6.176994670399447,163.90398934079892,139.1960106592011,137635.0
HPPL,2020-02-11,147.0,150.0,146.0,149.0,0.00 %,1329.0,196023.0,0.006756756756756799,0.0067340321813441194,149.4,151.15,149.64364324042393,149.06763330163528,50.01685638781822,0.5760099387886441,1.0914693522687575,7.703103308542269,151.15,6.063479980500757,163.27695996100152,139.0230400389985,138964.0
HPPL,2020-02-12,149.0,149.0,147.0,147.0,0.00 %,990.0,145900.0,-0.01342281879194629,-0.01351371916672282,149.2,150.65,149.23692889574332,148.91447527929193,48.19769927700242,0.3224536164513836,0.9376662051052828,7.295738786503536,150.65,5.967235099867642,162.58447019973528,138.71552980026473,137974.0
HPPL,2020-02-13,145.0,149.0,145.0,146.0,0.00 %,620.0,91360.0,-0.006802721088435382,-0.006825965070399871,147.6,150.25,148.73893983485974,148.6985882215666,47.27191102909576,0.040351613293125865,0.7582032867428514,7.060328873181855,150.25,5.998903408583462,162.24780681716692,138.25219318283308,137354.0
HPPL,2020-02-16,148.0,150.0,145.0,146.0,0.00 %,1200.0,175780.0,0.0,0.0,147.2,149.05,148.31756447565056,148.49869279774686,47.27191102811791,-0.18112832209629914,0.5703369649750214,6.9131625250974365,149.05,3.859029057083081,156.76805811416617,141.33194188583386,137354.0
HPPL,2020-02-17,146.0,157.0,146.0,157.0,0.00 %,1844.0,274372.0,0.07534246575342474,0.0726391836399717,149.0,149.2,149.65332378708894,149.128419257173,57.64968201895658,0.5249045299159434,0.5612504779632058,7.205079487590477,149.2,4.111601045596236,157.42320209119245,140.97679790880753,139198.0
HPPL,2020-02-18,159.0,163.0,152.0,152.0,0.00 %,1100.0,170040.0,-0.031847133757961776,-0.03236528450203166,149.6,149.05,150.01435089676755,149.34112894182687,52.58357709243152,0.6732219549406864,0.5836447733587019,7.476145238476872,149.05,3.9400106866327094,156.93002137326542,141.1699786267346,138098.0
HPPL,2020-02-19,151.0,158.0,151.0,153.0,0.00 %,2501.0,385854.0,0.006578947368421018,0.0065574005461590396,150.8,148.95,150.4736815280341,149.6121564276175,53.46437742746033,0.8615251004165998,0.6392208387702815,7.442134864299953,148.95,3.8040836783426304,156.55816735668526,141.34183264331472,140599.0
HPPL,2020-02-20,153.0,160.0,153.0,159.0,0.00 %,18980.0,2952220.0,0.03921568627450989,0.03846628082779614,153.4,149.45,151.78542283141346,150.30755224779398,58.4513967009706,1.4778705836194774,0.8069507877401207,7.410553802564242,149.45,4.418561328167698,158.28712265633538,140.6128773436646,159579.0
HPPL,2020-02-23,162.0,171.0,160.0,171.0,0.00 %,1605.0,263785.0,0.07547169811320753,0.0727593542824283,158.4,150.85,154.74151162658063,151.84032615536478,66.24310506950509,2.901185471215854,1.2257977244352674,7.738371388095367,150.85,6.301837660158076,163.45367532031614,138.24632467968385,161184.0
HPPL,2020-02-24,171.0,168.0,156.0,167.0,0.00 %,480.0,77880.0,-0.023391812865497075,-0.023669744085904734,160.4,152.05,156.627432914799,152.9632649586711,62.06493608014067,3.6641679561278977,1.7134717707737934,8.257059146088556,152.05,6.977218568141294,166.0044371362826,138.09556286371742,160704.0
HPPL,2020-02-25,167.0,170.0,155.0,169.0,0.00 %,2090.0,343770.0,0.011976047904191711,0.011904902506318458,163.8,153.05,158.53090477406067,154.15117125802877,63.31098768204081,4.379733516031905,2.2467241198254158,8.738697778510803,153.05,7.89053396900581,168.83106793801164,137.26893206198838,162794.0
HPPL,2020-02-26,177.0,177.0,161.0,165.0,0.00 %,2555.0,430945.0,-0.023668639053254448,-0.023953241022492872,166.2,154.1,159.52615019343597,154.9547882018785,59.12785165806323,4.571361991557467,2.711651694171826,9.257362222902888,154.1,8.019056251089502,170.138112502179,138.06188749782098,160239.0
HPPL,2020-02-27,162.0,162.0,157.0,162.0,0.00 %,2140.0,343034.0,-0.018181818181818188,-0.01834913866819654,166.8,154.7,159.90674247136891,155.4766557424801,56.13226811628124,4.430086728888824,3.0553387011152258,9.167550635552681,154.7,8.144096990441316,170.9881939808826,138.41180601911736,158099.0
HPPL,2020-03-01,162.0,165.0,159.0,159.0,0.00 %,4050.0,654790.0,-0.01851851851851849,-0.01869213301215252,164.4,155.3,159.76724362961983,155.73764420600008,53.22814292611558,4.029599423619743,3.2501908456161295,8.94129701872749,155.3,7.987490219101388,171.2749804382028,139.32501956179723,154049.0
HPPL,2020-03-02,156.0,156.0,150.0,150.0,0.00 %,1802.0,273410.0,-0.05660377358490565,-0.05826890812397576,161.0,155.2,158.26459076352447,155.31263352407416,45.605194324501504,2.9519572394503086,3.1905441243829658,8.945490088818383,155.2,8.043303851176196,171.28660770235237,139.1133922976476,152247.0
HPPL,2020-03-04,148.0,150.0,145.0,147.0,0.00 %,1390.0,204320.0,-0.020000000000000018,-0.020202707317519466,156.6,154.85,156.5315767999053,154.69688289266125,43.37528380983029,1.8346939072440591,2.9193740809551842,8.663669368188499,154.85,8.24796625651817,171.34593251303633,138.35406748696366,150857.0
HPPL,2020-03-05,145.0,147.0,142.0,145.0,0.00 %,1080.0,156130.0,-0.013605442176870763,-0.013698844358161915,152.6,154.7,154.75748806145836,153.97859527098262,41.90424356442802,0.7788927904757372,2.491277822859295,8.401978699032178,154.7,8.404885797165807,171.5097715943316,137.89022840566838,149777.0
HPPL,2020-03-10,143.0,143.0,137.0,137.0,0.00 %,1460.0,201920.0,-0.05517241379310345,-0.05675281659244948,147.6,153.85,152.02556682123398,152.72092154720613,36.562717343230126,-0.6953547259721518,1.8539513130930059,8.373265934815594,153.85,9.292186870825871,172.43437374165174,135.26562625834825,148317.0
HPPL,2020-03-11,135.0,143.0,135.0,143.0,0.00 %,2790.0,386122.0,0.04379562043795615,0.042863704431782314,144.4,153.6,150.63701807950568,152.0008532844501,42.48432373451642,-1.3638352049444222,1.2103940094855203,8.346604082328765,153.6,9.522273059032191,172.64454611806437,134.55545388193562,151107.0
HPPL,2020-03-12,141.0,143.0,140.0,143.0,0.00 %,1700.0,241090.0,0.0,0.0,143.0,153.35,149.4620922211202,151.33412341152786,42.48432373380463,-1.8720311904076539,0.5939089695068855,7.964703790733854,153.35,9.740177238214068,172.83035447642814,133.86964552357185,151107.0
HPPL,2020-03-15,141.0,143.0,140.0,140.0,0.00 %,3008.0,423610.0,-0.020979020979020935,-0.021202207650602937,141.6,152.9,148.00638572556323,150.49455871437766,40.3027541903486,-2.4881729888144264,-0.02250742215737689,7.6100820913957214,152.9,10.150965730579694,173.2019314611594,132.5980685388406,148099.0
HPPL,2020-03-16,140.0,144.0,138.0,142.0,0.00 %,2524.0,357218.0,0.014285714285714235,0.014184634991956381,141.0,152.65,147.0823263831689,149.86533214294226,42.42533953729468,-2.783005759773374,-0.5746070896805764,7.495076227724599,152.65,10.363270160586309,173.37654032117263,131.92345967882738,150623.0
HPPL,2020-03-17,142.0,142.0,135.0,135.0,0.00 %,2480.0,342320.0,-0.04929577464788737,-0.05055227916283133,140.6,152.1,145.22350693960445,148.76419642865025,37.41151745481989,-3.5406894890458034,-1.1678235695536219,7.459713640029985,152.1,11.006696526265259,174.1133930525305,130.08660694746948,148143.0
HPPL,2020-03-18,133.0,139.0,133.0,137.0,0.00 %,522.0,70684.0,0.014814814814814836,0.014706147389695487,139.4,151.65,143.95835202581915,147.89277447097245,39.607570039714105,-3.9344224451533023,-1.7211433446735582,7.355448380027844,151.65,11.444488445960427,174.53897689192087,128.76102310807914,148665.0
HPPL,2020-03-19,135.0,138.0,133.0,136.0,0.00 %,360.0,48610.0,-0.007299270072992692,-0.007326040092072898,138.0,150.6,142.73399017569312,147.0118282138634,38.8731363626338,-4.277838038170273,-2.232482283372901,7.187202067168712,150.6,11.882760622020887,174.36552124404176,126.83447875595822,148305.0
HPPL,2020-05-12,134.0,134.0,132.0,132.0,0.00 %,40.0,5320.0,-0.02941176470588236,-0.02985296314968116,136.4,149.6,141.08260707174034,145.8998409387624,35.997760996774474,-4.817233867022054,-2.749432600102732,6.959544776656661,149.6,12.579850220857148,174.7597004417143,124.4402995582857,148265.0
HPPL,2020-05-13,130.0,130.0,129.0,129.0,0.00 %,265.0,34200.0,-0.022727272727272707,-0.02298951822469872,133.8,148.4,139.22374444531874,144.64800086922443,33.968370481664536,-5.424256423905689,-3.2843973648633233,6.676720149752614,148.4,13.359010363608212,175.11802072721642,121.68197927278358,148000.0
HPPL,2020-06-29,127.0,131.0,120.0,131.0,0.00 %,1757.0,220188.0,0.015503875968992276,0.015384918839479456,133.0,147.0,137.95855299219278,143.63703784187447,36.537015291562554,-5.678484849681695,-3.763214861826998,6.985525853341714,147.0,13.653609509277631,174.30721901855526,119.69278098144474,149757.0
HPPL,2020-07-01,135.0,137.0,135.0,137.0,0.00 %,70.0,9470.0,0.04580152671755733,0.044783602626973444,133.0,145.3,137.8110833010862,143.14540540914302,43.6224163207197,-5.334322108056824,-4.0774363110729634,6.915131149531592,145.3,12.582778540121206,170.46555708024243,120.1344429197576,149827.0
HPPL,2020-07-06,132.0,136.0,132.0,133.0,0.00 %,1704.0,228166.0,-0.029197080291970767,-0.029631797606371114,132.4,143.6,137.07091663938064,142.39389389735464,40.385283610301244,-5.322977257974003,-4.3265445004531715,6.778336067422193,143.6,11.767036920780074,167.13407384156014,120.06592615843985,148123.0
HPPL,2020-07-07,133.0,140.0,133.0,139.0,0.00 %,8457.0,1168284.0,0.04511278195488733,0.044124804908938095,133.8,142.1,137.36769869486056,142.14249434940245,46.76660860469552,-4.77479565454189,-4.416194731270915,6.794169205463465,142.1,10.161330207173423,162.42266041434684,121.77733958565315,156580.0
HPPL,2020-07-08,137.0,137.0,131.0,135.0,0.00 %,3198.0,429694.0,-0.02877697841726623,-0.029199154692262353,135.0,140.6,137.0034373571897,141.61342069389116,43.42903405157515,-4.609983336701447,-4.454952452357022,6.880299976501789,140.6,8.714174780524774,158.02834956104954,123.17165043895045,153382.0
HPPL,2020-07-09,133.0,135.0,133.0,135.0,0.00 %,2169.0,291825.0,0.0,0.0,135.8,139.25,136.69521622531437,141.12353767952885,43.429034050740704,-4.428321454214483,-4.449626252728514,6.531707121037376,139.25,7.180932354085912,153.61186470817182,124.88813529182818,153382.0
HPPL,2020-07-12,133.0,137.0,129.0,132.0,0.00 %,2872.0,377562.0,-0.022222222222222254,-0.02247285585205863,134.8,137.9,135.9728752675737,140.4477200736378,40.890691755731545,-4.474844806064112,-4.4546699633956335,6.63658518382042,137.9,5.646610534346447,149.1932210686929,126.6067789313071,150510.0
HPPL,2020-07-13,130.0,138.0,130.0,138.0,0.00 %,1498.0,199534.0,0.045454545454545414,0.044451762570833796,135.8,137.3,136.2847406110239,140.26640747559057,47.49983768697458,-3.9816668645666766,-4.360069343629842,6.733971956404676,137.3,4.878524367088653,147.05704873417733,127.54295126582271,152008.0
HPPL,2020-07-14,136.0,136.0,131.0,133.0,0.00 %,3134.0,415112.0,-0.036231884057971064,-0.03690455693545098,134.6,136.6,135.7793959016356,139.72815506999126,43.16815723012889,-3.94875916835565,-4.277807308575004,6.752973959518628,136.6,4.393775501567411,145.38755100313483,127.81244899686517,148874.0
HPPL,2020-07-15,133.0,134.0,131.0,132.0,0.00 %,2087.0,276330.0,-0.007518796992481258,-0.007547205635382966,134.0,135.95,135.19795037830707,139.15569913888078,42.33659474391384,-3.9577487605737076,-4.213795598974745,6.484904390981583,135.95,4.032434291599807,144.01486858319961,127.88513141680038,146787.0
HPPL,2020-07-16,130.0,136.0,130.0,132.0,0.00 %,2718.0,361912.0,0.0,0.0,133.4,135.7,134.70595801241367,138.62564735081554,42.33659474303557,-3.9196893384018665,-4.154974346860169,6.450268363054328,135.7,4.117996446953686,143.93599289390735,127.46400710609262,146787.0
HPPL,2020-07-19,134.0,134.0,134.0,134.0,0.00 %,20.0,2680.0,0.015151515151515138,0.015037877364540502,133.8,135.25,134.59734908742695,138.28300680631068,44.80290094211153,-3.685657718883732,-4.061111021264882,6.132392051407591,135.25,3.753945293080322,142.75789058616064,127.74210941383936,146807.0
HPPL,2020-07-20,140.0,140.0,136.0,136.0,0.00 %,151.0,20720.0,0.014925373134328401,0.014815085785140682,133.4,134.9,134.81314153551511,138.1138951910284,47.233373499365364,-3.30075365551329,-3.909039548114564,6.12293547630705,134.9,3.2911364219143424,141.4822728438287,128.31772715617132,146958.0
HPPL,2020-07-21,134.0,138.0,130.0,132.0,0.00 %,3137.0,416514.0,-0.02941176470588236,-0.02985296314968116,133.2,134.5,134.38035053005126,137.66101406576703,43.14182537069516,-3.2806635357157745,-3.7833643456348063,6.257011513713689,134.5,3.120391338525777,140.74078267705156,128.25921732294844,143821.0
HPPL,2020-07-22,132.0,134.0,131.0,131.0,0.00 %,2123.0,282467.0,-0.007575757575757569,-0.007604599385219304,133.0,133.95,133.86029660235107,137.16760561645097,42.15860775271517,-3.3073090140999,-3.688153279327825,6.024367834162711,133.95,2.665076280190124,139.28015256038023,128.61984743961975,141698.0
HPPL,2020-07-23,129.0,133.0,129.0,133.0,0.00 %,1204.0,157490.0,0.01526717557251911,0.015151805020602246,133.2,133.85,133.72794327891245,136.85889408930646,44.86501456527945,-3.130950810394012,-3.576712785541063,5.879770131722518,133.85,2.6611236250225754,139.17224725004513,128.52775274995486,142902.0
HPPL,2020-07-27,130.0,136.0,130.0,132.0,0.00 %,6389.0,853440.0,-0.007518796992481258,-0.007547205635382966,132.8,133.6,133.46210585138746,136.4989760086171,43.76243359367648,-3.036870157229629,-3.4687442598787763,5.888357979456624,133.6,2.5833474816237376,138.76669496324746,128.43330503675253,136513.0
HPPL,2020-07-28,134.0,145.0,132.0,139.0,0.00 %,4121.0,559154.0,0.05303030303030298,0.05167201054432086,133.4,133.75,134.3140895665586,136.68423704501583,52.552612386000966,-2.370147478457227,-3.2490249035944667,6.396332409495438,133.75,2.8074149938428232,139.36482998768565,128.13517001231435,140634.0
HPPL,2020-07-29,139.0,141.0,134.0,137.0,0.00 %,1949.0,265801.0,-0.014388489208633115,-0.014493007302566864,134.4,134.0,134.7273065563188,136.7076268935332,50.1411413793169,-1.9803203372143798,-2.9952839903184496,6.439451523102907,134.0,2.8654015976951692,139.73080319539034,128.26919680460966,138685.0
HPPL,2020-07-30,135.0,147.0,135.0,147.0,0.00 %,5116.0,706720.0,0.07299270072992692,0.0704516609506113,137.6,134.9,136.61541323996207,137.47002490141963,60.01960679221198,-0.8546116614575681,-2.567149524546273,6.8366335571669845,134.9,3.864821096188776,142.62964219237756,127.17035780762245,143801.0
HPPL,2020-08-02,145.0,145.0,136.0,141.0,0.00 %,954.0,134602.0,-0.04081632653061229,-0.041672696400568074,139.2,135.4,137.28996504919866,137.73150453835152,53.207854697149735,-0.44153948915285923,-2.1420275174675907,7.1340168745122,135.4,3.978891673274107,143.35778334654822,127.4422166534518,142847.0
HPPL,2020-08-03,139.0,143.0,134.0,135.0,0.00 %,2251.0,307557.0,-0.04255319148936165,-0.04348511193973878,139.8,135.3,136.93766273393732,137.529170868844,47.41293750169147,-0.5915081349066895,-1.8319236409554105,7.2673013834756155,135.3,3.961658344984721,143.22331668996947,127.37668331003057,140596.0
HPPL,2020-08-05,133.0,137.0,130.0,137.0,0.00 %,4004.0,536104.0,0.014814814814814836,0.014706147389695487,139.4,135.5,136.94725308256233,137.48997302670742,49.391537733764885,-0.542719944145091,-1.5740829015933469,7.248208427513072,135.5,3.9403446282977677,143.38068925659553,127.61931074340447,144600.0
HPPL,2020-08-06,135.0,141.0,133.0,141.0,0.00 %,1299.0,176450.0,0.029197080291970767,0.028778964550043327,140.2,135.6,137.57075260832198,137.7499750247291,53.18534811996004,-0.17922241640712855,-1.2951108045561033,7.301907825547852,135.6,4.057481718383708,143.71496343676742,127.48503656323258,145899.0
HPPL,2020-08-09,139.0,139.0,133.0,136.0,0.00 %,3267.0,439352.0,-0.03546099290780147,-0.03610500464211632,138.0,135.65,137.32909836088783,137.62034724511955,48.31021839042721,-0.29124888423172024,-1.0943384204912268,7.3517715522944345,135.65,4.055859958169298,143.7617199163386,127.5382800836614,142632.0
HPPL,2020-08-10,134.0,138.0,134.0,134.0,0.00 %,3918.0,323828.0,-0.014705882352941124,-0.014815085785140587,136.6,135.6,136.81692938228971,137.3521733751107,46.47511995492509,-0.5352439928209947,-0.9825195349571804,7.1123592985591175,135.6,4.070432538798886,143.74086507759776,127.45913492240223,138714.0
HPPL,2020-08-11,132.0,136.0,132.0,135.0,0.00 %,1790.0,239456.0,0.00746268656716409,0.0074349784875179905,136.6,135.75,136.53740178501437,137.1779383102877,47.54796595349988,-0.6405365252733191,-0.9141229330204081,6.890047920090609,135.75,3.985169876887215,143.72033975377443,127.77966024622557,140504.0
HPPL,2020-08-12,133.0,139.0,133.0,134.0,0.00 %,954.0,128330.0,-0.007407407407407418,-0.00743497848751809,136.0,135.55,136.14703227962755,136.9425354724886,46.5432958004545,-0.7955031928610481,-0.8903989849885361,6.826473068655566,135.55,3.9666371811141317,143.4832743622283,127.61672563777175,139550.0
HPPL,2020-08-13,132.0,135.0,132.0,134.0,0.00 %,2015.0,269133.0,0.0,0.0,134.6,135.6,135.8167196212233,136.7245698819339,46.5432957993954,-0.9078502607105747,-0.8938892401329439,6.553153563751597,135.6,3.939008691785965,143.4780173835719,127.72198261642806,139550.0
HPPL,2020-08-16,135.0,137.0,134.0,135.0,0.00 %,2414.0,326288.0,0.00746268656716409,0.0074349784875179905,134.4,135.75,135.6910704487274,136.59682396475358,47.821937522285616,-0.9057535160261807,-0.8962620953115914,6.299356880626483,135.75,3.8508372295777304,143.45167445915547,128.04832554084453,141964.0
HPPL,2020-08-17,133.0,136.0,133.0,133.0,0.00 %,3535.0,473435.0,-0.014814814814814836,-0.014925650216675706,134.2,135.8,135.27705961046163,136.33039255995703,45.47894063449139,-1.053332949495399,-0.927676266148353,6.063688532010306,135.8,3.805812728786917,143.41162545757385,128.18837454242617,138429.0
HPPL,2020-08-18,132.0,135.0,132.0,134.0,0.00 %,3154.0,423051.0,0.007518796992481258,0.007490671729157659,134.0,135.8,135.08058890115984,136.15777088884911,46.88031673904391,-1.077181987689272,-0.9575774104565369,5.844853636866713,135.8,3.805812728786917,143.41162545757385,128.18837454242617,141583.0
HPPL,2020-08-19,132.0,134.0,132.0,133.0,0.00 %,577.0,76937.0,-0.007462686567164201,-0.007490671729157626,133.8,135.65,134.7604983009814,135.92386193411954,45.617595469377356,-1.1633636331381467,-0.998734654992859,5.570221234233377,135.65,3.856300381435556,143.36260076287112,127.93739923712889,141006.0
HPPL,2020-08-20,132.0,133.0,132.0,133.0,0.00 %,695.0,92325.0,0.0,0.0,133.6,135.7,134.48965240852272,135.70727956862922,45.61759546805414,-1.2176271601065025,-1.0425131560155876,5.2437768603595645,135.7,3.8127210893985035,143.325442178797,128.07455782120297,141006.0
HPPL,2020-08-23,133.0,135.0,133.0,135.0,0.00 %,1410.0,188946.0,0.015037593984962516,0.014925650216675792,133.6,135.9,134.56816742259613,135.6548884894715,48.815425783641224,-1.0867210668753557,-1.0513547381875412,5.012078513191025,135.9,3.6548453780047394,143.20969075600948,128.59030924399053,142416.0
HPPL,2020-08-24,135.0,138.0,135.0,137.0,0.00 %,7553.0,1031188.0,0.014814814814814836,0.014706147389695487,134.4,136.1,134.9422955114275,135.75452637914026,51.86370240956355,-0.8122308677127705,-1.0035299640925872,4.868358619391666,136.1,3.596782187670419,143.29356437534082,128.90643562465917,149969.0
HPPL,2020-08-25,137.0,141.0,136.0,138.0,0.00 %,5750.0,790210.0,0.007299270072992803,0.007272759329079878,135.2,136.4,135.41271158659248,135.9208577584632,53.359367642261766,-0.5081461718707203,-0.9044532056482139,4.877761575149403,136.4,3.485307507427717,143.37061501485545,129.42938498514457,155719.0
HPPL,2020-08-27,139.0,148.0,139.0,144.0,0.00 %,15108.0,2154689.0,0.04347826086956519,0.0425596144187959,137.4,136.65,136.73383288096286,136.51931273931777,61.157712664277575,0.21452014164509592,-0.680658536189552,5.243635748353017,136.65,3.8426279385289215,144.33525587705785,128.96474412294216,170827.0
HPPL,2020-08-31,157.0,167.0,155.0,161.0,0.00 %,10881.0,1761131.0,0.11805555555555558,0.11159106540846239,143.0,137.85,140.46708936081473,138.3326969808498,74.27963569151893,2.134392379964936,-0.11764835295865439,6.511947480613516,137.85,6.6670833203340205,151.18416664066802,124.51583335933195,181708.0
HPPL,2020-09-02,164.0,177.0,164.0,177.0,0.00 %,18348.0,3213612.0,0.0993788819875776,0.09474536758936611,151.4,139.35,146.0875371514586,141.196941648935,80.84017983760324,4.89059550252361,0.8840004181377984,7.189665517712552,139.35,10.878636718007362,161.1072734360147,117.59272656398527,200056.0
HPPL,2020-09-03,180.0,186.0,163.0,166.0,0.00 %,14286.0,2436846.0,-0.062146892655367214,-0.0641619442172859,157.2,140.6,149.15099297431112,143.0342052304954,67.99855902218444,6.116787743815735,1.9305578832733858,8.318975123590226,140.6,12.407128680945203,165.4142573618904,115.78574263810958,185770.0
HPPL,2020-09-06,169.0,178.0,166.0,170.0,0.00 %,12974.0,2201632.0,0.024096385542168752,0.023810648693718607,163.6,142.35,152.3585325167248,145.03167150971794,69.87271022083914,7.326861007006869,3.009818508020083,8.58190547190521,142.35,13.948306820476837,170.24661364095368,114.45338635904632,198744.0
HPPL,2020-09-07,167.0,167.0,158.0,160.0,0.00 %,7372.0,1189219.0,-0.05882352941176472,-0.060624621816434854,166.8,143.5,153.53414289876713,146.14043658307216,60.35612516672027,7.3937063156949705,3.886596069555061,8.82605508105484,143.5,14.42402965815069,172.34805931630137,114.65194068369863,191372.0
HPPL,2020-09-08,157.0,164.0,153.0,159.0,0.00 %,4585.0,711193.0,-0.006249999999999978,-0.006269613013595374,166.4,144.4,154.37504399126448,147.09299683617792,59.483644528834255,7.282047155086559,4.565686286661361,8.981336860979495,144.4,14.81606524938202,174.03213049876405,114.76786950123596,186787.0
HPPL,2020-09-09,160.0,169.0,158.0,163.0,0.00 %,5888.0,970934.0,0.02515723270440251,0.024845998586530804,163.6,145.75,155.7019603003007,148.2712933668314,61.858704404081166,7.430666933469297,5.138682416022949,9.125527085195246,145.75,15.234569415097239,176.21913883019448,115.28086116980552,192675.0
HPPL,2020-09-10,163.0,166.0,162.0,164.0,0.00 %,3627.0,593671.0,0.006134969325153339,0.006116227017436054,163.2,147.25,156.97858179256212,149.43638274706612,62.45130721009542,7.542199045496005,5.619385741917561,8.759418007681301,147.25,15.491508709790605,178.23301741958122,116.26698258041878,196302.0
HPPL,2020-09-13,165.0,175.0,160.0,175.0,0.00 %,10425.0,1709113.0,0.06707317073170738,0.06491954609931569,164.2,149.25,159.7511076706295,151.3299840250612,68.28802757204392,8.421123645568287,6.1797333226477065,9.205173864275494,149.25,16.383158875415106,182.0163177508302,116.48368224916979,206727.0
HPPL,2020-09-14,175.0,177.0,170.0,173.0,0.00 %,11519.0,2011340.0,-0.011428571428571455,-0.011494379425735134,166.8,151.2,161.78939879822497,152.9351703935752,66.27096507921894,8.854228404649774,6.71463233904812,9.047661445398674,151.2,16.788467219469254,184.7769344389385,117.62306556106148,195208.0
HPPL,2020-09-15,176.0,182.0,167.0,182.0,0.00 %,16273.0,2957550.0,0.052023121387283267,0.05071509257901643,171.4,153.6,164.8987220600365,155.08812073479186,70.49449039594109,9.810601325244647,7.333826136287426,9.472828485013055,153.6,17.611001346354318,188.82200269270862,118.37799730729137,211481.0
HPPL,2020-09-16,179.0,199.0,167.0,195.0,0.00 %,13111.0,2420282.0,0.0714285714285714,0.06899287148695142,177.8,156.6,169.52968789695396,158.04455623591838,75.30476506130641,11.485131661035581,8.164087241237057,11.08191216465498,156.6,19.304758071800865,195.20951614360172,117.99048385639827,224592.0
HPPL,2020-09-17,198.0,204.0,185.0,202.0,0.00 %,28950.0,7924372.0,0.03589743589743599,0.03526813883745805,185.4,160.05,174.5251205281918,161.30051503325777,77.43775334035033,13.224605494934025,9.176190891976452,11.647489867179626,160.05,20.959798612939093,201.9695972258782,118.13040277412182,253542.0
HPPL,2020-09-20,198.0,198.0,183.0,187.0,0.00 %,12782.0,2390661.0,-0.07425742574257421,-0.07715908054661809,187.8,162.7,176.44433275462382,163.2041805863498,64.56799208458077,13.240152168274022,9.988983147235967,12.172669162381082,162.7,20.843022308379112,204.38604461675823,121.01395538324176,240760.0
HPPL,2020-09-21,178.0,192.0,178.0,191.0,0.00 %,11751.0,2171664.0,0.021390374331550888,0.02116481119204333,191.4,165.6,178.6836661769894,165.2631301725461,66.18204760590045,13.420536004443278,10.67529371867743,12.303192793639576,165.6,20.525721988717212,206.6514439774344,124.54855602256558,252511.0
HPPL,2020-09-22,188.0,193.0,185.0,185.0,0.00 %,11983.0,2234993.0,-0.03141361256544506,-0.031917602968305085,192.0,168.2,179.65540984206794,166.72512053013529,61.64574756791199,12.930289311932654,11.126292837328474,11.995821879808178,168.2,19.44384627317717,207.08769254635433,129.31230745364564,240528.0
HPPL,2020-09-23,184.0,199.0,179.0,199.0,0.00 %,28409.0,5314482.0,0.07567567567567557,0.07294899964616748,192.8,171.4,182.63150063559596,169.11585234271786,67.28110723068843,13.515648292878097,11.6041639284384,12.567548888393308,171.4,18.952572384776737,209.30514476955346,133.49485523044655,268937.0
HPPL,2020-09-24,196.0,206.0,188.0,205.0,0.00 %,41573.0,8331088.0,0.03015075376884413,0.029705154413915694,193.4,174.8,186.07280823011965,171.7739373543684,69.35898126071537,14.298870875751248,12.14310531790097,12.955581110650929,174.8,18.5517767626938,211.90355352538762,137.6964464746124,310510.0
HPPL,2020-09-27,205.0,209.0,194.0,198.0,0.00 %,28291.0,5638819.0,-0.034146341463414664,-0.034742948443872976,195.6,177.8,187.90776081010122,173.71660866145223,64.23372922741727,14.191152148648996,12.552714684050576,13.10161103131872,177.8,17.08061381863193,211.96122763726387,143.63877236273615,282219.0
HPPL,2020-09-28,201.0,204.0,191.0,203.0,0.00 %,14554.0,2840515.0,0.025252525252525304,0.024938948347252146,198.0,180.75,190.22964376239332,175.88574876060392,66.15740898063419,14.343895001789406,12.910950747598342,13.09435310051024,180.75,15.99629891404725,212.7425978280945,148.7574021719055,296773.0
HPPL,2020-09-29,193.0,206.0,193.0,205.0,0.00 %,48882.0,9809075.0,0.009852216748768461,0.009804000096620835,202.0,182.95,192.50200626048667,178.04235996352216,66.92374651944363,14.459646296964507,13.220689857471575,13.087613593330937,182.95,16.161927321239194,215.27385464247837,150.6261453575216,345655.0
HPPL,2020-09-30,201.0,211.0,201.0,203.0,0.00 %,15163.0,3099038.0,-0.009756097560975618,-0.009804000096620856,202.8,184.25,194.1170822204118,179.8910740402983,65.33059245848571,14.226008180113496,13.421753521999959,12.86706976523587,184.25,16.695019742746613,217.64003948549322,150.85996051450678,330492.0
HPPL,2020-10-01,200.0,200.0,195.0,195.0,0.00 %,13037.0,2568410.0,-0.039408866995073843,-0.04020642047804048,200.8,185.7,194.25291572496383,181.01025374101692,59.254256764832775,13.242661983946903,13.385935214389349,12.519421924861879,185.7,16.28076035985133,218.26152071970265,153.13847928029733,317455.0
HPPL,2020-10-04,192.0,203.0,190.0,199.0,0.00 %,16385.0,3231863.0,0.02051282051282044,0.020305266160745523,201.0,187.15,194.9832363826617,182.34282753797862,61.197552807517035,12.640408844683066,13.236829940448093,12.553748930228888,187.15,16.099280794663766,219.34856158932755,154.95143841067247,333840.0
HPPL,2020-10-05,196.0,208.0,194.0,202.0,0.00 %,16595.0,3355624.0,0.015075376884422065,0.01496287267671232,200.8,189.25,196.0627384776368,183.79891438701725,62.636836195254986,12.26382409061955,13.042228770482385,12.657052578069683,189.25,15.078304386039447,219.4066087720789,159.0933912279211,350435.0
HPPL,2020-10-06,205.0,215.0,195.0,213.0,0.00 %,66370.0,15512247.0,0.054455445544554504,0.0530244683082204,202.4,191.95,198.66847101953883,185.9619577657567,67.41020450405748,12.706513253782134,12.975085667142336,13.181548822493278,191.95,14.18477686595731,220.3195537319146,163.58044626808538,416805.0
HPPL,2020-10-07,204.0,234.0,204.0,232.0,0.00 %,71002.0,16254784.0,0.08920187793427226,0.0854452059568848,208.2,195.4,203.79639855499437,189.3721831164414,73.66787636835687,14.424215438552977,13.264911621424465,14.382866763743758,195.4,15.132398147166178,225.66479629433235,165.13520370566766,487807.0
HPPL,2020-10-08,228.0,232.0,217.0,219.0,0.00 %,39991.0,9009671.0,-0.05603448275862066,-0.05766564184980911,213.0,198.15,206.13541416191833,191.56683621892722,64.53696506686481,14.568577942991112,13.525644885737796,14.426947709190632,198.15,14.087228258253706,226.3244565165074,169.9755434834926,447816.0
HPPL,2020-10-11,215.0,227.0,211.0,220.0,0.00 %,30161.0,6522725.0,0.004566210045662045,0.004555816535860661,217.2,200.4,208.26842736777704,193.6729964990067,64.89739154936055,14.595430868770336,13.739602082344305,14.539308587105587,200.4,13.78557598590986,227.97115197181972,172.8288480281803,477977.0
HPPL,2020-10-12,216.0,220.0,213.0,214.0,0.00 %,16457.0,3549813.0,-0.027272727272727226,-0.02765153133051001,219.6,202.45,209.15020777273443,195.17870046204322,60.89812241736324,13.971507310691209,13.785983128013687,14.000786545169474,202.45,12.483568147142176,227.41713629428435,177.48286370571563,461520.0
HPPL,2020-10-13,210.0,222.0,207.0,210.0,0.00 %,22007.0,4671336.0,-0.01869158878504673,-0.018868484304382805,219.0,203.85,209.28094503846762,196.27657450189187,58.317948093613374,13.004370536575749,13.6296606097261,14.072158934800227,203.85,11.60886684710499,227.06773369420998,180.63226630579,439513.0
HPPL,2020-10-14,210.0,217.0,204.0,205.0,0.00 %,19067.0,3954025.0,-0.023809523809523836,-0.02409755157906053,213.6,204.35,208.62233810947262,196.9227541684184,55.17126652415762,11.699583941054215,13.243645275991724,13.995576153743068,204.35,11.421471008592896,227.19294201718577,181.50705798281422,420446.0
HPPL,2020-10-15,209.0,213.0,202.0,203.0,0.00 %,8900.0,1825360.0,-0.009756097560975618,-0.009804000096620856,210.4,204.4,207.7573630157076,197.37292052631335,53.918040691508885,10.384442489394246,12.67180471867223,13.781606428475706,204.4,11.41282750150353,227.22565500300706,181.57434499699295,411546.0
HPPL,2020-10-18,200.0,205.0,199.0,205.0,0.00 %,8495.0,1704945.0,0.009852216748768461,0.009804000096620835,207.4,205.3,207.33315332098337,197.93788937621608,55.01840357371263,9.395263944767294,12.016496563891243,13.2257773978703,205.3,10.6528968138456,226.6057936276912,183.9942063723088,420041.0
HPPL,2020-10-19,201.0,217.0,197.0,213.0,0.00 %,5166.0,1061610.0,0.039024390243902474,0.038282186571016966,207.2,206.4,208.20497588698592,199.05360127427414,59.213711633711775,9.151374612711777,11.443472173655351,13.709650440879564,206.4,10.225870185600597,226.8517403712012,185.9482596287988,425207.0
HPPL,2020-10-20,210.0,221.0,208.0,218.0,0.00 %,16809.0,3618006.0,0.023474178403755763,0.023202897079663793,208.8,208.05,209.71190267360348,200.4570382169205,61.62287436492149,9.25486445668298,11.005750630260877,13.658961123673881,208.05,9.202259447955617,226.45451889591124,189.6454811040888,442016.0
HPPL,2020-10-21,214.0,221.0,212.0,215.0,0.00 %,10224.0,2184984.0,-0.013761467889908285,-0.013857034661426241,210.8,208.85,210.52545610843373,201.53429464529674,59.35738190095281,8.99116146313699,10.6028327968361,13.326178186268605,208.85,9.068598220470944,226.9871964409419,190.7128035590581,431792.0
HPPL,2020-10-22,212.0,218.0,212.0,216.0,0.00 %,7024.0,1515230.0,0.0046511627906977715,0.004640379556502301,213.4,209.4,211.36769363021315,202.60582837527477,59.8867670616395,8.761865254938385,10.234639288456558,12.802879744392277,209.4,9.155958658026227,227.71191731605245,191.08808268394756,438816.0
HPPL,2020-10-28,212.0,216.0,212.0,214.0,0.00 %,2236.0,478198.0,-0.0092592592592593,-0.009302392662313561,215.2,210.2,211.7726638409496,203.44984108821737,58.2525135149744,8.322822752732236,9.852275981311694,12.17410261979283,210.2,8.799521518098793,227.7990430361976,192.6009569638024,436580.0
HPPL,2020-10-29,212.0,218.0,212.0,215.0,0.00 %,14024.0,3023879.0,0.004672897196261738,0.004662013105811371,215.6,210.8,212.26917709618812,204.30540841501607,58.85707217714446,7.963768681172041,9.474574521283763,11.733095289807629,210.8,8.69119336485946,228.18238672971893,193.4176132702811,450604.0
HPPL,2020-11-01,213.0,219.0,213.0,216.0,0.00 %,12787.0,2755575.0,0.0046511627906977715,0.004640379556502301,215.2,211.35,212.8431498506207,205.1716744583482,59.48885428798579,7.671475392272498,9.11395469548151,11.323588483392799,211.35,8.652806055360982,228.65561211072196,194.04438788927803,463391.0
HPPL,2020-11-02,220.0,220.0,210.0,213.0,0.00 %,12894.0,2762201.0,-0.01388888888888884,-0.01398624197473984,214.8,211.85,212.8672806428329,205.75155042439647,56.677048654614495,7.1157302184364255,8.714309800072494,11.229046448864741,211.85,8.430989203378218,228.71197840675643,194.98802159324356,450497.0
HPPL,2020-11-03,212.0,215.0,209.0,214.0,0.00 %,11590.0,2437720.0,0.0046948356807512415,0.0046838493124264375,214.4,212.8,213.04154515932015,206.362546689256,57.399858666938044,6.678998470064158,8.307247534070827,10.85554313108869,212.8,7.445238676327177,227.69047735265437,197.90952264734565,462087.0
HPPL,2020-11-04,210.0,215.0,210.0,215.0,0.00 %,4501.0,956713.0,0.004672897196261738,0.004662013105811371,214.6,213.6,213.34284590404013,207.0023580456074,58.15177216228465,6.340487858432738,7.91389559894321,10.43729005029664,213.6,6.707419301364606,227.0148386027292,200.18516139727078,466588.0
HPPL,2020-11-05,211.0,224.0,211.0,223.0,0.00 %,33977.0,7418830.0,0.037209302325581506,0.03653374333245607,216.2,214.65,214.8285619188032,208.1873685607476,63.67548767323887,6.641193358055602,7.6593551507656885,10.620340760989738,214.65,6.4340786769481095,227.5181573538962,201.7818426461038,500565.0
HPPL,2020-11-08,227.0,234.0,223.0,234.0,0.00 %,23745.0,5450131.0,0.049327354260089606,0.048149343897582596,219.8,215.7,217.778013931295,210.09941533402557,69.61442877320549,7.678598597269428,7.663203840066437,10.6474592780619,215.7,7.733045971679176,231.16609194335834,200.23390805664164,524310.0
HPPL,2020-11-09,230.0,239.0,225.0,225.0,0.00 %,17977.0,4094328.0,-0.038461538461538436,-0.03922071315328127,222.2,215.35,218.88908871109575,211.20316234631997,60.848576344308405,7.685926364775781,7.667748345008306,10.886926472486051,215.35,7.087980931429964,229.52596186285993,201.17403813714006,506333.0
HPPL,2020-11-10,225.0,231.0,223.0,230.0,0.00 %,6367.0,1443835.0,0.022222222222222143,0.021978906718775167,225.4,215.9,220.5984596786195,212.59552069103702,63.59147730615174,8.002938987582468,7.734786473523139,10.680717438737048,215.9,7.779189512654088,231.45837902530818,200.34162097469184,512700.0
HPPL,2020-11-11,230.0,233.0,224.0,225.0,0.00 %,10744.0,2437564.0,-0.021739130434782594,-0.02197890671877523,227.4,216.15,221.27561972806265,213.51437101021946,59.130225022688364,7.761248717843188,7.7400789223871485,10.560666193112972,216.15,7.995228840416572,232.14045768083315,200.15954231916686,501956.0
HPPL,2020-11-12,223.0,228.0,222.0,223.0,- %,6840.0,1524620.0,-0.008888888888888835,-0.008928630744301318,227.4,216.6,221.54090900066842,214.21701019464763,57.395694839038484,7.323898806020793,7.656842899113878,10.234904322176332,216.6,8.120150374553715,232.84030074910743,200.35969925089256,495116.0
HPPL,2020-11-18,222.0,226.0,210.0,220.0,0.00 %,10244.0,2238324.0,-0.013452914798206317,-0.01354422510775726,224.6,217.1,221.30384607748866,214.64537980985892,54.799000052217224,6.658466267629734,7.457167572817049,10.646696870592308,217.1,7.999342078215631,233.09868415643126,201.10131584356873,484872.0
HPPL,2020-11-19,231.0,231.0,214.0,227.0,0.00 %,24578.0,5481803.0,0.031818181818181746,0.03132247112904107,225.0,218.2,222.18017745018273,215.56053686098048,59.41311851075136,6.619640589202248,7.289662176094089,11.100504236978571,218.2,7.756830606164475,233.71366121232893,202.68633878767105,509450.0
HPPL,2020-11-22,216.0,232.0,216.0,218.0,-0.04 %,14965.0,3343999.0,-0.03964757709251099,-0.04045495469231364,222.6,218.95,221.53707322707768,215.7412378342412,52.05551177664158,5.795835392836494,6.99089681944257,11.45046822005153,218.95,6.886103473861571,232.72220694772312,205.17779305227685,494485.0
HPPL,2020-11-23,215.0,230.0,215.0,227.0,0.04 %,17554.0,3855632.0,0.041284403669724856,0.04045495469231375,223.0,220.05,222.37752349983498,216.57522021689,57.69718782442689,5.80230328294499,6.753178112143054,11.704006204333563,220.05,6.270020565742298,232.5900411314846,207.5099588685154,512039.0
HPPL,2020-11-24,223.0,239.0,219.0,238.0,0.05 %,34481.0,7939356.0,0.048458149779735615,0.047320656190071954,226.0,221.3,224.7809814229373,218.1622409415648,63.370484455934566,6.618740481372498,6.726290585988943,12.29657718973831,221.3,7.211832382680661,235.72366476536132,206.8763352346387,546520.0
HPPL,2020-11-25,242.0,242.0,225.0,233.0,-0.02 %,17030.0,3905830.0,-0.021008403361344574,-0.021232220105774167,228.6,222.05,226.04544581940846,219.2613342051526,59.46656281471618,6.784111614255863,6.737854791642327,12.632535961899858,222.05,7.619055059526109,237.28811011905222,206.8118898809478,529490.0
HPPL,2020-11-26,250.0,250.0,227.0,231.0,-0.03 %,21647.0,4978378.0,-0.008583690987124415,-0.008620743043906975,229.4,222.85,226.80768492411485,220.13086500477092,57.9292693171361,6.676819919343927,6.725647817182648,13.37306910747844,222.85,7.679603882334194,238.20920776466838,207.4907922353316,507843.0
HPPL,2020-11-29,231.0,240.0,225.0,237.0,0.03 %,21049.0,4907918.0,0.025974025974025983,0.025642430613337652,233.2,223.9,228.37573339732796,221.38043055997306,61.17216560612343,6.995302837354899,6.779578821217099,13.489278456944266,223.9,8.11690892682691,240.13381785365382,207.6661821463462,528892.0
HPPL,2020-11-30,248.0,248.0,229.0,240.0,0.01 %,24119.0,5648380.0,0.012658227848101333,0.012578782206860185,235.8,225.2,230.16408210543136,222.75965792590097,62.71951793149886,7.404424179530395,6.904547892879759,13.882901424305391,225.2,8.51994563857625,242.23989127715248,208.1601087228475,553011.0
HPPL,2020-12-01,244.0,248.0,233.0,246.0,0.03 %,34754.0,8372372.0,0.02499999999999991,0.024692612590371414,237.4,226.75,232.60037716613422,224.4811647462046,65.66650816977162,8.119212419929625,7.147480798289732,13.96269417971215,226.75,9.346403755347584,245.44280751069516,208.05719248930484,587765.0
HPPL,2020-12-02,258.0,258.0,236.0,251.0,0.02 %,15149.0,4131237.0,0.020325203252032464,0.020121403199421028,241.0,228.5,235.43108837134434,226.4455229131524,67.9408347406847,8.985565458191957,7.515097730270178,14.536787452589854,228.5,10.440306508914238,249.38061301782847,207.61938698217153,602914.0
HPPL,2020-12-03,263.0,263.0,241.0,243.0,-0.03 %,15423.0,3811286.0,-0.031872509960159334,-0.0323914957912354,243.4,230.0,236.59553631421446,227.6717804751411,60.98049466133745,8.923755839073351,7.796829352030813,15.06987406311915,230.0,10.249518602306217,250.49903720461242,209.50096279538758,587491.0
HPPL,2020-12-06,239.0,244.0,230.0,233.0,-0.04 %,16866.0,4009227.0,-0.04115226337448563,-0.042022989774847926,242.6,230.95,236.04237688125838,228.06646340290843,53.589932299933174,7.975913478349952,7.832646177294642,14.993454487182067,230.95,9.54476985469106,250.0395397093821,211.86046029061788,570625.0
HPPL,2020-12-07,229.0,246.0,229.0,245.0,0.05 %,13487.0,3192964.0,0.05150214592274671,0.05021975697902635,243.6,232.45,237.42047274568017,229.32079944713743,59.874468977639374,8.09967329854274,7.886051601544262,15.136779166669061,232.45,9.2592769980374,250.96855399607477,213.9314460039252,584112.0
HPPL,2020-12-08,241.0,258.0,237.0,248.0,0.01 %,30201.0,7428760.0,0.012244897959183598,0.012170535620255114,244.0,233.7,239.04809232326784,230.70444393253467,61.28588514950874,8.343648390733165,7.977570959382042,15.555580654764128,233.7,9.597697092206564,252.8953941844131,214.50460581558687,614313.0
HPPL,2020-12-09,244.0,251.0,236.0,239.0,-0.04 %,20601.0,4995253.0,-0.03629032258064513,-0.03696519423347147,241.6,233.95,239.04069350430356,231.31892956716172,55.03192720259925,7.721763937141844,7.926409554934003,15.515896322280977,233.95,9.670764406736003,253.29152881347198,214.608471186528,593712.0
HPPL,2020-12-10,235.0,247.0,232.0,241.0,0.01 %,9391.0,2234661.0,0.008368200836819994,0.00833338155914424,241.2,234.75,239.34212527287224,232.03604589552012,56.103921287175766,7.30607937735212,7.802343519417628,15.479046584975192,234.75,9.552486587274748,253.85497317454949,215.64502682545051,603103.0
HPPL,2020-12-13,241.0,245.0,225.0,241.0,0.00 %,7902.0,1879690.0,0.0,0.0,242.8,235.3,239.59718292319957,232.70004249585196,56.1039212864556,6.897140427347608,7.621302901003625,15.801971828905536,235.3,9.581231653606064,254.46246330721215,216.13753669278788,603103.0
HPPL,2020-12-14,241.0,249.0,238.0,242.0,0.00 %,18856.0,4539569.0,0.004149377593360981,0.004140792666031387,242.2,236.15,239.96684708886116,233.38892823689997,56.70245790725414,6.577918851961186,7.412626091195137,15.458973841126571,236.15,9.37114833159163,254.89229666318326,217.40770333681675,621959.0
HPPL,2020-12-15,240.0,242.0,232.0,237.0,-0.02 %,14229.0,3374753.0,-0.02066115702479343,-0.020877585021555255,240.0,236.85,239.51040907519024,233.65641503416663,52.82406745825896,5.853994041023611,7.100899681160833,15.069047138188958,236.85,8.845308003923327,254.54061600784664,219.15938399215335,607730.0
HPPL,2020-12-16,233.0,237.0,232.0,232.0,-0.02 %,7076.0,1651662.0,-0.021097046413502074,-0.021322769468821192,238.6,237.45,238.35496152516095,233.53371762422836,49.19997546375873,4.821243900932586,6.644968525115184,14.349829485461177,237.45,8.009698069088062,253.4693961381761,221.43060386182387,600654.0
HPPL,2020-12-17,229.0,236.0,226.0,230.0,-0.01 %,12674.0,2898392.0,-0.008620689655172376,-0.008658062743114541,236.4,237.6,237.06958282898233,233.2719607631744,47.787672318341684,3.7976220658079285,6.075499233253733,14.039127379356806,237.6,7.829767758877188,253.25953551775436,221.94046448224563,587980.0
HPPL,2020-12-20,226.0,227.0,219.0,219.0,-0.05 %,14996.0,3452407.0,-0.047826086956521685,-0.049007579106694496,232.0,237.65,234.2896470091389,232.21477848442075,40.84332405303171,2.0748685247181413,5.275373091546616,13.822046852259893,237.65,7.700136704190112,253.05027340838024,222.24972659161978,572984.0
HPPL,2020-12-21,214.0,224.0,206.0,219.0,0.00 %,8135.0,1745170.0,0.0,0.0,227.4,237.25,231.93739362311754,231.2359060040933,40.84332405245063,0.7014876190242489,4.360595997042142,14.120472077098473,237.25,8.453432812523452,254.15686562504692,220.34313437495308,572984.0
HPPL,2020-12-22,223.0,237.0,222.0,237.0,0.08 %,7872.0,1793820.0,0.08219178082191791,0.07898841131863046,227.4,237.2,232.71625614263792,231.662875929716,53.63102100694556,1.0533802129219225,3.6991528402180984,14.397581214448582,237.2,8.451720472627287,254.10344094525456,220.29655905474542,580856.0
HPPL,2020-12-23,248.0,248.0,220.0,235.0,-0.01 %,6120.0,1419660.0,-0.008438818565400852,-0.008474626990972232,228.0,237.3,233.06760135146286,231.9100703052926,52.278773658185706,1.1575310461702486,3.1908284814085284,15.369182556273683,237.3,8.411145488048058,254.12229097609614,220.47770902390388,574736.0
HPPL,2020-12-24,235.0,235.0,226.0,227.0,-0.03 %,6260.0,1425906.0,-0.03404255319148941,-0.03463549666275634,227.4,237.1,232.13412422046858,231.54636139378945,47.156887931804285,0.5877628266791248,2.670215350462648,14.914240945111278,237.1,8.613942186946637,254.32788437389326,219.87211562610673,568476.0
HPPL,2020-12-27,223.0,231.0,221.0,222.0,-0.02 %,8129.0,1867673.0,-0.022026431718061623,-0.022272635609123178,228.0,236.35,230.57502818655033,230.839223512768,44.23959312992948,-0.26419532621767416,2.0833332151265838,14.563223734746186,236.35,9.252453444189962,254.85490688837993,217.84509311162006,560347.0
HPPL,2020-12-28,219.0,226.0,219.0,222.0,0.00 %,9984.0,2211461.0,0.0,0.0,228.6,235.45,229.2557930809272,230.1844662155259,44.239593129340015,-0.9286731345987107,1.4809319451815248,14.022993467978601,235.45,9.74125788916505,254.9325157783301,215.96748422166988,560347.0
HPPL,2020-12-29,218.0,228.0,218.0,228.0,0.03 %,11247.0,2494543.0,0.027027027027026973,0.026668247082161273,226.8,234.55,229.06259414539994,230.0226539032647,48.659807076142975,-0.9600597578647694,0.9927336045722659,13.735636791694414,234.55,9.544769854690667,253.63953970938135,215.46046029061867,571594.0
HPPL,2020-12-30,224.0,224.0,220.0,223.0,-0.02 %,2474.0,546650.0,-0.021929824561403466,-0.022173857494321967,224.4,233.15,228.12988735379997,229.5024573178377,45.42800706148417,-1.372569964037723,0.5196728908502681,13.325948449430529,233.15,9.045353561508742,251.2407071230175,215.0592928769825,569120.0
HPPL,2020-12-31,219.0,225.0,218.0,221.0,-0.01 %,4817.0,1066439.0,-0.008968609865470878,-0.009009069942365968,223.2,232.05,227.03298160706152,228.87264566466453,44.16445922705382,-1.8396640576030165,0.04780550115961124,12.87409498875692,232.05,9.121836149422537,250.29367229884508,213.80632770115494,564303.0
HPPL,2021-01-03,220.0,224.0,219.0,224.0,0.01 %,10432.0,2303048.0,0.013574660633484115,0.013483350337286988,223.6,231.6,226.566369052129,228.51170894876344,46.56532096437548,-1.9453398966344366,-0.35082357839919837,12.31165963241714,231.6,9.292894852354282,250.18578970470855,213.01421029529143,574735.0
HPPL,2021-01-04,220.0,232.0,219.0,222.0,-0.01 %,6210.0,1392915.0,-0.008928571428571397,-0.008968669982760375,223.6,230.45,225.86385073641685,228.02936013774394,45.170854250431375,-2.1655094013270855,-0.7137607429847759,12.360826801530202,230.45,8.964696842267296,248.3793936845346,212.5206063154654,568525.0
HPPL,2021-01-05,222.0,233.0,220.0,229.0,0.03 %,4286.0,962168.0,0.03153153153153143,0.031044621681960108,223.8,229.5,226.34633523850655,228.10125938679994,50.73198773454235,-1.7549241482933837,-0.9219934240464975,12.40648202999233,229.5,7.957121934076365,245.41424386815274,213.58575613184726,572811.0
HPPL,2021-01-06,229.0,233.0,221.0,224.0,-0.02 %,5542.0,1239630.0,-0.02183406113537123,-0.022075951699199847,224.0,228.75,225.9853605864286,227.7974623951851,47.06032007237799,-1.8121018087564948,-1.100015100988497,12.377447599278593,228.75,7.717887630288534,244.18577526057706,213.31422473942294,567269.0
HPPL,2021-01-07,220.0,228.0,220.0,223.0,-0.00 %,4400.0,974190.0,-0.004464285714285698,-0.004474280394921077,224.4,227.85,225.52607434236268,227.4420948103566,46.33799383116593,-1.916020467993917,-1.2632161743895811,12.064772770758694,227.85,7.249500890266391,242.34900178053277,213.35099821946721,562869.0
HPPL,2021-01-10,221.0,226.0,221.0,225.0,0.01 %,4395.0,984282.0,0.008968609865470878,0.008928630744301398,224.6,227.05,225.44513982815303,227.2611988984783,48.055249118054576,-1.8160590703252808,-1.3737847535767211,11.560146144275931,227.05,6.5732712356118554,240.19654247122372,213.9034575287763,567264.0
HPPL,2021-01-11,222.0,233.0,222.0,224.0,-0.00 %,12219.0,2758445.0,-0.004444444444444473,-0.004454350349380309,225.0,226.15,225.22281062382177,227.01962860970212,47.24121297908343,-1.7968179858803524,-1.4583914000374474,11.52013570539908,226.15,5.5750855551686715,237.30017111033735,214.99982888966267,555045.0
HPPL,2021-01-12,222.0,228.0,222.0,226.0,0.01 %,5387.0,1215985.0,0.008928571428571397,0.008888947417245994,224.4,225.6,225.3423782201569,226.94410056453899,49.098372460747875,-1.6017223443820967,-1.4870575889063773,11.125840297870575,225.6,4.9566542196036485,235.5133084392073,215.6866915607927,560432.0
HPPL,2021-01-13,225.0,230.0,225.0,229.0,0.01 %,13236.0,3014684.0,0.01327433628318575,0.013187004281953681,225.4,225.45,225.90508926320967,227.09638941161018,51.83706503648075,-1.1913001484005008,-1.427906100805202,10.688280276594107,225.45,4.79555715440198,235.04111430880394,215.85888569119604,573668.0
HPPL,2021-01-17,225.0,231.0,225.0,231.0,0.01 %,5121.0,1174747.0,0.008733624454148492,0.008695706967553913,227.0,225.5,226.68892168425435,227.3855457514909,53.62832183988425,-0.6966240672365416,-1.2816496940914701,10.353403113980242,225.5,4.850393364414577,235.20078672882914,215.79921327117086,578789.0
HPPL,2021-01-18,235.0,235.0,225.0,230.0,-0.00 %,7747.0,1770250.0,-0.0043290043290042934,-0.00433840159859813,228.0,226.05,227.19831834821522,227.57920902915825,52.57543315965245,-0.3808906809430255,-1.1014978914617812,10.328160034410224,226.05,4.69574275275831,235.44148550551662,216.6585144944834,571042.0
HPPL,2021-01-19,226.0,240.0,226.0,231.0,0.00 %,3325.0,766252.0,0.004347826086956497,0.004338401598598141,229.4,226.65,227.7831924484898,227.8326009529243,53.55738369068803,-0.049408504434495626,-0.8910800140563241,10.590434317666638,226.65,4.510514033032849,235.6710280660657,217.6289719339343,574367.0
HPPL,2021-01-20,235.0,235.0,226.0,230.0,-0.00 %,6337.0,1454458.0,-0.0043290043290042934,-0.00433840159859813,230.2,226.3,228.12423976410676,227.99314903048548,52.38919592490726,0.13109073362127788,-0.6866458645208037,10.476831866404735,226.3,3.8946657177109905,234.089331435422,218.51066856457803,568030.0
HPPL,2021-01-21,226.0,244.0,226.0,240.0,0.04 %,13504.0,3170559.0,0.04347826086956519,0.0425596144187959,232.4,226.55,229.95127980039803,228.88254539859767,61.4455348278312,1.0687344018003557,-0.3355698112565718,11.014201018804396,226.55,4.5822885571659295,235.71457711433186,217.38542288566816,581534.0
HPPL,2021-01-24,244.0,257.0,244.0,256.0,0.07 %,47881.0,12007895.0,0.06666666666666665,0.06453852113757116,237.4,228.0,233.9587752157214,230.8912457394423,70.96270727748686,3.0675294762791054,0.3450500462505636,11.441758088889795,228.0,8.026272648724138,244.05254529744826,211.94745470255174,629415.0
HPPL,2021-01-25,256.0,280.0,253.0,280.0,0.09 %,20265.0,5255380.0,0.09375,0.08961215868968714,247.4,230.9,241.0420405671489,234.52893124022435,79.2406572523579,6.5131093269245355,1.578661902385358,12.553061082540525,230.9,13.999624055105299,258.8992481102106,202.9007518897894,649680.0
HPPL,2021-01-26,285.0,308.0,270.0,297.0,0.06 %,50777.0,14844238.0,0.06071428571428572,0.05894253563345002,260.6,234.65,249.65095740297215,239.15641781502254,82.94871263079702,10.494539587949617,3.3618374394982102,14.370699576644773,234.65,20.17365400192882,274.99730800385765,194.30269199614236,700457.0
HPPL,2021-01-27,292.0,302.0,282.0,286.0,-0.04 %,32539.0,9398872.0,-0.03703703703703709,-0.037740327982847086,271.8,237.55,255.2431178025149,242.62631279168755,73.7670096822832,12.616805010827335,5.212830953764035,14.77279246402729,237.55,23.120906465567757,283.7918129311355,191.3081870688645,667918.0
HPPL,2021-01-28,281.0,281.0,261.0,268.0,-0.06 %,24933.0,6797824.0,-0.06293706293706292,-0.06500483030899588,277.4,239.8,257.20571506366645,244.50584517748848,61.726386963751764,12.699869886177964,6.710238740246821,15.50330728802534,239.8,23.80977242978079,287.4195448595616,192.18045514043843,642985.0
HPPL,2021-01-31,263.0,273.0,258.0,260.0,-0.03 %,18686.0,4891448.0,-0.02985074626865669,-0.030305349495328922,278.2,241.75,257.6356050538716,245.65356034952637,57.25347083586715,11.982044704345213,7.764599933066499,15.467356767452102,241.75,23.786052967853337,289.32210593570665,194.17789406429333,624299.0
HPPL,2021-02-01,260.0,270.0,260.0,267.0,0.03 %,12280.0,3273574.0,0.026923076923076827,0.026567027384721706,275.6,243.9,259.0762811994298,247.2347781014133,59.985763219954244,11.841503098016489,8.579980566056497,15.076831284062667,243.9,24.039222336139794,291.9784446722796,195.82155532772043,636579.0
HPPL,2021-02-02,264.0,291.0,264.0,283.0,0.06 %,14134.0,3938938.0,0.059925093632958726,0.058198239242988024,272.8,246.95,262.75685332259445,249.8840537976049,65.42561864855466,12.872799524989546,9.438544357843107,15.928486192343906,246.95,24.966240363634597,296.8824807272692,197.0175192727308,650713.0
HPPL,2021-02-03,281.0,296.0,281.0,287.0,0.01 %,47216.0,13880190.0,0.014134275618374659,0.014035318116383583,273.0,249.85,266.48656819604145,252.63338314593048,66.64640635009985,13.853185050110966,10.321472496296678,15.862165750033627,249.85,26.113668532218163,302.07733706443634,197.62266293556365,697929.0
HPPL,2021-02-04,283.0,311.0,283.0,304.0,0.06 %,58322.0,17552996.0,0.059233449477351874,0.05754548564660055,280.2,253.85,272.25786539665046,256.4383177277134,71.286672267062,15.819547668937048,11.421087530824753,16.72915391074551,253.85,28.004275989288445,309.8585519785769,197.8414480214231,756251.0
HPPL,2021-02-07,310.0,334.0,304.0,334.0,0.10 %,61785.0,20251817.0,0.09868421052631571,0.09411329157047864,295.0,259.4,281.75665533562733,262.1836275256606,77.29090020814836,19.57302780996673,13.051475586653149,17.6770714885494,259.4,32.24641962989666,323.8928392597933,194.90716074020668,818036.0
HPPL,2021-02-08,340.0,351.0,327.0,343.0,0.03 %,52002.0,17888238.0,0.026946107784431073,0.026589454189239435,310.2,265.3,291.17870836091544,268.17002548672275,78.72800303449415,23.008682874192687,15.042917044161058,18.128709239367303,265.3,36.1766135565652,337.6532271131304,192.9467728868696,870038.0
HPPL,2021-02-09,348.0,348.0,324.0,336.0,-0.02 %,20501.0,10091379.0,-0.020408163265306145,-0.020619287202735703,320.8,270.9,298.0742916900054,273.1944680432618,74.76498204700404,24.879823646743603,17.010298364677567,18.54808715084107,270.9,38.066285677265014,347.03257135453,194.76742864546995,849537.0
HPPL,2021-02-10,344.0,368.0,334.0,368.0,0.05 %,39736.0,13691141.0,0.09523809523809534,0.09097177820572679,337.0,278.0,308.8320929684661,280.21710004005723,79.77669223818725,28.614992928408867,19.331237277423828,19.65179521149528,278.0,42.26233859073436,362.52467718146875,193.47532281853128,889273.0
HPPL,2021-02-11,361.0,363.0,348.0,350.0,-0.05 %,32192.0,11377748.0,-0.048913043478260865,-0.05014978368547156,346.2,284.05,315.1656171271636,285.38620374079375,71.20969429018507,29.779413386369868,21.420872499213036,19.67666698210276,284.05,43.52068473725992,371.09136947451987,197.00863052548016,857081.0
HPPL,2021-02-14,345.0,350.0,331.0,335.0,-0.04 %,15370.0,5177653.0,-0.042857142857142816,-0.04380262265839289,346.4,289.25,318.2170606460615,289.06129975999426,64.95023523111985,29.15576088606724,22.96785017658388,19.628333626238277,289.25,43.05916981623213,375.36833963246426,203.13166036753574,841711.0
HPPL,2021-02-15,339.0,352.0,333.0,336.0,0.00 %,14289.0,4847536.0,0.0029850746268655914,0.00298062813813772,345.0,294.55,320.9528974697443,292.53824051851325,65.17004350577673,28.414656951231052,24.057211531513314,19.583452652935545,294.55,41.89017596173606,378.3303519234721,210.7696480765279,856000.0
HPPL,2021-02-16,336.0,345.0,330.0,330.0,-0.02 %,15685.0,5236250.0,-0.017857142857142905,-0.018018505502678365,343.8,299.5,322.34475939747597,295.31318566529006,62.632044469822596,27.031573732185905,24.652083971647833,19.256063177725867,299.5,39.781640833031986,379.063281666064,219.93671833393603,840315.0
HPPL,2021-02-17,325.0,330.0,321.0,325.0,-0.02 %,8777.0,1775298.0,-0.015151515151515138,-0.01526747213078842,335.2,304.25,322.75325795171045,297.51220894934266,60.51697756905009,25.241049002367788,24.769876977791824,18.523487236459733,304.25,36.590011579232225,377.43002315846445,231.06997684153555,831538.0
HPPL,2021-02-18,330.0,357.0,318.0,352.0,0.08 %,15246.0,5037888.0,0.08307692307692305,0.07980599326835958,335.6,309.85,327.2527567283704,301.54834161976174,66.99803366576003,25.704415108608657,24.956784603955192,19.986095290998325,309.85,34.76428142731862,379.37856285463727,240.32143714536278,846784.0
HPPL,2021-02-21,350.0,354.0,332.0,344.0,-0.02 %,24917.0,8670957.0,-0.022727272727272707,-0.02298951822469872,337.4,314.25,329.82925569323646,304.6929089071868,63.663487591742005,25.13634678604967,24.99269704037409,20.12994562735559,314.25,33.119997139586566,380.4899942791731,248.01000572082688,821867.0
HPPL,2021-02-22,339.0,354.0,337.0,344.0,0.00 %,21395.0,7332611.0,0.0,0.0,339.0,317.45,332.0093702019693,307.6045452844322,63.663487591315466,24.4048249175371,24.875122615806696,19.906378082544478,317.45,32.726096137806486,382.90219227561295,251.99780772438703,821867.0
HPPL,2021-02-23,343.0,378.0,333.0,377.0,9.59 %,62754.0,22276784.0,0.09593023255813948,0.09160353007461236,348.4,321.45,338.9310055555125,312.7449493374372,70.65150295314378,26.186056218075294,25.137309336260415,21.698779648077018,321.45,34.911127769024525,391.272255538049,251.62774446195095,884621.0
HPPL,2021-02-24,377.0,392.0,361.0,369.0,-2.12 %,25361.0,9520373.0,-0.021220159151193685,-0.021448543407483627,357.2,325.6,343.55700470081825,316.9119901272567,67.27383075875926,26.645014573561582,25.43885038372065,22.363152530357233,325.6,35.40502491841473,396.4100498368295,254.78995016317054,859260.0
HPPL,2021-02-25,370.0,370.0,356.0,356.0,0.00 %,15218.0,5500156.0,-0.035230352303523005,-0.0358659131884967,358.0,330.0,345.4713116699231,319.8073982659784,62.08002144668515,25.66391340394472,25.483862987765463,21.765784492474573,330.0,33.27398224945005,396.5479644989001,263.4520355010999,844042.0
HPPL,2021-02-28,356.0,356.0,337.0,340.0,-4.49 %,22637.0,7737729.0,-0.0449438202247191,-0.04598511324182338,357.2,334.0,344.6295714130119,321.30314654257256,56.31711517542451,23.326424870439325,25.052375364300236,21.56822845729782,334.0,28.94277475512986,391.8855495102597,276.1144504897403,821405.0
HPPL,2021-03-01,340.0,371.0,329.0,360.0,0.00 %,27432.0,9703510.0,0.05882352941176472,0.05715841383994862,360.4,338.65,346.994252734087,324.1695801320117,61.16952126593203,22.82467260207534,24.606834811855258,23.027640710347978,338.65,24.78385510133699,388.21771020267397,289.082289797326,848837.0
HPPL,2021-03-02,360.0,396.0,350.0,392.0,8.89 %,150852.0,54657608.0,0.0888888888888888,0.08515780834030677,363.4,344.1,353.9182138519198,329.1940556777886,67.40779270198077,24.72415817413122,24.630299484310452,24.668523516751694,344.1,23.87004288576513,391.8400857715303,296.35991422846973,999689.0
HPPL,2021-03-03,385.0,425.0,365.0,424.0,8.16 %,67254.0,26311680.0,0.08163265306122458,0.07847161544149531,374.4,350.95,364.7000271054706,336.2167182201746,72.21494108746775,28.483308885296026,25.40090136450757,27.192200408412287,350.95,26.168432167500875,403.2868643350017,298.61313566499825,1066943.0
HPPL,2021-03-04,403.0,465.0,403.0,465.0,9.67 %,231620.0,97131129.0,0.09669811320754707,0.09230395035539846,396.2,359.0,380.13079216616745,345.7562205742357,76.91337178185222,34.374571591931726,27.195635409992402,29.67847180781141,359.0,34.42612227272566,427.8522445454513,290.1477554545487,1298563.0
HPPL,2021-03-08,474.0,492.0,441.0,483.0,3.87 %,95640.0,43499554.0,0.03870967741935494,0.03797924806521647,424.8,366.45,395.95682414060326,355.92242645762565,78.62248945169571,40.03439768297761,29.763387864589447,31.201438107253452,366.45,43.62456454314184,453.6991290862837,279.2008709137163,1394203.0
HPPL,2021-03-09,507.0,507.0,452.0,488.0,1.04 %,49256.0,23570915.0,0.010351966873705987,0.010298752200574473,450.4,373.7,410.11731273435663,365.7059504237275,79.08565672926521,44.41136231062916,32.69298275379739,32.90133538530678,373.7,50.955191874304184,475.61038374860834,271.78961625139164,1443459.0
HPPL,2021-03-10,485.0,506.0,444.0,497.0,1.84 %,79910.0,36910831.0,0.018442622950819665,0.018274620243481542,471.4,381.75,423.4838800059941,375.43143557752546,79.9286321258293,48.05244442846862,35.764875088731635,34.97981142921344,381.75,57.04003672398409,495.8300734479682,267.6699265520318,1523369.0
HPPL,2021-03-14,488.0,488.0,448.0,448.0,-9.86 %,88300.0,39847225.0,-0.09859154929577463,-0.10379679368164355,476.2,385.75,427.25559077430273,380.80688479400504,64.65019985424664,46.44870598029769,37.90164126704485,35.98125346998391,385.75,58.80285975859708,503.3557195171942,268.1442804828058,1435069.0
HPPL,2021-03-15,440.0,441.0,414.0,420.0,-6.25 %,90449.0,38177315.0,-0.0625,-0.06453852113757118,467.2,389.25,426.13934603979465,383.7100785129676,57.845729170875146,42.42926752682706,38.8071665190013,35.83973536498507,389.25,58.64601660093931,506.5420332018786,271.9579667981214,1344620.0
HPPL,2021-03-16,421.0,428.0,399.0,404.0,-3.81 %,34951.0,14233060.0,-0.03809523809523807,-0.038839833316263894,451.4,392.7,422.7332928029032,385.2130356601552,54.326992449434954,37.520257142747994,38.54978464375064,35.3511828389147,392.7,57.30077614978848,507.30155229957694,278.09844770042304,1309669.0
HPPL,2021-03-17,412.0,412.0,395.0,407.0,0.74 %,18510.0,7413504.0,0.007425742574257432,0.007398307481444925,435.2,396.25,420.31278621784116,386.82688487051405,54.88118302053744,33.485901347327115,37.53700798446594,34.040384064706515,396.25,55.7823543123748,507.8147086247496,284.6852913752504,1328179.0
HPPL,2021-03-18,399.0,419.0,397.0,413.0,1.47 %,27747.0,11290206.0,0.014742014742014753,0.014634407518437777,418.4,400.4,419.18774218432713,388.76563413936486,56.03030892583255,30.422108044962272,36.114027996565206,33.18035663151319,400.4,53.640518856156,507.681037712312,293.11896228768796,1355926.0
HPPL,2021-03-21,415.0,429.0,394.0,429.0,3.87 %,31050.0,12827641.0,0.03874092009685226,0.03800932596698418,414.6,405.6,420.69732030981527,391.74595753644894,59.02712291897288,28.951362773366327,34.68149495192543,33.31033115783368,405.6,50.91830401938233,507.4366080387647,303.76339196123536,1386976.0
HPPL,2021-03-22,421.0,423.0,411.0,415.0,-3.26 %,14315.0,5952315.0,-0.03263403263403264,-0.03317839869731868,413.6,408.75,419.8208094929206,393.4684792004157,55.464928895959396,26.352330292504917,33.01566202004133,32.21673607513127,408.75,49.352518199493055,507.4550363989861,310.0449636010139,1372661.0
HPPL,2021-03-23,435.0,435.0,401.0,402.0,-3.13 %,34961.0,14285980.0,-0.031325301204819245,-0.031826431611677204,413.2,411.65,417.07914649400976,394.1004437040886,52.308210659455696,22.978702789921158,31.0082701740173,32.344112069764755,411.65,46.995268518837115,505.6405370376742,317.65946296232573,1337700.0
HPPL,2021-03-24,402.0,417.0,402.0,410.0,1.99 %,24003.0,9823320.0,0.01990049751243772,0.019705071079332337,413.8,414.95,415.9900470333929,395.27818861489686,54.04166713976878,20.711858418496035,28.94898782291305,31.10524692192442,414.95,44.2308239746151,503.4116479492302,326.4883520507698,1361703.0
HPPL,2021-03-25,420.0,420.0,398.0,398.0,-2.93 %,26652.0,10716457.0,-0.029268292682926855,-0.02970515441391581,410.8,416.0,413.222347489794,395.47980427305265,51.0446091172679,17.742543216741353,26.70769890167871,30.454872141786964,416.0,43.52615668525276,503.05231337050554,328.94768662949446,1335051.0
HPPL,2021-03-29,395.0,405.0,390.0,390.0,-2.01 %,18622.0,7331573.0,-0.02010050251256279,-0.02030526616074557,403.0,417.05,409.6496786452103,395.0738928454191,49.09003051895289,14.57578579979122,24.281316281301216,29.3509527030879,417.05,42.57559839799161,502.20119679598326,331.89880320401676,1316429.0
HPPL,2021-03-30,397.0,400.0,390.0,395.0,1.28 %,16988.0,6701320.0,0.012820512820512775,0.012739025777429712,399.0,419.0,407.39588193056255,395.06841930131395,50.369174570096696,12.3274626292486,21.890545550890693,27.96874179572448,419.0,40.47351310619809,499.94702621239617,338.05297378760383,1333417.0
HPPL,2021-03-31,414.0,414.0,390.0,393.0,-0.51 %,15132.0,5948461.0,-0.005063291139240533,-0.005076153031860661,397.2,421.65,405.18113086432214,394.91520305677216,49.82984917981501,10.265927807549986,19.565622002222554,27.685260238887018,421.65,36.57620019975176,494.8024003995035,348.49759960049647,1318285.0
HPPL,2021-04-01,388.0,394.0,386.0,391.0,-0.51 %,34659.0,13542968.0,-0.0050890585241730735,-0.00510205188389551,393.4,423.2,402.9994184236572,394.62518801552983,49.26180639356828,8.374230408127346,17.327343683403512,26.279170221823662,423.2,34.419394777389556,492.0387895547791,354.3612104452209,1283626.0
HPPL,2021-04-04,398.0,402.0,390.0,398.0,1.79 %,20607.0,8166675.0,0.01790281329923271,0.01774444529907191,393.4,423.5,402.2302771277099,394.87517408845355,51.35210465727784,7.355103039256335,15.332895554574078,25.259229491693404,423.5,34.15830021654907,491.81660043309813,355.18339956690187,1304233.0
HPPL,2021-04-05,398.0,398.0,390.0,396.0,-0.50 %,16329.0,6416197.0,-0.005025125628140725,-0.005037794029957181,394.6,422.1,401.27177295421603,394.9584945263459,50.70930219434628,6.313278427870159,13.528972129233296,24.026427385143876,422.1,34.70613475271155,491.5122695054231,352.68773049457695,1287904.0
HPPL,2021-04-06,391.0,420.0,391.0,420.0,6.06 %,53149.0,21730813.0,0.06060606060606055,0.058840500022933395,399.6,419.85,404.15303865356736,396.81342085772764,57.57258351656396,7.339617795839729,12.291101262554584,24.381682571919313,419.85,33.20474759966693,486.25949519933386,353.4405048006662,1341053.0
HPPL,2021-04-07,425.0,433.0,400.0,403.0,-4.05 %,22761.0,9365603.0,-0.04047619047619044,-0.041318149330730976,401.6,415.85,403.9756480914801,397.2716859793774,52.044621482621274,6.7039621121026585,11.173673432464199,24.99727667392508,415.85,29.845699681417823,475.54139936283565,356.1586006371644,1318292.0
HPPL,2021-04-08,423.0,423.0,398.0,402.0,-0.25 %,17168.0,6943843.0,-0.002481389578163795,-0.002484473327661945,403.8,411.55,403.67170223125237,397.6219314623865,51.729971771755096,6.049770768865869,10.148892899744533,24.997471197216143,411.55,24.64586011995401,460.841720239908,362.258279760092,1301124.0
HPPL,2021-04-12,395.0,405.0,394.0,400.0,-0.50 %,7316.0,2913252.0,-0.00497512437810943,-0.004987541511039051,404.2,406.7,403.10682496490585,397.7980846873949,51.06502072495621,5.308740277510935,9.180862375297814,23.99765182598642,406.7,14.3310483694717,435.36209673894336,378.0379032610566,1293808.0
HPPL,2021-04-13,392.0,401.0,392.0,398.0,-0.50 %,9362.0,3714030.0,-0.0050000000000000044,-0.005012541823544286,404.6,404.2,402.32115958568954,397.81304137721753,50.36777654848136,4.508118208472013,8.246313541932654,22.926390981273105,404.2,10.630640917438152,425.4612818348763,382.9387181651237,1284446.0
HPPL,2021-04-15,391.0,408.0,386.0,395.0,-0.75 %,21794.0,8704819.0,-0.007537688442211032,-0.007566240383315813,399.6,402.95,401.1948273417373,397.60466794186806,49.28081248770793,3.5901593998692647,7.315082713519977,22.860220196896456,402.95,10.133191942674896,423.2163838853498,382.6836161146502,1262652.0
HPPL,2021-04-18,400.0,413.0,398.0,401.0,0.75 %,44155.0,17753730.0,0.0151898734177216,0.015075662405447396,399.2,402.8,401.16485390454693,397.8561740202482,51.53358818415729,3.3086798842987264,6.513802147675727,22.513061611403852,402.8,10.139033484495615,423.07806696899127,382.52193303100876,1306807.0
HPPL,2021-04-19,413.0,413.0,389.0,399.0,-0.50 %,46734.0,18452885.0,-0.004987531172069848,-0.0050000104167057515,398.6,402.4,400.8317994576936,397.94090187060016,50.72480982744601,2.890897587093434,5.7892212355592685,22.61927149630358,402.4,10.122408700228462,422.6448174004569,382.1551825995431,1260073.0
HPPL,2021-04-20,392.0,437.0,392.0,430.0,7.77 %,132236.0,54181772.0,0.07769423558897248,0.0748237917977447,404.6,403.25,405.31921492574077,400.31564988018533,60.95382860447883,5.003565045555433,5.632089997558502,24.217894960853325,403.25,11.656825423205534,426.56365084641106,379.93634915358894,1392309.0
HPPL,2021-04-21,440.0,440.0,412.0,412.0,-4.19 %,33301.0,13940171.0,-0.041860465116279055,-0.0427618593380817,407.4,402.4,406.3470280140883,401.1811572964679,53.950612313711964,5.1658707176204075,5.538846141570883,24.488045320792374,402.4,10.210417796479797,422.82083559295955,381.9791644070404,1359008.0
HPPL,2021-04-22,408.0,420.0,407.0,412.0,0.00 %,18205.0,7468568.0,0.0,0.0,410.8,402.25,407.2167160119209,401.98255305228514,53.95061231334111,5.234162959635739,5.477909505183854,23.66747065502149,402.25,10.036118981471402,422.3222379629428,382.1777620370572,1359008.0
HPPL,2021-04-25,412.0,412.0,389.0,391.0,-5.10 %,25740.0,10161271.0,-0.050970873786407744,-0.05231578936416059,408.8,401.7,404.7218366254715,401.1690306039677,46.69197711488404,3.552806021503784,5.0928888084478405,23.61979417966281,401.7,10.347132834484254,422.3942656689685,381.0057343310315,1333268.0
HPPL,2021-04-26,384.0,405.0,376.0,376.0,-3.84 %,37263.0,14334749.0,-0.038363171355498715,-0.03911841659547125,404.2,400.0,400.30309252924513,399.3046579666368,42.312850305666025,0.9984345626083382,4.27399795927994,24.004094595401185,400.0,11.625742760639882,423.2514855212798,376.7485144787202,1296005.0
HPPL,2021-04-27,376.0,401.0,376.0,395.0,5.05 %,36286.0,9780243.0,0.05053191489361697,0.0492966215112273,397.2,399.85,399.4872321401305,398.9857944135526,48.85600157566128,0.5014377265779331,3.519485912739539,24.075230695729672,399.85,11.672166623379713,423.19433324675947,376.5056667532406,1332291.0
HPPL,2021-04-28,395.0,400.0,370.0,384.0,-2.78 %,95361.0,36618624.0,-0.027848101265822822,-0.02824321231339505,391.6,399.55,397.1045810416489,397.87573556810423,45.62918444575632,-0.7711545264553479,2.661357824900562,24.498428503177553,399.55,12.010850357719015,423.57170071543806,375.52829928456197,1236930.0
HPPL,2021-04-29,391.0,417.0,370.0,412.0,7.29 %,434319.0,178939428.0,0.07291666666666674,0.0703807967617996,391.6,400.4,399.39618395831826,398.9219773778743,53.9641308126811,0.4742065804439335,2.2239275760092365,26.105683610093443,400.4,12.270632463420919,424.9412649268418,375.85873507315813,1671249.0
HPPL,2021-05-02,412.0,434.0,412.0,425.0,3.16 %,229003.0,97326275.0,0.031553398058252524,0.031065819574890532,398.4,402.0,403.3352325801154,400.85368275729104,57.24152846880605,2.481549822824377,2.2754520253722648,25.812420495086773,402.0,13.298199324077016,428.59639864815404,375.40360135184596,1900252.0
HPPL,2021-05-03,425.0,427.0,406.0,411.0,-3.29 %,135705.0,55774755.0,-0.03294117647058825,-0.03349595442818224,405.4,403.0,404.51442756778994,401.60526181230654,52.87577781913219,2.9091657554834,2.402194771394492,25.468676174009147,403.0,13.178930553198855,429.3578611063977,376.6421388936023,1764547.0
HPPL,2021-05-04,391.0,419.0,391.0,411.0,0.00 %,143985.0,59177835.0,0.0,0.0,408.6,403.65,405.5122079419761,402.3011683447283,52.87577781882198,3.2110395972478045,2.563963736565155,25.649485018722782,403.65,13.239792493195619,430.1295849863912,377.17041501360876,1764547.0
HPPL,2021-05-05,410.0,422.0,408.0,412.0,0.24 %,183976.0,75798112.0,0.0024330900243310083,0.0024301348532918907,414.2,404.45,406.51032979705667,403.0196003191929,53.17164577445368,3.4907294778637947,2.749316884824883,24.817378945956868,404.45,13.23661190549008,430.9232238109802,377.9767761890198,1948523.0
HPPL,2021-05-06,419.0,421.0,407.0,411.0,-0.24 %,129263.0,53127093.0,-0.0024271844660194164,-0.002430134853291782,414.0,404.0,407.20104828981715,403.6107410362897,52.8145440437313,3.590307253527442,2.9175149585653952,24.044709021245666,404.0,12.826781193627424,429.65356238725485,378.34643761274515,1819260.0
HPPL,2021-05-09,431.0,431.0,404.0,408.0,-0.73 %,124919.0,50966952.0,-0.007299270072992692,-0.007326040092072898,410.6,404.25,407.3239639375376,403.9358713298979,51.69291609572765,3.3880926076396918,3.0116304883802547,24.25580123401383,404.25,12.85496013217155,429.9599202643431,378.5400797356569,1694341.0
HPPL,2021-05-10,405.0,410.0,395.0,408.0,0.00 %,169632.0,69209856.0,0.0,0.0,410.0,404.55,407.42796948560874,404.2369178980536,51.69291609533355,3.191051587555137,3.047514708215231,23.594672574441418,404.55,12.869691036234729,430.2893820724695,378.81061792753053,1694341.0
HPPL,2021-05-11,410.0,413.0,402.0,409.0,0.25 %,84330.0,34490970.0,0.002450980392156854,0.0024479816386400372,409.6,405.0,407.6698203339766,404.5897387944941,52.086287890677916,3.080081539482478,3.0540280744686803,22.695053104838458,405.0,12.859565352388476,430.71913070477694,379.28086929522306,1778671.0
HPPL,2021-05-12,412.0,443.0,405.0,438.0,7.09 %,245868.0,107690184.0,0.07090464547677255,0.06850375433364432,414.8,407.0,412.33600182105715,407.0645729578649,61.800948936112604,5.271428863192227,3.4975082322133897,23.78826359735,407.0,14.693356894931124,436.38671378986226,377.61328621013774,2024539.0
HPPL,2021-05-13,459.0,459.0,431.0,433.0,-1.14 %,193508.0,83788964.0,-0.011415525114155223,-0.011481182373956254,419.2,408.9,415.51507846397146,408.9857157017268,59.55877012484802,6.529362762244659,4.103879138219644,24.089101911825,408.9,15.494990701572437,439.8899814031449,377.9100185968551,1831031.0
HPPL,2021-05-16,437.0,439.0,417.0,423.0,-2.31 %,180524.0,76361652.0,-0.023094688221709014,-0.023365548956211884,422.2,410.0,416.66660485412973,410.0238108349322,55.241997688835745,6.642794019197538,4.611662114415223,23.939880346694647,410.0,15.684387141348843,441.3687742826977,378.6312257173023,1650507.0
HPPL,2021-05-17,444.0,444.0,422.0,435.0,2.84 %,117756.0,51223860.0,0.028368794326241176,0.027973852042406162,427.6,411.8,419.4871271842636,411.87389892123355,59.075233794664925,7.6132282630300665,5.211975344138192,23.80131746478789,411.8,16.40474899147773,444.6094979829555,378.99050201704455,1768263.0
HPPL,2021-05-18,442.0,448.0,432.0,444.0,2.07 %,162956.0,72352464.0,0.020689655172413834,0.0204785313435407,434.6,412.5,423.2583383866846,414.2536101122532,61.722994753490326,9.004728274431386,5.970525930196831,23.244080503017326,412.5,17.485332198873635,447.47066439774727,377.52933560225273,1931219.0
HPPL,2021-05-19,446.0,450.0,422.0,427.0,-3.83 %,128927.0,55051829.0,-0.03828828828828834,-0.039040549203600255,432.4,413.25,423.833978634887,415.1977871409752,54.54448188381199,8.636191493911781,6.503659042939821,23.583789038516088,413.25,17.781939388625613,448.8138787772512,377.6861212227488,1802292.0
HPPL,2021-05-20,426.0,430.0,418.0,423.0,-0.94 %,65531.0,27719613.0,-0.00936768149882905,-0.009411834182346595,430.4,413.8,423.7056742295198,415.7757288342363,52.983059921758134,7.929945395283482,6.788916313408555,22.75637553576494,413.8,17.910890541782152,449.6217810835643,377.9782189164357,1736761.0
HPPL,2021-05-23,415.0,438.0,408.0,426.0,0.71 %,75793.0,32287818.0,0.007092198581560183,0.007067167223092353,431.0,415.55,424.0586474249783,416.5330822539225,54.04559327848705,7.525565171055803,6.936246084938005,23.2737772832103,415.55,17.26412465199721,450.0782493039944,381.0217506960056,1812554.0
HPPL,2021-05-24,447.0,447.0,426.0,436.0,2.35 %,161572.0,70445392.0,0.023474178403755763,0.023202897079663793,431.2,418.55,425.89577859036626,417.97507616103934,57.49387805110271,7.920702429326923,7.133137353815789,23.11136462012385,418.55,15.108293295918008,448.766586591836,388.333413408164,1974126.0
HPPL,2021-05-25,435.0,442.0,428.0,436.0,0.00 %,63595.0,27727420.0,0.0,0.0,429.6,420.6,427.4502741918484,419.3102557046661,57.4938780506381,8.140018487182317,7.334513580489095,22.460552861543576,420.6,14.514602447542739,449.6292048950855,391.57079510491457,1974126.0
HPPL,2021-05-27,444.0,475.0,425.0,456.0,4.59 %,223442.0,101889552.0,0.04587155963302747,0.04485056616535171,435.4,424.2,431.84253970079476,422.0280145413575,63.79532119363081,9.814525159437267,7.8305158962787305,24.427656228576176,424.2,13.873867900697181,451.94773580139434,396.45226419860563,2197568.0
HPPL,2021-05-30,478.0,478.0,433.0,439.0,-3.73 %,164280.0,72118920.0,-0.037280701754385914,-0.03799339643921468,438.6,425.55,432.943687439134,423.2851986494051,56.172497412029436,9.658488789728892,8.196110474968764,25.89710935510645,425.55,13.937737489114452,453.4254749782289,397.6745250217711,2033288.0
HPPL,2021-05-31,447.0,447.0,414.0,416.0,-5.24 %,115695.0,48129120.0,-0.05239179954441908,-0.053814152813908014,436.6,425.1,430.33696629465186,422.74555430500476,47.84315916096538,7.591411989647099,8.07517077790443,26.404458686884563,425.1,14.10076519012519,453.3015303802504,396.8984696197496,1917593.0
HPPL,2021-06-01,416.0,424.0,407.0,418.0,0.48 %,53377.0,22311586.0,0.004807692307692291,0.0047961722634930135,433.0,425.45,428.43897148009006,422.3940317638933,48.557484094391604,6.0449397161967795,7.6691245655629015,25.73271163782138,425.45,13.81637091507155,453.0827418301431,397.81725816985687,1970970.0
HPPL,2021-06-02,418.0,435.0,410.0,432.0,3.35 %,48746.0,21058272.0,0.03349282296650724,0.03294415571935406,432.2,426.5,428.98682202161467,423.10558496656785,53.37161231808244,5.8812370550468245,7.311547063459686,25.68037509226271,426.5,13.453624047061632,453.40724809412325,399.59275190587675,2019716.0
HPPL,2021-06-03,433.0,438.0,414.0,416.0,-3.70 %,58732.0,24432512.0,-0.03703703703703709,-0.037740327982847086,424.2,426.7,426.9888494029047,422.5792453394147,47.85924753468021,4.409604063490008,6.731158463465751,25.560348299958232,426.7,13.254989130202254,453.2099782604045,400.19002173959547,1960984.0
HPPL,2021-06-06,415.0,421.0,412.0,413.0,-0.72 %,59100.0,24482355.0,-0.007211538461538436,-0.007237667300230502,419.0,426.8,424.83671872553475,421.8696716105692,46.88152568878689,2.967047114965567,5.978336193765715,24.377466278532644,426.8,13.137331299921035,453.0746625998421,400.5253374001579,1901884.0
HPPL,2021-06-07,410.0,426.0,410.0,423.0,2.42 %,41356.0,17440224.0,0.02421307506053272,0.023924586085245243,420.4,427.55,424.55414661391404,421.9533996394159,50.51082740653629,2.600746974498122,5.302818349912196,23.779075830066027,427.55,12.415927800916357,452.38185560183274,402.7181443981673,1943240.0
HPPL,2021-06-08,444.0,444.0,421.0,425.0,0.47 %,72838.0,31135329.0,0.004728132387706863,0.004716989878138867,421.8,428.4,424.62273944254264,422.1790737401999,51.22855197123995,2.4436657023427415,4.730987820398306,23.72342755648988,428.4,11.559457280999412,451.5189145619988,405.2810854380011,2016078.0
HPPL,2021-06-09,420.0,428.0,414.0,416.0,-0.02 %,59698.0,25149463.0,-0.02117647058823524,-0.021403908663153493,418.6,428.75,423.2961641436899,421.7213645742592,47.86453151834544,1.574799569430695,4.099750170204784,23.028897016740604,428.75,11.035230663159895,450.8204613263198,406.6795386736802,1956380.0
HPPL,2021-06-10,396.0,437.0,396.0,431.0,3.61 %,95449.0,40942269.0,0.03605769230769229,0.03542282984248449,421.6,428.4,424.4813696600453,422.40867090209184,53.3615148044047,2.0726987579534466,3.6943398877545164,24.31254722983056,428.4,10.835613795049213,450.0712275900984,406.7287724099016,2051829.0
HPPL,2021-06-13,431.0,474.0,425.0,474.0,9.98 %,405165.0,188563509.0,0.09976798143851506,0.09509923159132869,433.8,430.45,432.09962048157684,426.2302508352702,64.81446107529328,5.869369646306609,4.129345839464935,26.07593671341409,430.45,14.876597658550981,460.203195317102,400.696804682898,2456994.0
HPPL,2021-06-14,497.0,515.0,481.0,513.0,8.23 %,379005.0,189404239.0,0.08227848101265822,0.07906852347569303,451.8,434.95,444.5458327151804,432.65763966228724,71.62130815597452,11.888193052893143,5.681115282150577,27.141941233884513,434.95,23.574015579149336,482.0980311582987,387.8019688417013,2835999.0
HPPL,2021-06-15,520.0,545.0,503.0,505.0,-1.56 %,231291.0,119664862.0,-0.015594541910331383,-0.015717415895409707,467.8,438.45,453.84647383592187,438.0163330206363,68.68595868245036,15.830140815285574,7.710920388777577,28.203231145749907,438.45,28.303756492356293,495.05751298471256,381.8424870152874,2604708.0
HPPL,2021-06-16,480.0,507.0,455.0,459.0,-9.11 %,197036.0,93187700.0,-0.09108910891089106,-0.09550821921481464,476.4,439.2,454.63932401501086,439.5706787228114,54.78277856648134,15.068645292199449,9.182465369461951,29.903000349624914,439.2,28.655118032793663,496.5102360655873,381.88976393441266,2407672.0
HPPL,2021-06-17,456.0,465.0,436.0,447.0,-2.61 %,122632.0,54670601.0,-0.02614379084967322,-0.02649161544697634,479.6,440.2,453.46404339731686,440.12099881741796,51.835112203617236,13.343044579898901,10.014581211549341,29.838500324651704,440.2,28.55576262240284,497.3115252448057,383.0884747551943,2285040.0
HPPL,2021-06-20,455.0,455.0,415.0,422.0,-5.59 %,125189.0,53593152.0,-0.055928411633109576,-0.05755328057755698,469.2,440.15,448.62342133619114,438.7787026087203,46.25163433328125,9.84471872747082,9.980608714733638,30.564321730033726,440.15,28.588321134036686,497.32664226807333,382.9733577319266,2159851.0
HPPL,2021-06-21,422.0,432.0,393.0,393.0,-6.87 %,70842.0,28746794.0,-0.06872037914691942,-0.07119570216675056,445.2,438.5,440.06597189985405,435.38768760066694,40.76605929032243,4.678284299187112,8.920143831624333,31.16687017788846,438.5,30.346247491934797,499.1924949838696,377.8075050161304,2089009.0
HPPL,2021-06-22,400.0,432.0,395.0,432.0,9.92 %,95938.0,39991602.0,0.0992366412213741,0.09461597637484913,430.6,438.3,438.8250531460303,435.1367477783953,49.449158432205635,3.688305367634996,7.873776138826466,31.726379450896427,438.3,30.376757042526883,499.0535140850538,377.54648591494623,2184947.0
HPPL,2021-06-23,432.0,440.0,403.0,412.0,-4.63 %,71320.0,29600163.0,-0.04629629629629628,-0.047402238894583906,421.2,437.1,434.6981218927949,433.4229146096253,45.745723599070416,1.2752072831696069,6.554062367695095,32.103066632975256,437.1,30.941200602699602,498.98240120539924,375.2175987946008,2113627.0
HPPL,2021-06-24,415.0,429.0,404.0,408.0,-0.97 %,45985.0,19054432.0,-0.009708737864077666,-0.009756174945364685,413.4,434.7,430.59071852467264,431.53973574965306,45.019515154252176,-0.9490172249804232,5.053446449159991,31.595704730619882,434.7,31.25800949987694,497.2160189997539,372.1839810002461,2067642.0
HPPL,2021-06-27,410.0,430.0,410.0,413.0,1.23 %,30218.0,12518940.0,0.01225490196078427,0.012180418556871013,411.6,433.4,427.88445413626147,430.1664219904195,46.16986764485564,-2.28196785415804,3.5863635884963854,30.910297249861323,433.4,31.608459893543813,496.6169197870876,370.18308021291233,2097860.0
HPPL,2021-06-28,421.0,429.0,410.0,412.0,-0.24 %,32821.0,13646212.0,-0.002421307506053294,-0.0024242436115063915,415.4,433.2,425.440691961452,428.8207611022403,45.962737675968214,-3.3800691407882937,2.19307704263945,30.059561732014085,433.2,31.73674609394041,496.6734921878808,369.72650781211917,2065039.0
HPPL,2021-06-29,404.0,415.0,400.0,400.0,-2.91 %,22120.0,8965576.0,-0.029126213592232997,-0.02955880224154439,409.0,432.3,421.52673935199783,426.6858899094817,43.4440158647513,-5.159150557483883,0.7226315226147833,28.983878751155938,432.3,32.437956973755966,497.17591394751196,367.42408605248806,2042919.0
HPPL,2021-06-30,392.0,418.0,392.0,407.0,1.75 %,30981.0,12546603.0,0.01750000000000007,0.017348638334613073,408.0,431.05,419.2918563747674,425.2276758421127,45.32617043347248,-5.935819467345311,-0.6090586753772357,28.7707445546448,431.05,32.92811149026704,496.9062229805341,365.1937770194659,2073900.0
HPPL,2021-07-01,405.0,420.0,405.0,410.0,0.74 %,23774.0,9789622.0,0.0073710073710073765,0.007343974255758505,408.4,430.75,417.8623400094186,424.0996998538081,46.15324404446829,-6.237359844389516,-1.7347189091796917,27.787119943598746,430.75,33.09933216053387,496.9486643210677,364.5513356789323,2097674.0
HPPL,2021-07-04,410.0,418.0,403.0,407.0,-0.73 %,12640.0,5156681.0,-0.007317073170731714,-0.007343974255758506,407.2,430.45,416.19121077720035,422.8330554201927,45.413411417122795,-6.641844642992339,-2.7161440559422214,26.873754233341696,430.45,33.295289693726076,497.0405793874521,363.85942061254786,2085034.0
HPPL,2021-07-05,407.0,409.0,403.0,404.0,-0.74 %,9621.0,3895127.0,-0.0073710073710073765,-0.0073983074814449245,405.6,429.5,414.31563988840026,421.4380142779562,44.64274432397584,-7.122374389555944,-3.597390122664966,25.382771788103003,429.5,33.78648125788099,497.072962515762,361.927037484238,2075413.0
HPPL,2021-07-06,420.0,420.0,399.0,400.0,-0.99 %,23179.0,9299516.0,-0.00990099009900991,-0.009950330853168092,405.6,428.25,412.11323375172327,419.8500132203298,43.580801053736025,-7.736779468606528,-4.4252679918532785,25.06971666038136,428.25,34.41828614344857,497.08657228689714,359.41342771310286,2052234.0
HPPL,2021-07-07,408.0,408.0,393.0,393.0,-1.75 %,16939.0,6714432.0,-0.01749999999999996,-0.01765493523872071,402.8,427.1,409.17273625145816,417.8611233521572,41.71088310713075,-8.68838710069906,-5.2778918136224355,24.350451184639837,427.1,35.223945204777216,497.54789040955444,356.6521095904456,2035295.0
HPPL,2021-07-08,395.0,402.0,390.0,393.0,0.00 %,16833.0,6631266.0,0.0,0.0,399.4,425.2,406.684622982003,416.0195586594048,41.71088310685541,-9.334935677401802,-6.089300586378309,23.468276100022706,425.2,36.018416342048575,497.2368326840971,353.16316731590285,2035295.0
HPPL,2021-07-11,400.0,417.0,396.0,417.0,6.11 %,34054.0,13789322.0,0.06106870229007644,0.05927660992954031,401.4,422.35,408.2716040616949,416.09218394389336,50.20629351844622,-7.8205798821984445,-6.435556445542337,23.506256378592514,422.35,34.161035051490416,490.67207010298085,354.0279298970192,2069349.0
HPPL,2021-07-12,419.0,422.0,397.0,402.0,-3.60 %,47017.0,19073154.0,-0.03597122302158273,-0.036634133179780384,401.0,416.8,407.30674189835725,415.04831846656793,45.72112751722003,-7.741576568210689,-6.696760470076008,23.61295235155019,416.8,26.904509502658485,470.609019005317,362.990980994683,2022332.0
HPPL,2021-07-13,398.0,420.0,398.0,420.0,4.48 %,28826.0,11909952.0,0.04477611940298498,0.04380262265839284,405.0,412.55,409.2595508370715,415.4151096912666,51.33894714753791,-6.155558854195078,-6.588520146899823,23.49774146929661,412.55,17.203044406203404,446.95608881240685,378.1439111875932,2051158.0
HPPL,2021-07-14,421.0,462.0,404.0,454.0,8.10 %,140773.0,62161205.0,0.08095238095238089,0.07784248676393393,417.2,412.3,416.1426968621374,418.2732497141357,59.802087922822736,-2.1305528519982886,-5.696926687919516,25.962188507203994,412.3,16.515064893022792,445.3301297860456,379.26987021395445,2191931.0
HPPL,2021-07-15,450.0,474.0,445.0,449.0,-1.10 %,104279.0,47958191.0,-0.011013215859030812,-0.011074310299093665,428.4,412.4,421.19766657565475,420.54930529086636,58.199057423182694,0.6483612847883933,-4.427869093377935,26.179175042403706,412.4,16.740747640970177,445.8814952819403,378.91850471805964,2087652.0
HPPL,2021-07-18,457.0,493.9,450.0,493.9,10.00 %,208970.0,100485443.8,0.09999999999999987,0.09531017980432474,443.78000000000003,415.995,432.3826409486309,425.9826900841355,66.80438138203397,6.399950864495395,-2.2623051018032694,27.516376825089154,415.995,24.726301253602518,465.44760250720503,366.542397492795,2296622.0
HPPL,2021-07-19,503.7,540.0,501.0,519.0,5.08 %,303405.0,158803942.3,0.05082000404940268,0.049570815619309455,467.18,422.29499999999996,445.7083884949954,432.8728611890144,70.46481780236012,12.835527305981032,0.7572613797535908,28.84377848043993,422.29499999999996,33.16931801973658,488.6336360394731,355.9563639605268,2600027.0
HPPL,2021-07-20,519.0,545.0,515.0,540.0,4.05 %,164582.0,88874280.0,0.040462427745664664,0.039665256392431354,491.18,427.695,460.2147902649961,440.8082048046429,73.13403996646285,19.4065854603532,4.487126195873513,28.926365731837077,427.695,42.3524991495213,512.3999982990426,342.9900017009574,2764609.0
HPPL,2021-07-22,549.9,549.9,515.1,518.0,-4.07 %,103251.0,54088963.0,-0.040740740740740744,-0.041593897298837015,503.98,432.995,469.10482253191975,446.5261155598546,66.36718971629011,22.578706972065163,8.105442351111844,29.345911036705857,432.995,46.69487152049416,526.3847430409883,339.6052569590117,2661358.0
HPPL,2021-07-25,525.0,550.0,518.1,545.0,5.21 %,216565.0,116181180.5,0.05212355212355213,0.05081055240376102,523.1800000000001,439.84499999999997,480.7810036808552,453.8204773702357,70.03199270788197,26.960526310619457,11.876459143013367,29.535488819798296,439.84499999999997,52.52053708587841,544.8860741717568,334.80392582824317,2877923.0
HPPL,2021-07-26,545.0,581.4,540.0,581.4,6.68 %,183305.0,102579587.4,0.06678899082568801,0.06465319346153141,540.68,448.265,496.2608492684159,463.2708123798479,74.12538750340694,32.990036888568,16.099174692124294,30.382953904098418,448.265,60.83150391384955,569.928007827699,326.60199217230087,3061228.0
HPPL,2021-07-27,576.0,639.0,569.0,598.0,2.86 %,217935.0,131855296.3,0.028551771585827446,0.028151765825856316,556.4799999999999,457.56499999999994,511.9130263040442,473.25075220356285,75.75203149839712,38.66227410048134,20.611794573795706,33.212742910948535,457.56499999999994,68.704012561894,594.9730251237879,320.15697487621196,3279163.0
HPPL,2021-07-28,609.0,644.0,589.0,612.0,2.34 %,148418.0,90063781.9,0.02341137123745818,0.02314152856169433,570.8799999999999,468.16499999999996,527.3110222572682,483.5284742625582,77.061766004459,43.78254799471,25.24594525797857,34.768975560166496,468.16499999999996,75.38456686253652,618.934133725073,317.3958662749269,3427581.0
HPPL,2021-07-29,624.2,649.0,577.0,624.3,2.01 %,129919.0,77949428.2,0.020098039215686203,0.01989873955537228,592.14,479.03000000000003,542.2324034484577,493.9559946875538,78.1770442755884,48.276408760903905,29.852037958563642,37.428334448726034,479.03000000000003,81.51520426469763,642.0604085293953,315.99959147060474,3557500.0
HPPL,2021-08-01,625.0,626.0,598.0,622.9,-0.22 %,175195.0,107384354.0,-0.0022425116130064815,-0.0022450298075985054,607.72,489.675,554.6428029179258,503.50740248847575,77.71388592800764,51.135400429450044,34.10871045274092,36.754881988102746,489.675,85.81404543975545,661.3030908795109,318.0469091204891,3382305.0
HPPL,2021-08-02,629.0,652.0,593.0,593.0,-4.80 %,83744.0,50743493.3,-0.048001284315299375,-0.04919159326237436,610.04,498.975,560.5439101613218,510.13648378562567,68.39427399366431,50.40742637569616,37.36845363733197,38.34381898895255,498.975,86.45901295441782,671.8930259088356,326.0569740911644,3298561.0
HPPL,2021-08-03,600.0,620.0,581.5,596.0,0.51 %,51410.0,30689982.8,0.005059021922428242,0.005046268067624219,609.64,508.575,565.9986932134261,516.4967442459497,68.79857827134329,49.50194896747644,39.79515270336086,38.354974775455936,508.575,86.01666224755566,680.6083244951113,336.54167550488864,3349971.0
HPPL,2021-08-04,605.0,642.0,598.0,630.0,5.70 %,161613.0,100561737.3,0.057046979865771785,0.055479152320228584,613.24,520.075,575.8450481036683,524.9043928203238,73.01217356211158,50.94065528334454,42.024253219357604,38.90104800578051,520.075,86.11160368657181,692.2982073731437,347.8517926268564,3511584.0
HPPL,2021-08-05,630.0,631.0,592.0,609.0,-3.33 %,129174.0,79473991.8,-0.033333333333333326,-0.03390155167568134,610.1800000000001,530.875,580.9458099338732,531.1336970558554,66.9943217117133,49.81211287801784,43.58182515108965,38.90811600536762,530.875,82.81741410444349,696.509828208887,365.240171791113,3382410.0
HPPL,2021-08-08,597.0,640.0,595.0,628.0,3.12 %,143417.0,89999356.4,0.031198686371100237,0.030721898758301724,611.2,542.625,588.1849160978927,538.3089787554217,69.44793321260671,49.87593734247105,44.840647589365936,39.34325057641279,542.625,78.79963181185367,700.2242636237073,385.0257363762927,3525827.0
HPPL,2021-08-09,640.0,690.8,625.0,690.8,10.00 %,315382.0,213900574.5,0.09999999999999987,0.09531017980432474,630.76,556.3149999999999,603.9718520828322,549.6046099587238,75.84073897041563,54.36724212410843,46.74596649631444,41.23301839238331,556.3149999999999,79.60564827222736,715.5262965444547,397.1037034555452,3841209.0
HPPL,2021-08-10,703.0,739.5,674.0,705.0,2.06 %,156404.0,109345448.9,0.0205558772437755,0.02034745653974528,652.56,571.4649999999999,619.5146440700888,561.1153795914109,77.01203026297318,58.39926447867788,49.07662609278713,42.96637422149879,571.4649999999999,77.49627682058072,726.4575536411613,416.4724463588385,3997613.0
HPPL,2021-08-11,705.0,742.7,678.1,711.0,0.85 %,90313.0,63981459.3,0.008510638297872353,0.008474626990972236,668.76,586.015,633.5893142131521,572.2179440661212,77.5082254857632,61.371370147030916,51.53557490363589,44.51163320567745,586.015,74.83388815095,735.6827763019,436.3472236981,4087926.0
HPPL,2021-08-12,711.0,725.0,675.0,725.0,1.97 %,116551.0,80738221.3,0.019690576652601877,0.019499225051433807,691.9599999999999,599.5649999999999,647.6524966418979,583.5351333945566,78.66539766312466,64.11736324734125,54.05193257237696,44.90365940527192,599.5649999999999,74.2041726376725,747.973345275345,451.1566547246549,4204477.0
HPPL,2021-08-15,710.5,710.5,652.5,700.0,-3.45 %,192987.0,129415049.8,-0.03448275862068961,-0.03509131981127006,706.3599999999999,612.115,655.7059586969906,592.1621605505154,71.58299248877336,63.54379814647518,55.95030568719661,46.87482659060964,612.115,68.39753977569512,748.9100795513903,475.31992044860976,4011490.0
HPPL,2021-08-16,710.0,710.0,672.0,681.0,-2.71 %,63709.0,43703182.0,-0.027142857142857135,-0.0275180288938923,704.4,621.47,659.5973496666843,598.7427412504773,66.67021433587445,60.85460841620704,56.9311662329987,46.2409104055661,621.47,64.03382412114946,749.5376482422989,493.4023517577011,3947781.0
HPPL,2021-08-17,693.0,749.1,679.0,705.0,3.52 %,328848.0,230575443.0,0.03524229074889873,0.03463549666275634,704.4,630.77,666.5823727948867,606.6136493059975,69.51617616225946,59.96872348888928,57.53867768417682,47.94513109088281,630.77,61.837495864048215,754.4449917280964,507.09500827190357,4276629.0
HPPL,2021-08-18,691.0,730.0,691.0,726.0,2.98 %,250972.0,177378976.8,0.029787234042553123,0.02935221201252737,707.4,640.0699999999999,675.7235462110581,615.4570826907384,71.78629894088088,60.26646352031969,58.0842348514054,47.306193155819756,640.0699999999999,61.45319228571111,762.9763845714222,517.1636154285777,4527601.0
HPPL,2021-08-19,735.0,735.0,680.0,681.0,-6.20 %,83529.0,56883249.0,-0.06198347107438018,-0.06398770867528374,698.6,648.22,676.5353083324337,620.3121136025355,61.25877756746591,56.22319472989818,57.71202682710396,47.85575078754692,648.22,54.86784697414556,757.9556939482911,538.4843060517089,4444072.0
HPPL,2021-08-24,667.4,668.0,612.9,613.0,-9.99 %,129228.0,80761111.3,-0.09985315712187959,-0.10519737021330097,681.2,651.62,666.7606455120592,619.7704755579033,49.45599087053339,46.99016995415593,55.56765545251436,49.301768588436424,651.62,50.02841929185256,751.6768385837051,551.5631614162949,4314844.0
HPPL,2021-08-25,600.8,600.8,568.0,579.0,-5.55 %,95637.0,55797616.0,-0.055464926590538366,-0.05706245836321619,660.8,651.5,653.2590077409732,616.7504403313919,44.807406406557035,36.50856740958125,51.75583784392774,48.99449940354811,651.5,50.20827149300292,751.9165429860059,551.0834570139941,4219207.0
HPPL,2021-08-26,575.0,621.9,575.0,610.0,5.35 %,67328.0,40782104.0,0.05354058721934374,0.05215647959436173,641.8,652.1,646.6037757808234,616.2504077142519,49.47089466575657,30.353368066571534,47.4753438884565,48.84489230329468,652.1,49.60334241708584,751.3066848341717,552.8933151658283,4286535.0
HPPL,2021-08-29,605.0,617.0,575.3,582.9,-4.44 %,78682.0,46286202.7,-0.044426229508196746,-0.04544331211585286,613.1800000000001,650.6450000000001,636.803194891466,613.7800071428259,45.82561644239136,23.02318774864011,42.584912660493224,48.334542853059354,650.6450000000001,51.24124032969555,753.1274806593912,548.162519340609,4207853.0
HPPL,2021-08-31,573.0,582.0,532.0,554.0,-4.96 %,87939.0,49196188.3,-0.04957968776805621,-0.05085095830422023,587.78,647.1299999999999,624.0642418312405,609.3518584655795,42.25022817549776,14.712383365660912,37.01040680152676,48.51778979212654,647.1299999999999,55.387022040597415,757.9040440811947,536.3559559188051,4119914.0
HPPL,2021-09-01,560.0,602.8,543.1,573.0,3.43 %,63827.0,36695581.0,0.03429602888086647,0.033721029967455796,579.78,644.635,616.2082046264343,606.65912820887,45.27334044935243,9.549076417564265,31.518140724734263,49.316519092688935,644.635,57.61504988875323,759.8650997775064,529.4049002224936,4183741.0
HPPL,2021-09-02,573.0,584.0,545.0,550.0,-4.01 %,41062.0,22884652.7,-0.04013961605584637,-0.04096743848822291,573.98,642.485,606.0223269915982,602.4621557489537,42.38109531592037,3.5601712426445147,25.92654682831631,48.579624871782585,642.485,60.379303486153276,763.2436069723066,521.7263930276935,4142679.0
HPPL,2021-09-05,539.0,545.0,495.0,500.0,-9.09 %,54102.0,27778141.3,-0.09090909090909094,-0.0953101798043249,551.98,637.6850000000001,589.7111997621215,594.8723664342165,36.867188410065765,-5.161166672094964,19.709004128234056,49.03822309522669,637.6850000000001,67.64764184631824,772.9802836926365,502.3897163073636,4088577.0
HPPL,2021-09-06,490.0,550.0,490.0,550.0,10.00 %,54002.0,28871697.4,0.10000000000000009,0.09531017980432493,545.4,633.6850000000001,583.6017844141028,591.5484874390894,44.625727768393666,-7.946703024986618,14.177862697589923,49.82120715985336,633.6850000000001,70.43379328732365,774.5525865746474,492.81741342535275,4142579.0
HPPL,2021-09-07,560.0,560.0,525.1,538.0,-2.18 %,61098.0,33038823.0,-0.021818181818181848,-0.02205971806473222,542.2,630.135,576.5861252734716,587.5819328139717,43.251919432552036,-10.995807540500095,9.14312864997192,48.75540664843526,630.135,73.46738821802695,777.0697764360539,483.2002235639461,4081481.0
HPPL,2021-09-08,527.3,552.4,516.8,532.0,-1.12 %,25670.0,13671112.3,-0.01115241635687736,-0.011215070820140068,534.0,625.335,569.7267213852451,583.4647526055293,42.54664068258933,-13.738031220284142,4.566896675920708,47.8157347449756,625.335,76.68006173980562,778.6951234796113,471.97487652038876,4055811.0
HPPL,2021-09-09,540.0,585.2,529.0,585.2,10.00 %,344427.0,195028641.3,0.10000000000000009,0.09531017980432493,541.04,620.0550000000001,572.1072257875151,583.5932894495642,50.287143869807615,-11.486063662049105,1.3563046083267452,48.414610834620206,620.0550000000001,75.56258803485807,771.1801760697163,468.92982393028393,4400238.0
HPPL,2021-09-12,596.9,643.7,596.9,643.6,9.98 %,218226.0,138651477.4,0.0997949419002051,0.09512374597225894,569.76,616.985,583.1061141278974,588.0382309718186,57.11718001223144,-4.9321168439212215,0.09862031787715186,49.134995775004484,616.985,73.13815531688819,763.2613106337764,470.70868936622367,4618464.0
HPPL,2021-09-13,656.4,656.4,610.0,634.0,-1.49 %,188417.0,118742957.0,-0.014916096954630254,-0.015028460681002269,586.5600000000001,613.135,590.9359427236054,591.4428064553875,55.76096777516617,-0.5068637317821185,-0.022476492054702216,48.939638933932734,613.135,69.88292672296856,752.9008534459372,473.36914655406287,4430047.0
HPPL,2021-09-14,625.0,645.0,618.0,632.0,-0.32 %,67791.0,42559508.1,-0.003154574132492094,-0.0031595602903684815,605.36,608.485,597.2534899968969,594.4470430142477,55.46548838844741,2.806446982649163,0.543308202886071,47.372521867223256,608.485,64.96902318554277,738.4230463710855,478.5469536289145,4362256.0
HPPL,2021-09-15,644.6,644.6,602.0,630.0,-0.32 %,73260.0,44910327.9,-0.0031645569620253333,-0.0031695747612790672,624.96,604.985,602.2914146127589,597.0805953835627,55.15076205129435,5.210819229196204,1.4768104081480975,47.031627448135886,604.985,61.57639905882791,728.1377981176558,481.8322018823442,4288996.0
HPPL,2021-09-16,620.0,620.0,579.2,603.8,-4.16 %,114717.0,67866285.0,-0.04158730158730162,-0.042476802112839974,628.6800000000001,601.125,602.5235046723344,597.5783290588544,51.06311378176322,4.945175613480046,2.1704834492144873,47.30079691612618,601.125,58.92302628272915,718.9710525654583,483.2789474345417,4174279.0
HPPL,2021-09-20,615.8,615.8,543.5,543.5,-9.99 %,76626.0,42930815.4,-0.09986750579662129,-0.10521331071147418,608.66,593.05,593.4429654919753,593.5725269063466,43.13835139775728,-0.12956141437132374,1.7104744764973252,49.086454279260025,593.05,54.86492983970006,702.7798596794,483.3201403205998,4097653.0
HPPL,2021-09-21,532.7,585.0,490.0,530.2,-2.45 %,84403.0,44436827.6,-0.02447102115915356,-0.024775412706338894,587.9,583.26,583.7132784932098,588.8782656540246,41.604653314816225,-5.164987160814803,0.3353821490348996,52.36599325931288,583.26,46.7640145050767,676.7880290101534,489.73197098984656,4013250.0
HPPL,2021-09-22,540.8,570.0,531.1,570.0,7.51 %,46079.0,25651189.8,0.07506601282534886,0.07238206697367061,575.5,577.71,581.6035433404084,587.4798756055783,47.607553523161506,-5.8763322651699355,-0.9069607338060675,51.468422312219104,577.71,40.75424291762679,659.2184858352537,496.20151416474647,4059329.0
HPPL,2021-09-23,580.0,580.0,537.1,541.0,-5.09 %,36824.0,20226248.9,-0.05087719298245619,-0.05221708198211436,557.7,574.11,575.3568443649609,584.0369218570169,44.05396230698874,-8.680077492055943,-2.461584085456043,50.856392147060596,574.11,40.65276452047712,655.4155290409542,492.8044709590458,4022505.0
HPPL,2021-09-26,551.8,551.8,508.3,519.0,-4.07 %,44334.0,22935985.0,-0.0406654343807763,-0.04151539568059284,540.74,571.11,566.6865606165054,579.2193720898305,41.52187912049994,-12.532811473325069,-4.475829563029849,50.330935565127696,571.11,42.44717956037898,656.004359120758,486.2156408792421,3978171.0
HPPL,2021-09-27,529.0,539.5,485.0,486.2,-6.32 %,55063.0,27668432.0,-0.06319845857418116,-0.0652838212838657,529.28,564.9200000000001,554.3040128293507,572.3290482313246,38.013794486939446,-18.025035401973923,-7.185670730818664,50.628725881904295,564.9200000000001,45.4013980772389,655.7227961544779,474.1172038455223,3923108.0
HPPL,2021-09-28,478.0,499.3,437.6,437.6,-10.00 %,102099.0,45515270.0,-0.0999588646647469,-0.10531481077425141,510.75999999999993,557.655,536.3495493171429,562.3491187327079,33.49777201907952,-25.99956941556502,-10.948450467767938,51.419531176053994,557.655,53.30939953654401,664.273799073088,451.036200926912,3821009.0
HPPL,2021-09-29,438.0,473.7,404.2,469.2,7.22 %,37524.0,16751023.4,0.07221206581352835,0.06972386567154895,490.6,553.415,526.0188494221978,555.4491840117666,38.60497966728766,-29.430334589568815,-14.644827292128113,52.710993234907285,553.415,56.8688822042197,667.1527644084393,439.6772355915606,3858533.0
HPPL,2021-09-30,460.0,473.9,438.1,440.0,-6.22 %,43092.0,19531960.0,-0.06223358908780896,-0.06425438986701347,470.4,546.765,512.7851802803212,546.8973926034877,35.864113249529325,-34.11221232316643,-18.538304298335778,51.503065146699626,546.765,62.00265932326962,670.7703186465392,422.75968135346073,3815441.0
HPPL,2021-10-03,442.0,448.8,406.7,406.7,-7.57 %,35302.0,14656915.2,-0.07568181818181818,-0.078698913999128,447.93999999999994,539.6,496.464383314118,536.5124005587849,32.98775261689124,-40.04801724466688,-22.840246887602,50.83141763622108,539.6,69.44261546129162,678.4852309225832,400.7147690774168,3780139.0
HPPL,2021-10-04,414.0,414.0,385.0,392.0,-3.61 %,32313.0,12733751.4,-0.03614457831325302,-0.036813973122716316,429.1,534.2,480.3929397273306,525.8077782951711,31.776198108679694,-45.41483856784055,-27.35516522364971,49.27203066220529,534.2,76.52232560363703,687.244651207274,381.155348792726,3747826.0
HPPL,2021-10-05,392.0,431.2,390.0,431.2,10.00 %,30523.0,12619481.4,0.09999999999999987,0.09531017980432474,427.82,528.26,472.82479515389514,518.7997947177511,38.28545180612805,-45.97499956385593,-31.07913209169096,48.69545704347634,528.26,79.77314810068812,687.8062962013762,368.7137037986238,3778349.0
HPPL,2021-10-06,425.0,443.0,423.0,440.0,2.04 %,22614.0,9887562.0,0.020408163265306145,0.02020270731751947,421.98,523.36,467.7748266686805,512.9627728868065,39.676878641252905,-45.18794621812606,-33.90089491697798,46.64578154037089,523.36,82.11869073737506,687.5973814747501,359.1226185252499,3800963.0
HPPL,2021-10-10,448.0,456.9,420.0,420.0,-4.55 %,39170.0,17083207.4,-0.045454545454545414,-0.04652001563489282,417.98,517.76,460.42485333503737,506.07664156185785,37.60189552916016,-45.651788226820486,-36.25107357894649,45.949654287487256,517.76,85.25736517034223,688.2747303406844,347.24526965931557,3761793.0
HPPL,2021-10-11,416.0,417.0,405.0,416.0,-0.95 %,16064.0,6596478.6,-0.00952380952380949,-0.009569451016150672,419.84,509.3,453.5902605142624,499.404297742461,37.18306633346536,-45.81403722819857,-38.163666308796905,43.73896469552388,509.3,86.59739269199889,682.4947853839979,336.10521461600223,3745729.0
HPPL,2021-10-17,424.0,429.0,409.0,428.8,3.08 %,7942.0,3316774.8,0.030769230769230882,0.030305349495329058,427.2,498.56000000000006,449.77637428129896,494.17434976153794,39.50516241693666,-44.39797548023898,-39.41052814308532,42.043324360129326,498.56000000000006,82.2767691200971,663.1135382401942,334.00646175980586,3753671.0
HPPL,2021-10-18,420.3,428.4,395.0,400.0,-6.72 %,62437.0,24931819.5,-0.06716417910447758,-0.06952606264861022,420.96000000000004,486.86,442.1184705457145,487.198472001424,36.25751626189041,-45.08000145570952,-40.54442280561017,41.45451547726295,486.86,78.55676727189208,643.9735345437841,329.74646545621584,3691234.0
HPPL,2021-10-19,393.0,400.0,371.0,380.0,-5.00 %,23681.0,9103421.0,-0.050000000000000044,-0.05129329438755058,408.96,474.26000000000005,432.5617827694507,479.257844445763,34.15749788739947,-46.6960616763123,-41.774750579750595,40.56490722888702,474.26000000000005,74.13727949234473,622.5345589846895,325.9854410153106,3667553.0
HPPL,2021-10-20,372.5,409.0,372.5,405.0,6.58 %,19071.0,7640047.0,0.06578947368421062,0.06371581438610778,405.96,463.01000000000005,428.3215084972275,473.7572633757065,38.919833042042484,-45.435754878478974,-42.50695143949628,40.27455671253795,463.01000000000005,65.87114135308153,594.7522827061631,331.267717293837,3686624.0
HPPL,2021-10-21,413.1,421.0,390.0,391.0,-3.46 %,17519.0,6950234.0,-0.03456790123456788,-0.03517950712117334,400.96,452.37000000000006,422.57973795919247,467.6270957182468,37.2931052480838,-45.04735775905431,-43.01503270340788,39.6120883759281,452.37000000000006,58.732471965324905,569.8349439306498,334.9050560693503,3669105.0
HPPL,2021-10-24,391.0,414.0,391.0,406.0,3.84 %,15638.0,6294915.7,0.038363171355498826,0.03764559961636697,396.4,445.49500000000006,420.0290090423936,463.0621256650433,40.17814436272443,-43.033116622649686,-43.01864948725624,38.425510634790385,445.49500000000006,55.460156157843905,556.4153123156879,334.57468768431227,3684743.0
HPPL,2021-10-25,414.0,446.6,410.1,446.6,10.00 %,36073.0,15696914.6,0.10000000000000009,0.09531017980432493,405.72,441.31499999999994,424.11685380510227,461.8427089491142,47.25208148319375,-37.725855144011916,-41.96009061860738,38.58083130373393,441.31499999999994,51.767489035614254,544.8499780712284,337.7800219287714,3720816.0
HPPL,2021-10-26,455.5,491.2,455.0,489.0,9.49 %,59686.0,28592337.0,0.09493954321540521,0.09069915006881446,427.52,437.265,434.098876296625,463.85436013806867,53.443701115865096,-29.755483841443663,-39.51916926317464,39.01077192489579,437.265,43.71171437594311,524.6884287518862,349.8415712481138,3780502.0
HPPL,2021-10-27,481.0,529.3,463.0,476.0,-2.66 %,53026.0,26167365.3,-0.026584867075664653,-0.026944635243452055,441.71999999999997,434.015,440.54520302022115,464.75403716487835,51.44961791403832,-24.208834144657203,-36.457102239471155,40.96000250168895,434.015,37.57922543387976,509.1734508677595,358.85654913224045,3727476.0
HPPL,2021-10-28,476.0,520.0,476.0,520.0,9.24 %,75830.0,38131539.4,0.09243697478991586,0.08841095734405294,467.5200000000001,434.06499999999994,452.7690179401871,468.8463307082207,57.262009367500426,-16.077312768033607,-32.38114434518365,41.17714518013974,434.06499999999994,37.69872641992087,509.46245283984166,358.6675471601582,3803306.0
HPPL,2021-10-31,523.0,564.1,513.0,558.9,7.48 %,41932.0,22931469.3,0.07480769230769235,0.07214175470017947,498.1,437.7,469.0968613340045,475.51697287798214,61.63500422222794,-6.420111543977669,-27.188937784942457,41.885920524415475,437.7,45.65554096769034,529.0110819353806,346.3889180646193,3845238.0
HPPL,2021-11-01,560.0,570.0,526.0,528.0,-5.53 %,87276.0,47165274.6,-0.05528717122920013,-0.0568742825693909,514.38,442.2200000000001,478.15888266723454,479.4046045166501,56.67428676936052,-1.2457218494155882,-22.000294597837087,42.03692620124295,442.2200000000001,49.920785671953034,542.0615713439062,342.378428656094,3757962.0
HPPL,2021-11-02,518.0,545.0,512.0,535.0,1.33 %,36486.0,19326791.5,0.01325757575757569,0.013170463189745008,523.58,445.51000000000005,486.90366994919845,483.5227819598612,57.50862489875929,3.380887989337225,-16.924058080402226,41.39143147258274,445.51000000000005,53.8092821184697,553.1285642369395,337.89143576306066,3794448.0
HPPL,2021-11-03,545.7,545.7,520.0,525.0,-1.87 %,37753.0,20056088.7,-0.01869158878504673,-0.018868484304382805,533.38,449.76000000000005,492.7646438031679,486.59516848135297,55.85386034723982,6.169475321814957,-12.30535139995879,40.27061493882683,449.76000000000005,56.63381359316228,563.0276271863246,336.4923728136755,3756695.0
HPPL,2021-11-08,535.0,535.0,509.6,516.0,-1.71 %,11112.0,5769571.4,-0.017142857142857126,-0.017291497110060994,532.58,455.225,496.3393139872959,488.77330414940093,54.338424824133085,7.566009837894967,-8.331079152388039,39.208428157482054,455.225,57.52648703446171,570.2779740689234,340.17202593107663,3745583.0
HPPL,2021-11-09,507.1,519.8,472.6,486.0,-5.81 %,51243.0,25071644.1,-0.05813953488372092,-0.05989814158106896,518.0,459.925,494.7486502969427,488.56787421240824,49.51571884673682,6.180776084534443,-5.428708105003542,39.77925471766191,459.925,55.906189046329864,571.7373780926597,348.11262190734027,3694340.0
HPPL,2021-11-11,477.0,480.0,460.0,466.0,-4.12 %,36058.0,16884974.7,-0.04115226337448563,-0.042022989774847926,505.6,461.6650000000001,490.32578102048996,486.8961798263039,46.54957065797739,3.4296011941860343,-3.657046245165627,38.79502223782891,461.6650000000001,55.50522284576158,572.6754456915232,350.6545543084769,3658282.0
HPPL,2021-11-14,457.0,488.0,453.0,475.1,1.95 %,20000.0,9496312.5,0.019527896995708227,0.019339674067229837,493.62,463.41999999999996,487.9833531711838,486.0223887280592,48.073738834150944,1.9609644431246238,-2.533444107507577,38.52394922084113,463.41999999999996,55.33880907169433,574.0976181433887,352.7423818566113,3678282.0
HPPL,2021-11-15,484.0,503.3,484.0,485.0,2.08 %,32122.0,15800023.8,0.020837718375078973,0.020623582744607596,485.62,466.66999999999996,487.5243757602325,485.94665622968444,49.75244659266561,1.5777195305480518,-1.7112113798964512,37.786524276495335,466.66999999999996,54.55776369085443,575.7855273817088,357.55447261829113,3710404.0
HPPL,2021-11-16,486.0,510.0,486.0,505.0,4.12 %,17666.0,8830372.1,0.04123711340206193,0.0404095383378767,483.41999999999996,471.12,490.21293333558134,487.3580150274856,53.05433949368868,2.854918308095762,-0.7979854422980086,36.87320111388853,471.12,53.83216217290794,578.7843243458159,363.4556756541841,3728070.0
HPPL,2021-11-17,515.1,529.9,510.0,514.0,1.78 %,30591.0,15921256.6,0.017821782178217838,0.0176648361798053,489.02,475.37999999999994,493.8724820531842,489.33149539581996,54.50319850170606,4.540986657364272,0.26980897763444744,36.01797246289649,475.37999999999994,53.67783625727551,582.735672514551,368.0243274854489,3758661.0
HPPL,2021-11-18,505.0,525.0,490.5,491.0,-4.47 %,20831.0,10479035.2,-0.04474708171206221,-0.04577913766064448,494.02,479.92999999999995,493.43056173730974,489.4550883294629,50.236245533588814,3.9754734078468346,1.010941863676925,35.90954585840388,479.92999999999995,50.72769512437255,581.385390248745,378.47460975125483,3737830.0
HPPL,2021-11-21,490.0,510.0,490.0,499.0,1.63 %,18753.0,9366682.5,0.016293279022403295,0.016161967956998122,498.8,485.87999999999994,494.2873983931082,490.16211882357675,51.65400705447039,4.125279569531472,1.6338094048478344,34.77314972566075,485.87999999999994,45.051019031639775,575.9820380632794,395.7779619367204,3756583.0
HPPL,2021-11-22,498.0,503.0,491.0,492.0,-1.40 %,11961.0,5944161.5,-0.014028056112224463,-0.014127379259210565,500.2,490.2299999999999,493.9354909480146,490.2982581699785,50.303548061589446,3.6372327780360934,2.034494079485486,33.14649617382784,490.2299999999999,40.833243680527865,571.8964873610556,408.5635126389442,3744622.0
HPPL,2021-11-23,490.0,501.8,470.9,481.0,-2.24 %,24901.0,11979984.1,-0.022357723577235755,-0.022611446386546916,495.4,494.7299999999999,491.9454154175508,489.6094983055356,48.172205570722866,2.3359171120151814,2.0947786859914252,32.98603216141157,494.7299999999999,33.64937005744432,562.0287401148886,427.4312598851113,3719721.0
HPPL,2021-11-24,473.0,499.0,467.1,490.0,1.87 %,14875.0,7162566.5,0.018711018711018657,0.01853812099891106,490.6,498.92999999999995,491.6461207379276,489.63842435697745,50.03744162341475,2.007696380950165,2.0773622249831734,32.90845843559646,498.92999999999995,26.467340351135,551.86468070227,445.99531929772996,3734596.0
HPPL,2021-11-25,490.0,499.9,484.0,484.1,-1.20 %,11000.0,5387569.5,-0.012040816326530535,-0.012113894159023543,489.21999999999997,500.805,490.48517908593874,489.228170700905,48.797606932527465,1.2570083850337141,1.9132914569932817,31.693568547339567,500.805,23.754300995590885,548.3136019911818,453.29639800881824,3723596.0
HPPL,2021-11-28,475.0,480.0,435.7,443.0,-8.49 %,52120.0,23572957.8,-0.0848998140879984,-0.0887217269005131,478.02,498.505,483.1797669188712,485.8038617600972,41.14870113673396,-2.624094841225997,1.0058141973494261,32.88688507967246,498.505,26.967162780328135,552.4393255606562,444.57067443934375,3671476.0
HPPL,2021-11-29,443.0,467.0,443.0,458.0,3.39 %,23624.0,10727280.0,0.0338600451467268,0.03329941406904926,471.21999999999997,497.605,479.3059566236603,483.7443164445345,44.563985783061774,-4.438359820874211,-0.08302060629530139,32.25210757398157,497.605,28.036920677069663,553.6788413541393,441.53115864586067,3695100.0
HPPL,2021-11-30,467.0,467.0,441.2,455.0,-0.66 %,15457.0,7014756.7,-0.0065502183406113135,-0.006571765163234502,466.02,494.355,475.56657868155867,481.6151078190134,44.013843747554844,-6.04852913745475,-1.2761223125271912,31.7912427472686,494.355,29.053226562361093,552.4614531247222,436.24854687527784,3679643.0
HPPL,2021-12-01,464.0,464.0,446.0,454.9,-0.02 %,17884.0,8139508.0,-0.00021978021978030782,-0.00021980437499210116,459.0,489.1549999999999,472.38710503824194,479.63621094353095,43.99434749614074,-7.249105905289014,-2.4707190310795557,30.80615397960656,489.1549999999999,26.044041140864763,541.2430822817295,437.06691771827036,3661759.0
HPPL,2021-12-02,461.0,461.0,425.4,435.0,-4.37 %,22117.0,9663501.3,-0.043745878214992207,-0.044731583487274205,449.18,484.50499999999994,466.6352427246662,476.32982494771386,40.180086217541245,-9.694582223047632,-3.9154916694731714,31.14857155249181,484.50499999999994,27.027208026059796,538.5594160521196,430.4505839478803,3639642.0
HPPL,2021-12-05,434.0,443.0,410.5,421.4,-3.13 %,19426.0,8214698.5,-0.03126436781609199,-0.03176352971859547,444.86,478.825,459.6759746131791,472.260949025661,37.7700079328598,-12.58497441248187,-5.649388218074911,31.24510215588525,478.825,27.783161788160193,534.3913235763204,423.2586764236796,3620216.0
HPPL,2021-12-06,428.0,452.8,402.0,440.0,4.41 %,29408.0,12381990.5,0.044138585666824826,0.043192225542218146,441.26000000000005,474.575,456.6489015957669,469.87124909783427,42.82141543459042,-13.22234750206735,-7.163980074873399,32.64188057332202,474.575,26.83298980928124,528.2409796185625,420.90902038143753,3649624.0
HPPL,2021-12-07,448.0,452.0,412.0,414.0,-5.91 %,35135.0,15085950.2,-0.05909090909090908,-0.06090875308699246,433.06000000000006,469.475,450.08753211949505,465.73263805355026,38.15858130976884,-15.64510593405521,-8.86020524670976,33.16746053237045,469.475,28.20346889824864,525.8819377964973,413.06806220350273,3614489.0
HPPL,2021-12-08,407.1,422.0,400.0,400.0,-3.38 %,20879.0,8478385.4,-0.033816425120772986,-0.034401426717332435,422.08000000000004,465.175,442.38175794726504,460.86355375328725,35.89222249195886,-18.481795806022205,-10.784523358572251,32.369784780058275,465.175,31.869121748996864,528.9132434979938,401.4367565020063,3593610.0
HPPL,2021-12-09,400.0,415.0,395.0,408.0,2.00 %,9149.0,3729757.5,0.020000000000000018,0.01980262729617973,416.68,462.275,437.0922567246089,456.94773495674747,38.152718275788324,-19.85547823213858,-12.598714333285518,31.486228724339828,462.275,34.33371635793495,530.9424327158699,393.6075672841301,3602759.0
HPPL,2021-12-12,404.0,404.0,394.0,395.0,-3.19 %,15845.0,6305839.8,-0.031862745098039214,-0.03238140950303983,411.4,458.2700000000001,430.6165249208229,452.3590138488402,35.935277487239915,-21.742488928017337,-14.427469252231884,30.237212386886984,458.2700000000001,37.30240714682018,532.8748142936405,383.66518570635975,3586914.0
HPPL,2021-12-13,387.1,398.0,365.0,383.8,-2.84 %,33197.0,12541162.5,-0.02835443037974683,-0.02876418132752233,400.15999999999997,453.21000000000004,423.4139826253117,447.28056837855576,34.09663448210131,-23.866585753244067,-16.31529255243432,30.4345543592522,453.21000000000004,40.2342731615956,533.6785463231912,372.7414536768088,3553717.0
HPPL,2021-12-14,391.0,420.0,391.0,420.0,9.43 %,12895.0,5238392.5,0.09431995831162054,0.09013312770381438,401.36,448.96000000000004,422.88875452910986,445.25978553569973,44.05937767516292,-22.371031006589874,-17.526440243265434,30.8463719050199,448.96000000000004,38.9443516612562,526.8487033225124,371.0712966774876,3566612.0
HPPL,2021-12-15,428.0,445.0,403.0,410.0,-2.38 %,37826.0,16024132.0,-0.023809523809523836,-0.02409755157906053,403.36,443.76000000000005,420.90586921693915,442.64794957009235,42.163191682843006,-21.7420803531532,-18.36956826524299,31.643059626089908,443.76000000000005,36.680317395169034,517.1206347903382,370.399365209662,3528786.0
HPPL,2021-12-16,410.0,417.0,381.0,381.0,-7.07 %,19435.0,7648408.0,-0.07073170731707312,-0.07335778457165247,397.96000000000004,438.26000000000005,414.76650472202545,438.08143478712253,37.16757118895071,-23.314930065097087,-19.35864062521381,31.95426965279777,438.26000000000005,37.46273095392466,513.1854619078493,363.33453809215075,3509351.0
HPPL,2021-12-20,375.0,404.0,375.0,380.0,-0.26 %,12584.0,4842352.0,-0.002624671916010457,-0.002628122406269469,394.96000000000004,432.31000000000006,409.4178116878677,433.77910628437274,37.00475403181635,-24.361294596505047,-20.35917141947206,31.74325039188364,432.31000000000006,36.75129643255501,505.8125928651101,358.80740713489,3496767.0
HPPL,2021-12-21,387.6,396.0,382.0,395.5,4.08 %,11960.0,4666508.9,0.04078947368421049,0.03997953448727707,397.3,427.48499999999996,407.27660988973423,430.9436169299748,41.29725845046276,-23.66700704024055,-21.020738543625757,30.618732506749097,427.48499999999996,34.78427162715124,497.05354325430244,357.9164567456975,3508727.0
HPPL,2021-12-22,395.5,426.2,392.0,426.0,7.71 %,35255.0,14561743.4,0.07711757269279396,0.07428855906166187,398.5,424.73499999999996,410.15713144515973,430.57742308330995,48.70418046664856,-20.420291638150218,-20.900649162530648,30.87453732769559,424.73499999999996,32.42486497151407,489.5847299430281,359.8852700569718,3543982.0
HPPL,2021-12-23,430.0,430.9,405.0,420.0,-1.41 %,50197.0,21267798.2,-0.014084507042253502,-0.014184634991956413,400.5,421.23499999999996,411.6714189151352,429.793910262324,47.436163570817875,-18.122491347188827,-20.345017599462285,30.519213232860192,421.23499999999996,28.556468066288062,478.3479361325761,364.12206386742383,3493785.0
HPPL,2021-12-26,428.0,436.0,411.2,426.4,1.52 %,39447.0,16693487.5,0.015238095238095273,0.015123161574220828,409.58,418.35,413.9373544666528,429.54250950215186,48.962538665401524,-15.605155035499081,-19.397045086669646,30.110698001941607,418.35,24.497228629504214,467.34445725900844,369.3555427409916,3533232.0
HPPL,2021-12-27,420.0,451.0,416.1,416.2,-2.39 %,59861.0,25810783.7,-0.023921200750468996,-0.024211958892100687,416.82,417.01000000000005,414.2854537794754,428.5541754649554,46.63809054025715,-14.268721685479989,-18.371380406431715,30.452791001802918,417.01000000000005,23.80099290277159,464.6119858055432,369.4080141944569,3473371.0
HPPL,2021-12-28,420.0,428.0,408.0,423.0,1.63 %,12964.0,5407300.8,0.016338298894762238,0.016206265086744023,422.32,415.26000000000005,415.6261531980177,428.1427550601439,48.39692488655706,-12.516601862126208,-17.200424697570615,29.706163073102708,415.26000000000005,21.833952314780394,458.9279046295608,371.59209537043927,3486335.0
HPPL,2021-12-29,430.0,430.0,414.6,416.3,-1.58 %,14175.0,5950042.0,-0.015839243498817934,-0.015966024845348183,420.38,413.325,415.7298219367842,427.26551394457766,46.7614927907553,-11.535692007793443,-16.06747815961518,28.6842942821668,413.325,19.7412705558126,452.8075411116252,373.8424588883748,3472160.0
HPPL,2022-01-02,424.6,426.0,419.0,422.3,1.44 %,15483.0,6551539.2,0.014412683161181938,0.014309807738968235,420.84,411.695,416.74061856189434,426.89769809683116,48.44174355718064,-10.157079534936827,-14.885398434679512,27.32827326201203,411.695,17.32593052107032,446.34686104214063,377.04313895785936,3487643.0
HPPL,2022-01-03,427.0,433.0,422.0,424.0,0.40 %,26596.0,11300217.9,0.00402557423632488,0.004017493292059865,420.36,411.145,417.857446475449,426.68305379336215,48.93351864146294,-8.825607317913125,-13.673440211326236,26.16196802901117,411.145,16.71086866619603,444.56673733239205,377.7232626676079,3514239.0
HPPL,2022-01-04,430.0,440.0,424.0,440.0,3.77 %,42762.0,18481084.9,0.037735849056603765,0.037041271680349076,425.12,412.075,421.2639931715338,427.6694942531131,53.43526649186139,-6.4055010815793025,-12.21985238537685,25.436113169796087,412.075,17.794081659505938,447.66316331901186,376.4868366809881,3557001.0
HPPL,2022-01-05,448.8,476.1,440.0,450.0,2.27 %,71677.0,32604158.9,0.022727272727272707,0.022472855852058576,430.52,412.575,425.6849172989901,429.3236057899195,56.043423843825764,-3.6386884909293826,-10.503619606487357,26.19781937195351,412.575,18.73563660373646,450.0462732074729,375.1037267925271,3628678.0
HPPL,2022-01-06,442.0,478.3,441.0,470.9,4.64 %,35142.0,16188697.7,0.04644444444444429,0.04539817448514331,441.43999999999994,415.41999999999996,432.64108386837626,432.40333869436995,60.96457343117103,0.23774517400630657,-8.355346650388626,26.990832273956833,415.41999999999996,22.83505154247,461.09010308494,369.74989691505994,3663820.0
HPPL,2022-01-09,470.0,505.9,465.0,482.0,2.36 %,61705.0,29803165.3,0.023571883627097057,0.023298356801091418,453.37999999999994,419.52,440.23476327324147,436.07716545774997,63.31370803989928,4.157597815491499,-5.8527577572126015,27.98434425438849,419.52,26.917292426595008,473.35458485319,365.68541514681,3725525.0
HPPL,2022-01-10,483.2,499.0,481.2,494.0,2.49 %,50354.0,24560861.1,0.024896265560165887,0.024591403137322113,467.37999999999994,423.82,448.50633815428125,440.36774579421296,65.71578095033585,8.138592360068287,-3.0544877337564245,27.256891093360743,423.82,31.46512856781842,486.75025713563684,360.88974286436314,3775879.0
HPPL,2022-01-11,503.8,523.0,484.0,515.0,4.25 %,58024.0,29022556.8,0.04251012145748989,0.04163138347581365,482.37999999999994,429.82,458.73613228439183,445.89606092056755,69.48165721500659,12.84007136382428,0.12442408575971609,28.09568458669212,429.82,36.68803906624294,503.19607813248587,356.4439218675141,3833903.0
HPPL,2022-01-12,514.0,528.0,496.0,515.0,0.00 %,112637.0,57924659.4,0.0,0.0,495.37999999999994,436.38,467.39211193294693,451.01487122274773,69.48165721461521,16.377240710199203,3.3749874106476137,28.374564259071253,436.38,39.63740391944858,515.6548078388971,357.1051921611028,3833903.0
HPPL,2022-01-13,505.0,530.0,503.0,525.0,1.94 %,53270.0,27707918.5,0.01941747572815533,0.019231361927887592,506.2,441.63,476.25486394326276,456.49525113217385,71.22709952964898,19.759612811088914,6.651912490735874,28.27638109770902,441.63,44.0605456640104,529.7510913280208,353.5089086719792,3887173.0
HPPL,2022-01-16,525.0,540.0,525.1,533.0,1.52 %,46613.0,24859185.7,0.015238095238095273,0.015123161574220828,516.4,447.78000000000003,484.9848848750685,462.1622695668276,72.57828165028633,22.82261530824087,9.886053054236875,27.328068162158377,447.78000000000003,47.835723273014615,543.4514465460293,352.1085534539708,3933786.0
HPPL,2022-01-17,543.6,543.6,515.0,534.9,0.36 %,24419.0,12866732.2,0.003564727954971758,0.0035583893713597766,524.58,455.475,492.6641333558272,467.55024959891443,72.90373442867669,25.11388375691274,12.931619194772049,27.418920436289923,455.475,48.894589895533535,553.2641797910671,357.68582020893297,3958205.0
HPPL,2022-01-18,530.0,536.0,501.8,514.0,-3.91 %,34133.0,17783489.4,-0.03907272387362115,-0.03985654808203922,524.38,462.175,495.9465743780076,470.9909718508467,63.91726919196966,24.95560252716092,15.336415861249826,27.903283262269216,462.175,47.15809775860648,556.491195517213,367.85880448278704,3924072.0
HPPL,2022-01-19,524.0,524.0,502.0,504.0,-1.95 %,21094.0,10688251.0,-0.01945525291828798,-0.019646997383796536,522.1800000000001,467.6,497.1855629352372,473.4360850470802,60.10000656702242,23.749477888157003,17.01902826663126,27.48162017210713,467.6,45.287967496894176,558.1759349937884,377.0240650062117,3902978.0
HPPL,2022-01-20,494.1,514.0,494.1,513.5,1.88 %,33376.0,16902324.0,0.018849206349206282,0.01867376129724424,519.88,471.975,499.6954763298161,476.4037824510002,62.397522724491814,23.291693878815863,18.27356138906818,26.94007587409948,471.975,45.284154019512044,562.5433080390242,381.40669196097593,3936354.0
HPPL,2022-01-23,515.0,534.1,500.1,508.0,-1.07 %,24308.0,12500450.1,-0.01071080817916259,-0.010768581790131009,514.88,476.375,500.9730953559982,478.74424301018536,60.23501080279093,22.228852345812868,19.06461958041712,27.44435616880666,476.375,44.231233011119286,564.8374660222386,387.9125339777614,3912046.0
HPPL,2022-01-24,501.0,507.9,481.2,485.0,-4.53 %,70165.0,34461324.7,-0.04527559055118113,-0.04633255664099873,504.9,479.30499999999995,498.5156960704601,479.2076324168383,52.102906457568956,19.308063653621787,19.113308395058052,27.398330728177616,479.30499999999995,42.659502242509305,564.6240044850185,393.98599551498137,3841881.0
HPPL,2022-01-25,476.0,494.7,476.0,476.0,-1.86 %,28939.0,14053231.4,-0.01855670103092788,-0.01873103670606324,497.3,482.29499999999996,495.0517428288508,478.970030015591,49.29821860757225,16.0817128132598,18.506989278698402,26.777021390450642,482.29499999999996,40.017568181457435,562.3301363629148,402.2598636370851,3812942.0
HPPL,2022-01-26,482.0,482.0,456.0,461.0,-3.15 %,22474.0,10478989.4,-0.031512605042016806,-0.03201981123477148,488.7,484.195,489.81301316287374,477.6389166811028,44.954796368823956,12.17409648177096,17.240410719312912,26.721519862561312,484.195,37.9002079566536,559.9954159133072,408.3945840866928,3790468.0
HPPL,2022-01-27,456.0,479.0,456.0,470.0,1.95 %,31319.0,14765914.2,0.01952277657266821,0.01933465170745585,480.0,486.87999999999994,486.7648572916624,477.07307100102105,47.91969776050407,9.691786290641346,15.7306858335786,26.455697015235504,486.87999999999994,34.59515633878461,556.0703126775692,417.6896873224307,3821787.0
HPPL,2022-01-30,479.4,508.0,479.4,507.0,7.87 %,23068.0,11423720.3,0.0787234042553191,0.07577830888707884,479.8,491.11499999999995,489.8779561698682,479.289880556501,57.947886463358536,10.58807561336721,14.702163789536321,27.280290085575828,491.11499999999995,31.300921039075035,553.71684207815,428.5131579218499,3844855.0
HPPL,2022-01-31,508.0,508.0,491.0,502.0,-0.99 %,25171.0,12586416.4,-0.009861932938856066,-0.009910883899454019,483.2,495.015,491.74288598988846,480.9721116263898,56.368322999133454,10.770774363498674,13.915885904328793,26.54598365089184,495.015,27.0720923500602,549.1591847001204,440.8708152998796,3819684.0
HPPL,2022-02-01,500.0,527.0,491.0,520.0,3.59 %,75030.0,38595340.9,0.03585657370517925,0.035228691883743814,492.0,499.015,496.09013429913637,483.8630663207313,60.53855005785935,12.227067978405046,13.578122319144043,27.221270532970998,499.015,24.281968076823187,547.5789361536464,450.45106384635363,3894714.0
HPPL,2022-02-03,530.0,540.0,517.0,517.1,-0.56 %,82449.0,43589953.8,-0.005576923076923035,-0.005592532173297203,503.21999999999997,502.37,499.3224213300385,486.3250614080846,59.551004669201234,12.997359921953887,13.461969839706013,26.919751209187357,502.37,21.645641350473408,545.6612827009468,459.0787172990532,3812265.0
HPPL,2022-02-06,510.0,519.0,501.0,509.0,-1.57 %,24220.0,12316237.5,-0.01566428157029598,-0.01578826285165315,511.02,504.275,500.81127958695566,488.0046864889672,56.76563858954153,12.806593097988468,13.330894491362505,26.282626122816833,504.275,20.369168522927588,545.0133370458551,463.5366629541448,3788045.0
HPPL,2022-02-07,500.0,517.0,499.0,511.0,0.39 %,13864.0,7041016.0,0.003929273084479323,0.003921573653181644,511.82,505.725,502.3787750351163,489.70804304534,57.29674776116058,12.6707319897763,13.198861991045264,25.691009971187057,505.725,19.721958774279177,545.1689175485584,466.28108245144165,3801909.0
HPPL,2022-02-08,515.0,535.0,496.0,496.2,0.00 %,20501.0,10478384.6,-0.02896281800391387,-0.02939051894600378,510.65999999999997,505.83500000000004,501.42819426048305,490.18892874568513,52.18770695891506,11.239265514797921,12.806942695795797,26.641652116102268,505.83500000000004,19.659155493979704,545.1533109879595,466.5166890120406,3781408.0
HPPL,2022-02-09,488.0,500.0,488.0,499.0,0.56 %,6497.0,3220081.0,0.005642885933091479,0.005627024493818018,506.4599999999999,505.035,501.0546259127164,490.84160069044924,53.04082833950458,10.213025222267163,12.288159201090071,25.595819822094963,505.035,19.592003605113756,544.2190072102276,465.85099278977253,3787905.0
HPPL,2022-02-10,490.0,500.0,490.0,491.0,-1.60 %,9713.0,4812421.8,-0.01603206412825653,-0.0161619679569981,501.23999999999995,503.83500000000004,499.5077603876831,490.8533339726382,50.28033890579693,8.654426415044895,11.561412643881036,24.481832691945325,503.83500000000004,19.684305129231472,543.203610258463,464.4663897415371,3778192.0
HPPL,2022-02-13,481.2,481.2,460.2,469.0,-4.48 %,11940.0,5600000.9,-0.044806517311609007,-0.04584135934824126,493.23999999999995,501.035,494.81425878957805,489.23456849318353,43.5654963402357,5.579690296394517,10.365068174383733,24.933130356806373,501.035,20.481937485441605,541.9988749708832,460.07112502911684,3766252.0
HPPL,2022-02-14,477.0,480.0,465.0,465.0,-0.85 %,9352.0,4409780.5,-0.008528784648187626,-0.008565362858923046,484.03999999999996,497.63500000000005,490.22744974502757,487.43941527146626,42.45532053921767,2.7880344735613107,8.849661434219248,24.22362104560592,497.63500000000005,20.540390889522754,538.7157817790455,456.55421822095457,3756900.0
HPPL,2022-02-15,468.0,488.0,468.0,486.0,4.52 %,8608.0,4134975.6,0.04516129032258065,0.04417121831313746,482.0,495.19000000000005,489.57707286117716,487.3327919180243,49.702069156997624,2.2442809431528303,7.528585336005966,24.136219542348353,495.19000000000005,18.698969856221222,532.5879397124424,457.7920602875576,3765508.0
HPPL,2022-02-16,487.0,490.6,470.4,475.0,-2.26 %,10890.0,5203787.3,-0.02263374485596703,-0.022893819865852507,477.2,493.24000000000007,487.33444626714993,486.41925177594845,46.405476184920346,0.9151944912014756,6.205907167045068,23.85506100360919,493.24000000000007,18.667658494944543,530.5753169898892,455.904683010111,3754618.0
HPPL,2022-02-17,484.5,489.0,464.0,479.0,0.84 %,9508.0,4501328.0,0.008421052631578885,0.008385793376273964,474.8,491.99000000000007,486.05222376451144,485.8696775703226,47.76231046817316,0.18254619418883067,5.001234972473821,23.936842360494246,491.99000000000007,18.74608450344216,529.4821690068844,454.49783099311577,3764126.0
HPPL,2022-02-20,469.5,490.6,460.2,468.0,-2.30 %,12325.0,5875990.0,-0.022964509394572064,-0.023232301493268537,474.6,489.71500000000003,483.2749585699712,484.54599775029874,44.43103747917453,-1.2710391803275343,3.7467801419135505,24.398496477601803,489.71500000000003,18.759173896065676,527.2333477921313,452.1966522078687,3751801.0
HPPL,2022-02-21,477.3,490.0,469.0,487.0,4.06 %,11709.0,5617151.0,0.040598290598290676,0.03979582716494313,479.0,488.6650000000001,483.8480418668987,484.72777569472106,50.81256531871418,-0.8797338278223492,2.8214773479663706,24.227175300630247,488.6650000000001,18.26299897548659,525.1909979509733,452.1390020490269,3763510.0
HPPL,2022-02-22,495.5,496.9,485.0,486.0,-0.21 %,14856.0,7307583.8,-0.002053388090349051,-0.002055499182095999,479.0,488.71500000000003,484.1791123489143,484.8220145321491,50.48395828001781,-0.6429021832348099,2.1286014417261345,23.346662779156656,488.71500000000003,18.25380349694112,525.2226069938823,452.2073930061178,3748654.0
HPPL,2022-02-23,490.0,499.9,486.0,490.0,0.82 %,12620.0,6206467.0,0.008230452674897082,0.00819676720417849,482.0,489.4150000000001,485.0746335260044,485.2055690112492,51.82599129945951,-0.13093548524483367,1.6766940563319408,22.671901152074035,489.4150000000001,18.00731649547194,525.4296329909439,453.4003670090562,3761274.0
HPPL,2022-02-24,481.0,481.0,465.0,472.0,-3.67 %,12727.0,6014000.8,-0.03673469387755102,-0.03742640551911691,480.6,489.96500000000003,483.0631514450806,484.2273787141197,45.809172591008576,-1.1642272690390882,1.108509791257735,22.83819392692589,489.96500000000003,17.24563331457346,524.456266629147,455.4737333708531,3748547.0
HPPL,2022-02-27,472.0,489.0,469.0,484.0,2.54 %,13109.0,6277479.2,0.025423728813559254,0.02510592113107626,483.8,490.6650000000001,483.2072819919913,484.21053584640714,49.97853050696338,-1.0032538544158456,0.6861570621230191,22.635465789288325,490.6650000000001,16.66702622418187,523.9990524483638,457.3309475516363,3761656.0
HPPL,2022-02-28,493.1,502.0,463.0,468.9,-3.12 %,25112.0,11877919.6,-0.031198347107438074,-0.031695380621091146,480.18,488.76000000000005,481.0061616855311,483.07642208000664,45.259689436292184,-2.0702603944755538,0.13487357080330453,23.804361090053444,488.76000000000005,16.877746170302192,522.5154923406044,455.00450765939564,3736544.0
HPPL,2022-03-02,468.0,468.0,445.0,449.9,-4.05 %,18214.0,8229139.0,-0.04052036681595228,-0.04136419024841406,472.9599999999999,486.15500000000003,476.2205983492955,480.61890933333945,40.125900633648925,-4.398310984043917,-0.7717633401661398,23.81119244076391,486.15500000000003,18.653896869574904,523.4627937391498,448.8472062608502,3718330.0
HPPL,2022-03-06,451.0,460.0,449.5,449.6,-0.07 %,10761.0,4882062.5,-0.0006668148477438907,-0.0006670372676452345,464.88,482.63500000000005,472.12512168017315,478.32121234568467,40.04865628479363,-6.1960906655115195,-1.856628805235216,22.860392980709346,482.63500000000005,18.573276643146492,519.781553286293,445.48844671370705,3707569.0
HPPL,2022-03-07,458.0,458.0,438.2,440.0,-2.14 %,9941.0,4423595.5,-0.02135231316725983,-0.021583571667174516,458.48,478.78000000000003,467.1827952678388,475.48260402378213,37.557111128204276,-8.299808755943332,-3.145264795376839,22.64179348208725,478.78000000000003,19.038813541088494,516.857627082177,440.702372917823,3697628.0
HPPL,2022-03-09,438.0,440.0,419.0,423.9,-3.66 %,14105.0,6011973.0,-0.03659090909090912,-0.03727714855371543,446.4599999999999,474.525,460.5239036881713,471.6616703923908,33.76338385974377,-11.13776670421953,-4.743765177145377,22.52452251908102,474.525,21.304209492609136,517.1334189852182,431.9165810147817,3683523.0
HPPL,2022-03-10,425.0,459.0,421.1,459.0,8.28 %,12382.0,5443149.7,0.08280254777070062,0.07955263170195369,444.48,471.925,460.28945696691414,470.72376888184334,46.460714335061695,-10.434311914929197,-5.881874524702141,23.622770910575234,471.925,19.73364412687217,511.39228825374437,432.45771174625565,3695905.0
HPPL,2022-03-13,460.0,473.0,458.0,468.5,2.07 %,11378.0,5304384.0,0.020697167755991286,0.020485891617931726,448.2,470.53999999999996,461.55261743354276,470.55904526096606,49.293903897630564,-9.006427827423295,-6.506785185246372,23.006858702677004,470.53999999999996,18.894454769914798,508.32890953982957,432.75109046017036,3707283.0
HPPL,2022-03-14,463.0,469.0,453.0,463.0,-1.17 %,3177.0,1471381.0,-0.011739594450373536,-0.011809047592242808,450.88,468.73999999999995,461.77529167453616,469.999115982376,47.71947698945166,-8.223824307839834,-6.850193009765064,22.506368795342933,468.73999999999995,17.71869069654215,504.17738139308426,433.30261860691564,3704106.0
HPPL,2022-03-15,461.0,464.0,446.1,462.0,-0.22 %,6068.0,2776529.5,-0.002159827213822907,-0.002162163004495237,455.28000000000003,467.28999999999996,461.809862186146,469.40658887257035,47.42289868356076,-7.596726686424347,-6.999499745096921,22.17734245281844,467.28999999999996,16.972048227964848,501.23409645592966,433.34590354407027,3698038.0
HPPL,2022-03-16,471.0,471.0,448.1,450.0,-2.60 %,11491.0,5240131.0,-0.025974025974025983,-0.026317308317373417,460.5,466.34,459.9929603113543,467.96906377089846,43.897190531562956,-7.976103459544163,-7.19482048798637,22.22896084904569,466.34,17.397713098346212,501.1354261966924,431.54457380330757,3686547.0
HPPL,2022-03-20,455.0,459.0,446.0,450.0,0.00 %,5420.0,2444349.0,0.0,0.0,458.7,465.59,458.4555818019152,466.63802201009116,43.89719053127006,-8.18244020817599,-7.392344432024295,21.56974935982814,465.59,17.777688559710274,501.1453771194205,430.03462288057943,3686547.0
HPPL,2022-03-21,445.0,474.0,445.0,465.0,3.33 %,14960.0,6859591.6,0.03333333333333344,0.03278982282299097,458.0,464.53999999999996,459.4624153708513,466.5166870463807,49.355633603455814,-7.054271675529378,-7.324729880725313,22.100481548411842,464.53999999999996,17.11664010315089,498.77328020630176,430.30671979369816,3701507.0
HPPL,2022-03-22,470.0,476.0,467.0,467.0,0.43 %,20813.0,9801266.0,0.004301075268817289,0.004291852081541084,458.8,464.14,460.6220437753357,466.55248800590806,50.05340550530819,-5.930444230572334,-7.045872750694718,21.30759000923957,464.14,16.952018976162183,498.04403795232435,430.2359620476756,3722320.0
HPPL,2022-03-23,460.0,469.0,455.0,457.0,-2.14 %,3472.0,1589616.5,-0.021413276231263434,-0.021645866774692664,457.8,463.03999999999996,460.06480627143793,465.8448963017667,46.59647916641388,-5.780090030328779,-6.792716206621531,20.785619294293884,463.03999999999996,16.648072434645954,496.33614486929184,429.7438551307081,3718848.0
HPPL,2022-03-24,450.0,459.0,447.0,448.0,-1.97 %,7600.0,3427083.3,-0.01969365426695846,-0.019890158479219575,457.4,462.03999999999996,458.2086822296783,464.52305213126544,43.67302075938376,-6.314369901587156,-6.697046945614657,20.15807505898718,462.03999999999996,16.932696493059318,495.9053929861186,428.1746070138813,3711248.0
HPPL,2022-03-27,443.0,456.0,432.0,432.0,-3.57 %,13186.0,5802094.2,-0.0357142857142857,-0.03636764417087483,453.8,459.28999999999996,454.17657727126624,462.1139371585791,38.98968109753366,-7.93735988731288,-6.945109533954302,20.432498269059526,459.28999999999996,17.13070189362293,493.5514037872458,425.0285962127541,3698062.0
HPPL,2022-03-28,425.0,439.9,423.0,423.0,-2.08 %,9138.0,3903413.6,-0.02083333333333337,-0.02105340919783238,445.4,456.14,449.38018076799455,459.21660848016586,36.61138567018297,-9.836427712171314,-7.523373169597705,20.1801769641267,456.14,17.742081999697067,491.6241639993941,420.65583600060586,3688924.0
HPPL,2022-03-29,431.4,448.0,419.0,423.0,0.00 %,8495.0,3616907.0,0.0,0.0,436.6,452.78999999999996,445.3216914190723,456.5338967408943,36.61138566991575,-11.212205321822012,-8.261139600042567,20.810164323831934,452.78999999999996,17.332898442580987,487.45579688516193,418.124203114838,3688924.0
HPPL,2022-03-30,417.0,443.9,417.0,438.0,3.55 %,5085.0,2194942.0,0.03546099290780136,0.0348467313301681,432.8,451.09,444.1952773545996,455.16101550082806,43.296985553412064,-10.965738146228432,-8.802059309279741,21.24515258641537,451.09,17.014046828237632,485.11809365647525,417.0619063435247,3694009.0
HPPL,2022-03-31,446.7,455.0,423.0,423.0,-3.42 %,4611.0,1985012.0,-0.03424657534246578,-0.03484673133016819,427.8,448.03999999999996,440.934465453892,452.77871805632225,38.88078460136111,-11.844252602430231,-9.41049796790984,22.013355973099983,448.03999999999996,16.254566969569158,480.5491339391383,415.5308660608616,3689398.0
HPPL,2022-04-03,418.0,430.0,418.0,427.0,0.95 %,3076.0,1298791.5,0.009456264775413725,0.009411834182346597,426.8,445.945,438.7907015379086,450.86918338548355,40.6201221856906,-12.078481847574949,-9.944094743842863,21.2981162607357,445.945,16.1241393079087,478.1932786158174,413.6967213841826,3692474.0
HPPL,2022-04-04,420.0,427.0,411.6,422.0,-1.17 %,8270.0,3471393.2,-0.011709601873536313,-0.011778699192612763,426.6,444.55,436.20751668592266,448.7307253569292,39.1214197442082,-12.523208671006557,-10.459917529275602,20.87682224211172,444.55,16.94972441942744,478.4494488388549,410.65055116114513,3684204.0
HPPL,2022-04-05,421.0,428.4,413.0,420.0,-0.47 %,10570.0,4411442.3,-0.004739336492891044,-0.004750602758597865,426.0,443.07,433.7140525803961,446.60252347863815,38.50937200151219,-12.88847089824202,-10.945628203068885,20.485620653389454,443.07,17.758559092799,478.587118185598,407.552881814402,3673634.0
HPPL,2022-04-06,412.0,426.0,412.0,420.0,0.00 %,18658.0,7800175.0,0.0,0.0,422.4,442.07,431.60419833725825,444.6319661839242,38.509372001187785,-13.027767846665938,-11.362056131788297,20.022362035290207,442.07,18.48863377719332,479.0472675543866,405.09273244561336,3673634.0
HPPL,2022-04-07,428.0,462.0,417.0,462.0,10.00 %,23783.0,10322325.0,0.10000000000000009,0.09531017980432493,430.2,443.975,436.2804755161416,445.91848720733725,55.474811684498576,-9.63801169119563,-11.017247243669763,21.80647903276948,443.975,18.48076880947525,480.9365376189505,407.0134623810495,3697417.0
HPPL,2022-04-11,455.0,470.0,436.0,436.0,-5.63 %,21804.0,9718856.0,-0.05627705627705626,-0.05792264773270451,432.0,442.825,436.2373254367352,445.1837844512382,46.85628912437602,-8.946459014502977,-10.603089597836407,22.677444816143087,442.825,18.210230641038105,479.2454612820762,406.4045387179238,3675613.0
HPPL,2022-04-12,427.3,444.0,423.0,435.0,-0.23 %,9190.0,3974386.0,-0.002293577981651418,-0.002296212260350268,434.6,441.15,436.04696767723743,444.4294300474428,46.55669693774713,-8.38246237020536,-10.1589641523102,22.557627329275725,441.15,17.239107926603147,475.62821585320626,406.6717841467937,3666423.0
HPPL,2022-04-13,435.0,450.0,420.1,450.0,3.45 %,10698.0,4690292.0,0.034482758620689724,0.033901551675681416,440.6,440.5,438.1935880345855,444.8420648587433,51.55985233572397,-6.648476824157797,-9.456866686679719,23.08208252004174,440.5,16.60532571511542,473.7106514302308,407.2893485697692,3677121.0
HPPL,2022-04-17,441.0,448.0,432.0,432.0,-4.00 %,12677.0,5553499.0,-0.040000000000000036,-0.040821994520255166,443.0,439.0,437.240728336957,443.8908007951327,45.995301664892246,-6.650072458175714,-8.895507840978919,22.719076625753043,439.0,15.90100956741341,470.8020191348268,407.1979808651732,3664444.0
HPPL,2022-04-18,424.0,424.0,401.9,407.0,-5.79 %,12288.0,5067291.0,-0.05787037037037035,-0.0596124028015153,432.0,436.85,432.58830859280977,441.1581488843821,39.60247471042406,-8.569840291572348,-8.830374331097605,23.24628543819926,436.85,17.190189980880632,471.2303799617613,402.46962003823876,3652156.0
HPPL,2022-04-19,399.0,428.0,396.0,409.2,0.54 %,9164.0,3776608.1,0.00540540540540535,0.005390848634876373,426.64,434.81000000000006,428.990107270839,438.79087859665015,40.38767935777686,-9.800771325811127,-9.02445373004031,23.87155076404217,434.81000000000006,17.951569349365833,470.7131386987317,398.9068613012684,3661320.0
HPPL,2022-04-20,403.0,421.0,400.0,400.0,-2.25 %,6803.0,2750357.5,-0.022482893450635366,-0.02273948696948941,419.64,431.56000000000006,424.530090767633,435.91748018208347,38.153840666710565,-11.387389414450467,-9.497040866922342,23.666439995182014,431.56000000000006,18.081639422639856,467.72327884527976,395.39672115472035,3654517.0
HPPL,2022-04-21,397.0,415.1,389.4,410.0,2.50 %,23333.0,9179679.6,0.02499999999999991,0.024692612590371414,411.64,428.71000000000004,422.29469218799716,433.99766683526246,41.914528492410916,-11.702974647265307,-9.938227622990937,23.811694281240445,428.71000000000004,16.635975601399885,461.9819512027998,395.4380487972003,3677850.0
HPPL,2022-04-24,406.0,447.0,405.2,439.0,7.07 %,13585.0,5877799.0,0.07073170731707323,0.06834225337681792,413.03999999999996,427.81000000000006,424.8647395436899,434.36821003265044,51.18479730087384,-9.503470488960545,-9.851276196184859,25.096573261151846,427.81000000000006,15.471056167799825,458.7521123355997,396.8678876644004,3691435.0
HPPL,2022-04-25,439.0,444.0,418.0,444.0,1.14 %,11356.0,4878709.0,0.011389521640091216,0.011325149357053503,420.43999999999994,427.61,427.8086257677376,435.0816759561578,52.589724992300766,-7.2730501884202,-9.335630994631927,25.161103742498145,427.61,15.22013555510064,458.05027111020127,397.16972888979876,3702791.0
HPPL,2022-04-26,435.2,435.2,413.6,420.0,-5.41 %,5989.0,2549399.8,-0.05405405405405406,-0.055569851154810765,422.6,427.01000000000005,426.60729872654724,433.96451477422016,45.7790306644576,-7.357216047672921,-8.939948005240126,25.535310618033993,427.01000000000005,15.274398945874948,457.5587978917499,396.4612021082502,3696802.0
HPPL,2022-04-27,420.0,437.0,412.0,420.6,0.14 %,1195.0,500224.0,0.0014285714285715567,0.0014275519911855453,426.7200000000001,426.89000000000004,425.68309892246305,432.9745507168705,45.96742629900893,-7.291451794407465,-8.610248763073594,25.497074145317278,426.89000000000004,15.316929058702499,457.52385811740504,396.25614188259505,3697997.0
HPPL,2022-04-28,420.0,437.5,408.0,412.0,-2.04 %,6518.0,2706652.6,-0.020446980504041923,-0.020658913919073096,427.12000000000006,426.34000000000003,423.5780067805457,431.4208802933986,43.627532771374554,-7.842873512852918,-8.45677371302946,25.78299742065176,426.34000000000003,15.65766669448684,457.6553333889737,395.02466661102636,3691479.0
HPPL,2022-05-02,404.0,407.0,399.0,401.0,-2.67 %,6344.0,2556699.2,-0.02669902912621358,-0.027061922042957192,419.5200000000001,424.49000000000007,420.10446727584633,429.1674817531469,40.76892798318411,-9.063014477300555,-8.578021865883679,24.869926176319492,424.49000000000007,16.37680966295636,457.2436193259128,391.73638067408734,3685135.0
HPPL,2022-05-04,405.0,409.0,393.0,394.0,-1.75 %,3623.0,1441484.0,-0.017456359102244412,-0.017610518008635393,409.52000000000004,423.0400000000001,416.0883953872546,426.5624831047656,39.01691843995443,-10.474087717510997,-8.957235036209143,24.2363600208681,423.0400000000001,17.742556630579962,458.52511326116,387.55488673884014,3681512.0
HPPL,2022-05-05,390.0,394.0,371.0,378.0,-4.06 %,13484.0,5207477.0,-0.040609137055837574,-0.041456713678346135,401.12,420.59000000000003,410.22864225075386,422.96526213404223,35.28444215343556,-12.73661988328837,-9.713112005624989,24.148048590806095,420.59000000000003,20.357383246170173,461.3047664923404,379.8752335076597,3668028.0
HPPL,2022-05-08,378.0,401.0,367.5,393.0,3.97 %,14298.0,5396868.3,0.039682539682539764,0.03891541624967362,395.6,419.14000000000004,407.578081904484,420.7456130870761,40.98434295889309,-13.167531182592086,-10.403995841018409,24.816045120034232,419.14000000000004,21.264262087012067,461.6685241740242,376.6114758259759,3682326.0
HPPL,2022-05-09,400.0,400.0,388.1,389.0,-1.02 %,6128.0,2404283.5,-0.010178117048346036,-0.010230268250814922,391.0,417.59000000000003,404.71991545764035,418.39408619173713,39.97327182541248,-13.674170734096776,-11.058030819634084,23.893470468603216,417.59000000000003,22.30274705760862,462.1954941152173,372.9845058847828,3676198.0
HPPL,2022-05-10,385.0,409.0,385.0,406.0,4.37 %,5810.0,2329634.0,0.04370179948586128,0.042773815983286445,392.0,416.89000000000004,404.9168515410803,417.47600573308995,46.06333045720765,-12.559154192009657,-11.358255494109198,23.901079720845846,416.89000000000004,22.442391747946647,461.77478349589336,372.0052165041067,3682008.0
HPPL,2022-05-11,407.9,422.0,397.0,421.0,3.69 %,19291.0,7936419.8,0.03694581280788167,0.03627967408064868,397.4,414.84000000000003,407.3911820732218,417.73704234545363,50.80593121741518,-10.345860272231846,-11.155776449733727,23.979574026499716,414.84000000000003,19.82487538953059,454.4897507790612,375.1902492209389,3701299.0
HPPL,2022-05-12,422.0,422.0,402.0,402.0,-4.51 %,8949.0,3651439.0,-0.04513064133016631,-0.046180745063360396,402.2,413.14000000000004,406.56176944657227,416.57133550504966,45.36469633347293,-10.00956605847739,-10.926534371482461,23.695318738892592,413.14000000000004,19.367373541464822,451.8747470829297,374.4052529170704,3692350.0
HPPL,2022-05-17,402.0,402.0,383.0,383.0,-4.73 %,3785.0,1481326.0,-0.04726368159203975,-0.04841709943837502,400.2,410.5400000000001,402.9368818394073,414.08456991208305,40.67354186287015,-11.147688072675749,-10.97076511172112,23.359938828971693,410.5400000000001,19.764625497401525,450.06925099480316,371.010749005197,3688565.0
HPPL,2022-05-18,376.0,402.0,365.1,391.5,0.02 %,10718.0,4083952.5,0.022193211488250597,0.02195052625021175,400.7,407.615,401.17736155642154,412.41163880748434,43.48897314981209,-11.234277251062792,-11.023467539589454,24.32708605547371,407.615,17.853918190043167,443.32283638008636,371.90716361991366,3699283.0
HPPL,2022-05-19,384.0,397.0,380.2,380.2,-2.89 %,7278.0,2798606.4,-0.028863346104725407,-0.029288085376528997,395.54,405.025,397.9500751631259,410.02559148841146,40.722209588675035,-12.075516325285548,-11.233877296728675,23.789437051511303,405.025,17.88748092058048,440.79996184116095,369.250038158839,3692005.0
HPPL,2022-05-20,387.0,389.0,378.0,378.0,-0.58 %,3909.0,1490497.0,-0.005786428195686422,-0.005803234434741038,386.94,403.575,394.88083283033734,407.6533254522328,40.18616809174888,-12.77249262189548,-11.541600361762036,22.87590583354621,403.575,18.867512457017593,441.3100249140352,365.8399750859648,3688096.0
HPPL,2022-05-23,373.3,388.0,373.3,376.0,-0.53 %,5818.0,2212077.4,-0.005291005291005346,-0.005305052229693229,381.74,401.91499999999996,391.97608931797777,405.3086346779933,39.67486951730936,-13.332545360015558,-11.899789361412742,22.29191255972148,401.91499999999996,19.78477019272342,441.4845403854468,362.34545961455314,3682278.0
HPPL,2022-05-24,380.0,390.6,380.0,387.0,2.93 %,1887.0,724422.6,0.0292553191489362,0.02883554963988732,382.54,401.265,391.21053711521193,403.9524395166605,43.90242617541905,-12.741902401448556,-12.068211969419906,21.74249023402709,401.265,20.062593498714683,441.39018699742934,361.13981300257063,3684165.0
HPPL,2022-05-25,388.1,396.9,382.2,384.3,-0.70 %,5159.0,1997417.6,-0.006976744186046435,-0.007001195458983477,381.1,399.97999999999996,390.14737755902553,402.4967032561671,43.103946322503305,-12.34932569714158,-12.124434714964242,21.239455217310873,399.97999999999996,20.295361150037767,440.5707223000755,359.38927769992443,3679006.0
HPPL,2022-05-26,383.0,390.0,383.0,383.0,-0.34 %,1513.0,583679.0,-0.003382773874577194,-0.0033885083901523034,381.65999999999997,397.17999999999995,389.0477810114831,401.05250301496955,42.70124757695886,-12.00472200348645,-12.100492172668684,20.22235127321724,397.17999999999995,18.40350653086318,433.9870130617263,360.3729869382736,3677493.0
HPPL,2022-05-27,379.0,383.0,376.0,377.0,-1.57 %,3554.0,1340664.0,-0.015665796344647487,-0.015789801732635195,381.46,393.83,387.1942762404857,399.2708361249718,40.80635902917812,-12.07655988448613,-12.095705715032175,19.27789761084458,393.83,15.262203055431362,424.3544061108627,363.30559388913724,3673939.0
HPPL,2022-05-30,370.0,380.4,370.0,373.2,-1.01 %,1650.0,617213.0,-0.010079575596817048,-0.010130718474822074,380.9,391.48999999999995,385.04131066502634,397.33966307867763,39.60758185400495,-12.298352413651287,-12.136235054755996,18.643762067212823,391.48999999999995,14.612500056277147,420.71500011255426,362.26499988744564,3672289.0
HPPL,2022-05-31,370.0,380.0,360.7,361.0,-3.27 %,8296.0,3041284.5,-0.03269024651661301,-0.03323651064030777,375.7,388.51,381.34264748579153,394.6478361839608,35.955527741041024,-13.305188698169275,-12.370025783438653,18.69063620526905,388.51,14.43974412952973,417.3894882590595,359.6305117409405,3663993.0
HPPL,2022-06-01,368.2,368.2,361.2,364.0,0.83 %,2582.0,940895.1,0.008310249307479145,0.008275909303859661,371.64,386.11,378.6745478725928,392.37762609626,37.482072543859324,-13.703078223667148,-12.636636271484353,17.86987647632126,386.11,14.318515800767289,414.7470316015346,357.4729683984654,3666575.0
HPPL,2022-06-02,371.2,383.0,364.0,364.0,0.00 %,4110.0,1536071.0,0.0,0.0,367.84000000000003,384.26,376.41692512296316,390.2755797187592,37.48207254353862,-13.858654595796054,-12.881039936346694,17.950599585155455,384.26,14.679143815559582,413.61828763111913,354.90171236888085,3666575.0
HPPL,2022-06-03,364.0,364.0,350.0,355.0,-2.47 %,6224.0,2214253.5,-0.02472527472527475,-0.025036078161324887,363.44,382.31,373.1220135655842,387.662573813666,34.61168053767226,-14.54056024808176,-13.212943998693708,17.668413900501495,382.31,15.860075661862169,414.03015132372434,350.58984867627566,3660351.0
HPPL,2022-06-06,350.0,369.0,349.0,359.0,1.13 %,2625.0,937148.0,0.011267605633802802,0.011204599012863062,360.6,381.36,370.94939609395584,385.53942019783887,36.92367177907329,-14.590024103883025,-13.488360019731573,17.83495576475139,381.36,16.679688246486975,414.719376492974,348.00062350702603,3662976.0
HPPL,2022-06-07,352.0,355.0,346.2,351.0,-2.23 %,4980.0,1744473.7,-0.02228412256267409,-0.022536165022413058,358.6,379.26,367.88025823334726,382.98094462762856,34.31072489471006,-15.100686394281297,-13.810825294641518,17.475316067269148,379.26,17.746857394153583,414.75371478830715,343.76628521169283,3657996.0
HPPL,2022-06-08,351.0,375.0,351.0,365.0,3.99 %,12011.0,4394368.0,0.03988603988603989,0.039111130116625696,358.8,378.06,367.4371415820631,381.64902280335974,42.04059742126859,-14.211881221296665,-13.891036479972547,17.941364919607068,378.06,17.86461954755695,413.7892390951139,342.3307609048861,3670007.0
HPPL,2022-06-09,372.3,372.3,345.1,366.1,0.30 %,30370.0,10681360.8,0.0030136986301370072,0.003009166543699039,359.21999999999997,376.065,367.2314274925149,380.49724333644417,42.61200793219287,-13.26581584392926,-13.76599235276389,18.602695996777992,376.065,16.77489587386343,409.6147917477268,342.51520825227317,3700377.0
HPPL,2022-06-10,358.8,370.0,351.7,369.0,0.79 %,5766.0,2076921.5,0.00792133296913411,0.007890123914336657,362.02,373.46500000000003,367.5035155705895,379.64559568189276,44.17460192156123,-12.142080111303244,-13.441209904471762,18.581074854150994,373.46500000000003,13.06281484133373,399.5906296826675,347.33937031733257,3706143.0
HPPL,2022-06-13,375.0,382.5,353.0,382.5,3.66 %,6751.0,2476336.0,0.03658536585365857,0.03593200922606337,366.71999999999997,372.49,369.81066702126805,379.85703303878955,50.87971969231907,-10.046366017521507,-12.762241127081712,19.360998078854497,372.49,11.448920886865661,395.38784177373134,349.5921582262687,3712894.0
HPPL,2022-06-14,374.9,374.9,344.3,344.3,-9.99 %,30104.0,10582519.4,-0.09986928104575166,-0.10521528292211248,365.38,370.555,365.88594901799604,377.22317873962,37.247053924484774,-11.337229721623942,-12.477238845990158,20.706641073222034,370.555,12.772934996353955,396.10086999270794,345.0091300072921,3682790.0
HPPL,2022-06-15,342.0,343.0,309.9,340.0,-1.25 %,22716.0,7456866.0,-0.012489108335753785,-0.012567752734271086,360.38,367.98,361.90349532291975,374.46590624038885,36.07530159941644,-12.562410917469094,-12.494273260285947,21.684738139420464,367.98,13.49875627799358,394.9775125559872,340.98248744401286,3660074.0
HPPL,2022-06-16,333.2,344.0,313.7,333.0,-2.06 %,6485.0,2176799.0,-0.020588235294117685,-0.020803127629763284,353.76000000000005,365.62,357.45680373477825,371.3943576299897,34.189685531436254,-13.937553895211465,-12.782929387271052,22.300113986604718,365.62,15.260875328418122,396.1417506568362,335.0982493431638,3653589.0
HPPL,2022-06-17,339.0,339.0,325.0,326.0,-2.10 %,923.0,304459.8,-0.02102102102102099,-0.021245108613736154,345.16,363.02000000000004,352.6172954678893,368.0318126203608,32.367720258048806,-15.414517152471547,-13.309246940311152,21.707248701847238,363.02000000000004,17.33003477386048,397.680069547721,328.35993045227906,3652666.0
HPPL,2022-06-19,326.0,326.0,308.8,310.1,-4.88 %,12134.0,3842816.5,-0.048773006134969266,-0.050002555260304324,330.68,359.725,346.076173088214,363.7405672410748,28.63499619696131,-17.664394152860837,-14.18027638282109,21.385302366001007,359.725,20.674389827438873,401.07377965487774,318.3762203451223,3640532.0
HPPL,2022-06-20,305.0,305.0,289.1,294.0,-5.19 %,19621.0,5804373.8,-0.05191873589164797,-0.053315058767721774,320.62,355.075,338.06445415156566,358.5745992972915,25.43624665326749,-20.510145145725858,-15.446250135402044,21.357780768429507,355.075,24.34897328431079,403.7729465686216,306.3770534313784,3620911.0
HPPL,2022-06-21,288.2,310.0,284.0,298.0,1.36 %,4689.0,1394892.0,0.013605442176870763,0.013513719166722855,312.21999999999997,350.76000000000005,331.90069197440175,354.0875919419366,27.600158290308755,-22.186899967534828,-16.7943801018286,21.689367856398828,350.76000000000005,26.453184068624246,403.6663681372485,297.85363186275157,3625600.0
HPPL,2022-06-22,292.1,303.7,290.0,299.7,0.57 %,4525.0,1342000.5,0.005704697986577134,0.005688487817213029,305.56,346.595,326.9467393629553,350.05888142771903,28.549215464316475,-23.112142064763702,-18.05793249441562,21.11869872379891,346.595,27.640939792845085,401.8768795856902,291.3131204143099,3630125.0
HPPL,2022-06-23,293.8,293.8,272.2,280.0,-6.57 %,9700.0,2715520.7,-0.06573239906573236,-0.06799237115336788,296.36,341.745,319.7241640763468,344.8693346552954,24.53545965946796,-25.14517057894858,-19.475380111322213,21.574505957813276,341.745,30.397705505516754,402.5404110110335,280.9495889889665,3620425.0
HPPL,2022-06-24,276.0,291.0,259.0,283.9,1.39 %,9978.0,2776308.4,0.01392857142857129,0.013832460309675759,291.12,337.28000000000003,314.2127542184473,340.3530876437921,26.73158257471735,-26.140333425344807,-20.808370774126733,22.319184103683757,337.28000000000003,32.047901647379945,401.3758032947599,273.18419670524014,3630403.0
HPPL,2022-06-26,289.5,312.2,289.5,312.2,9.97 %,26652.0,8125137.2,0.09968298696724198,0.09502194460240618,294.76,334.84000000000003,313.9030997233016,338.2676737442519,40.3067564829153,-24.36457402095033,-21.519611423491455,22.74638523913492,334.84000000000003,32.00459506482317,398.8491901296464,270.8308098703537,3657055.0
HPPL,2022-06-27,317.8,338.0,306.8,313.0,0.26 %,20844.0,6509162.4,0.002562459961563235,0.0025591824588216613,297.76,332.29,313.7641613043321,336.3959942076406,40.641567123640556,-22.63183290330852,-21.742055719454868,23.350214864910996,332.29,31.58798739028137,395.46597478056276,269.1140252194373,3677899.0
HPPL,2022-06-28,306.8,318.0,296.2,300.0,-4.15 %,9448.0,2848714.4,-0.04153354632587858,-0.04242071588395214,297.82,329.09000000000003,311.64659802674254,333.6999946367043,37.00895562572433,-22.053396609961737,-21.80432389755624,23.239485231703068,329.09000000000003,31.447983786098124,391.9859675721963,266.1940324278038,3668451.0
HPPL,2022-06-29,295.5,312.0,290.3,310.0,3.33 %,11562.0,3537127.9,0.03333333333333344,0.03278982282299097,303.82,326.84000000000003,311.3932752533975,331.9444394784299,41.351523111130035,-20.55116422503238,-21.55369196305147,23.129522000867137,326.84000000000003,31.104567273365646,389.04913454673135,264.6308654532687,3680013.0
HPPL,2022-06-30,314.8,331.0,308.7,318.2,2.65 %,17378.0,5621628.2,0.02645161290322573,0.02610781842449449,310.68,324.8,312.4404636759517,330.92633285039807,44.71708249282573,-18.48586917444635,-20.940127405330447,23.07027042937663,324.8,30.209392056465326,385.2187841129307,264.38121588706935,3697391.0
HPPL,2022-07-01,320.0,324.5,312.0,316.0,-0.69 %,3379.0,1075303.0,-0.006913890634820841,-0.006937902316774353,311.44,323.05,312.98808464888225,329.82067856518336,43.98774964078909,-16.832593916301107,-20.11862070752458,22.315251112992588,323.05,29.61977468907828,382.28954937815655,263.8104506218435,3694012.0
HPPL,2022-07-03,322.3,347.6,309.0,347.6,10.00 %,32152.0,10599824.6,0.10000000000000009,0.09531017980432493,318.36,322.18,318.31299470290037,331.1376653381327,55.27216944508236,-12.824670635232337,-18.659830693066134,23.478447462064548,322.18,28.559312242938553,379.2986244858771,265.0613755141229,3726164.0
HPPL,2022-07-04,341.0,368.9,331.3,360.0,3.57 %,45501.0,15969968.3,0.035673187571921616,0.03505163805891858,330.36,321.875,324.7263801332234,333.2756160538266,58.781376422542934,-8.549235920603167,-16.637711738573543,24.487129786202793,321.875,28.094368699648086,378.0637373992962,265.6862626007038,3771665.0
HPPL,2022-07-05,353.1,374.0,335.0,344.8,-4.22 %,27986.0,9728358.0,-0.04222222222222216,-0.04313949266061759,337.32,320.665,327.81462934349673,334.1292741239135,53.264703334123936,-6.3146447804167565,-14.573098346942187,25.523763372902593,320.665,26.429733555025955,373.52446711005194,267.8055328899481,3743679.0
HPPL,2022-07-06,339.0,350.0,331.3,345.0,0.06 %,14996.0,5096645.2,0.000580046403712231,0.0005798782418216589,342.68,318.79,330.45853252142035,334.93451307769766,53.326772572928064,-4.475980556277307,-12.553674788809213,25.03635170340955,318.79,22.907592398021258,364.6051847960425,272.9748152039575,3758675.0
HPPL,2022-07-07,338.1,358.6,332.4,333.0,-3.48 %,22877.0,7757270.2,-0.034782608695652195,-0.03540192705091595,346.08000000000004,318.225,330.8495275181249,334.79121581268305,49.112171362764414,-3.941688294558162,-10.831277489959003,25.1194694388803,318.225,22.378534710513836,362.9820694210277,273.46793057897236,3735798.0
HPPL,2022-07-08,327.1,333.5,317.6,329.0,-1.20 %,9120.0,2954601.0,-0.012012012012011963,-0.012084739215071886,342.36,317.675,330.5649848230288,334.36223686359546,47.75725049552359,-3.7972520405666614,-9.424472400080536,24.460935907531706,317.675,21.94619916739428,361.56739833478855,273.7826016652115,3726678.0
HPPL,2022-07-11,322.5,322.5,296.1,299.1,-9.09 %,28196.0,8503205.4,-0.0908814589665653,-0.0952797851294695,330.18,315.98,325.7242179271782,331.75021931814393,39.078477790535715,-6.026001390965746,-8.744778198257578,25.06372619985087,315.98,22.009318600614687,359.99863720122937,271.96136279877066,3698482.0
HPPL,2022-07-12,305.0,312.1,294.2,302.0,0.97 %,26271.0,7895457.2,0.0096957539284519,0.00964905173896718,321.62,314.78000000000003,322.07433824607386,329.5464993686518,40.2133185860301,-7.472161122577916,-8.490254783121646,24.552031471290096,314.78000000000003,22.088377510646662,358.95675502129336,270.6032449787067,3724753.0
HPPL,2022-07-13,308.0,326.9,306.0,326.9,8.25 %,14453.0,4534665.6,0.08245033112582778,0.07922729635529527,318.0,315.62,322.8167477466779,329.3504623783813,48.99819700425094,-6.53371463170339,-8.098946752837996,24.576886366197947,315.62,22.22008574525586,360.0601714905117,271.1798285094883,3739206.0
HPPL,2022-07-14,321.0,330.0,314.0,320.0,-2.11 %,5753.0,1852853.5,-0.0211073722851024,-0.02133331793639262,315.4,316.91999999999996,322.38340193949665,328.6578355355382,46.93990066828056,-6.274433596041547,-7.734044121478707,23.964251625755235,316.91999999999996,21.641665467581948,360.2033309351639,273.63666906483604,3733453.0
HPPL,2022-07-15,314.1,323.0,312.0,322.0,0.63 %,26855.0,8454692.1,0.006250000000000089,0.006230549750636163,314.0,318.12,322.32441702572794,328.1646625329057,47.626658581394985,-5.8402455071777695,-7.35528439861852,23.038233652487005,318.12,21.198202505728712,360.51640501145744,275.7235949885426,3760308.0
HPPL,2022-07-17,315.6,325.0,310.0,313.0,-2.80 %,10357.0,3266392.8,-0.02795031055900621,-0.028348355004255085,316.78000000000003,318.78499999999997,320.8898913294621,327.0413541971349,44.81564793349285,-6.151462867672819,-7.11452009242938,22.464074105880794,318.78499999999997,20.794717826262534,360.37443565252505,277.1955643474749,3749951.0
HPPL,2022-07-18,306.8,320.0,306.8,319.0,1.92 %,5598.0,1775356.0,0.019169329073482455,0.01898791224469138,320.18,320.735,320.5991388172372,326.4456983306805,47.059002507963974,-5.84655951344331,-6.8609279766321665,21.80235452688931,320.735,18.688168928360195,358.1113378567204,283.3586621432796,3755549.0
HPPL,2022-07-19,319.0,335.5,319.0,329.0,3.13 %,23649.0,7807163.9,0.03134796238244508,0.030866647980527264,320.6,322.99,321.8915789992007,326.63490586174123,50.65916344528228,-4.743326862540528,-6.437407753813839,21.423614917825788,322.99,16.615620424932874,356.22124084986575,289.75875915013427,3779198.0
HPPL,2022-07-20,335.0,338.0,324.0,332.0,0.91 %,14045.0,4672409.0,0.00911854103343468,0.00907721815111668,323.0,323.98,323.44672069163136,327.032320242353,51.71989129800225,-3.5855995507216676,-5.867046113195405,20.89335670940966,323.98,16.528527173541388,357.0370543470828,290.92294565291724,3793243.0
HPPL,2022-07-21,338.0,338.0,323.4,327.1,-1.48 %,10431.0,3435880.9,-0.014759036144578297,-0.0148690343721503,324.02,324.68500000000006,324.00876366214965,327.0373335577343,49.83539671677088,-3.028569895584667,-5.299350869673258,20.443831230166115,324.68500000000006,16.335117965522823,357.3552359310457,292.01476406895443,3782812.0
HPPL,2022-07-22,321.0,328.0,312.1,328.0,0.28 %,17430.0,5539131.0,0.002751452155304035,0.0027476738398053533,327.02,326.08500000000004,324.62280002181893,327.10864218308734,50.19435745451583,-2.4858421612684083,-4.736649127992289,20.11927185658282,326.08500000000004,15.273515949965736,356.6320318999315,295.53796810006855,3800242.0
HPPL,2022-07-24,334.0,338.0,325.0,338.0,3.05 %,18583.0,6182959.0,0.030487804878048808,0.030032287098875076,330.82,327.485,326.6808307876929,327.9154094287845,54.122535376511074,-1.2345786410916162,-4.036235030612154,19.610752438255474,327.485,15.002395422772379,357.48979084554475,297.4802091544553,3818825.0
HPPL,2022-07-25,344.7,357.0,338.0,354.9,5.00 %,32673.0,11397634.0,0.04999999999999982,0.048790164169431834,336.0,329.32000000000005,331.02224143574017,329.9142679896153,59.88131756429201,1.107973446124845,-3.007393335264754,19.56712726409437,329.32000000000005,16.01708298563081,361.3541659712617,297.2858340287384,3851498.0
HPPL,2022-07-26,347.9,355.0,334.2,344.5,-2.93 %,27488.0,9385819.9,-0.0293040293040292,-0.029741969198737415,338.5,330.745,333.0957427533186,330.99469258297717,55.28246035834579,2.1010501703414093,-1.9857046341435214,19.655189602373348,330.745,16.037438927976606,362.8198778559532,298.6701221440468,3824010.0
HPPL,2022-07-27,345.0,358.0,327.4,358.0,3.92 %,47903.0,16492021.0,0.03918722786647311,0.038438895946987,344.68,331.265,336.92716694511574,332.9950857249789,59.61789500154239,3.9320812201368653,-0.802147463287444,20.436961773632397,331.265,16.764821408003783,364.7946428160076,297.7353571839924,3871913.0
HPPL,2022-07-28,365.0,393.8,352.0,393.0,9.78 %,99421.0,37864853.2,0.0977653631284916,0.09327662546856091,357.68,332.915,345.55375664586717,337.4398941897952,68.22035627669135,8.113862456071956,0.981054520584436,21.9628930755158,332.915,20.864456681920338,374.6439133638407,291.18608663615936,3971334.0
HPPL,2022-07-29,400.0,416.0,380.0,396.0,0.76 %,27509.0,10815070.8,0.007633587786259444,0.0076045993852192125,369.28000000000003,335.475,353.3147171618876,341.7776798053659,68.83321956562801,11.537037356521694,3.0922510877718876,22.965543570121817,335.475,25.108792232374775,385.6925844647496,285.25741553525046,3998843.0
HPPL,2022-07-31,398.0,411.0,392.0,401.0,1.26 %,34480.0,13783511.6,0.012626262626262541,0.012547216052088556,378.5,338.275,360.65091452159714,346.1645183383017,69.8759252313621,14.486396183295426,5.371080106876596,22.68229045797026,338.275,29.041329442530817,396.3576588850616,280.19234111493836,4033323.0
HPPL,2022-08-01,405.0,405.0,382.0,390.0,-2.74 %,21250.0,8371524.0,-0.027431421446383997,-0.02781468818287703,387.6,341.125,365.1661584413514,349.4115910539831,64.74403981699757,15.754567387368297,7.447777562974936,22.70498399668667,341.125,31.212158140532317,403.54931628106465,278.70068371893535,4012073.0
HPPL,2022-08-02,382.2,397.8,380.0,392.7,0.69 %,12157.0,4671454.0,0.00692307692307681,0.006899222460271713,394.53999999999996,344.31,369.40213406575884,352.61813986479916,65.41544900946792,16.783994200959683,9.315020890571887,22.354627996923337,344.31,33.102598085348426,410.51519617069687,278.10480382930314,4024230.0
HPPL,2022-08-03,385.0,407.0,385.0,407.0,3.64 %,51085.0,20293965.0,0.036414565826330625,0.03576722385863114,397.34,349.70500000000004,375.1864211325652,356.64642580073996,68.80397592551799,18.539995331825253,11.160015778822562,22.32929742571453,349.70500000000004,34.12348280799403,417.9519656159881,281.45803438401197,4075315.0
HPPL,2022-08-04,400.0,418.0,384.2,418.0,2.70 %,49456.0,19826764.8,0.027027027027026973,0.026668247082161273,401.73999999999995,355.505,381.773125573709,361.1911350006851,71.14592419344586,20.581990573023916,13.044410737662833,23.148633323877778,355.505,35.421870659985025,426.34874131997003,284.66125868002996,4124771.0
HPPL,2022-08-05,409.7,416.0,396.0,397.1,-5.00 %,30298.0,12252317.1,-0.04999999999999993,-0.05129329438755046,400.96,359.015,384.13110625467687,363.8510509265603,61.67248289515809,20.28005532811659,14.491539655753586,23.06658808645794,359.015,35.91288106398392,430.8407621279678,287.18923787203215,4094473.0
HPPL,2022-08-07,405.0,405.0,396.9,399.0,0.48 %,11450.0,4572433.5,0.004784688995215225,0.0047732787526575905,402.76000000000005,362.96500000000003,386.41862836934195,366.4546767838521,62.165696989418,19.963951585489838,15.586022041700836,21.997546080282376,362.96500000000003,35.739956631199945,434.44491326239995,291.4850867376001,4105923.0
HPPL,2022-08-08,400.0,406.8,388.0,388.0,-2.76 %,11044.0,4359643.5,-0.027568922305764465,-0.027956077266590072,401.82000000000005,366.265,386.6619163125201,368.05062665171494,57.5484590091152,18.61128966080514,16.1910755655217,21.76914993169078,366.265,34.79289514587168,435.85079029174335,296.6792097082566,4094879.0
HPPL,2022-08-09,387.0,409.0,374.0,394.7,1.73 %,16912.0,6511712.4,0.01726804123711334,0.017120643045527927,399.36,370.35,387.8985445721324,370.02465430714346,59.5205755767555,17.873890264988916,16.527638505415144,22.714210650855726,370.35,32.95771613191072,436.2654322638215,304.43456773617856,4111791.0
HPPL,2022-08-10,393.0,396.0,380.0,380.0,-3.72 %,8077.0,3150853.1,-0.037243476057765346,-0.03795472994836993,391.76000000000005,373.4,386.6833838687274,370.76356880291064,53.63346500319068,15.91981506581675,16.406073817495468,22.234624175794604,373.4,30.700814321447876,434.8016286428957,311.99837135710425,4103714.0
HPPL,2022-08-11,386.0,392.8,377.5,392.8,3.37 %,15938.0,6133172.8,0.03368421052631576,0.03312932375987934,390.9,376.59000000000003,387.624401735077,372.3958970397321,57.56893264140032,15.228504695344895,16.170559993065353,21.739293877523565,376.59000000000003,29.1183953432951,434.82679068659024,318.3532093134098,4119652.0
HPPL,2022-08-14,390.0,390.0,371.8,387.6,-1.32 %,8780.0,3341979.5,-0.01323828920570258,-0.013326696463699588,388.62,379.37,387.62064762198827,373.52212688864086,55.50771838659541,14.098520733347414,15.756152141121767,21.68648717198617,379.37,27.230132303445703,433.83026460689143,324.9097353931086,4110872.0
HPPL,2022-08-15,395.2,402.0,382.5,402.0,3.72 %,16126.0,6333659.2,0.037151702786377694,0.03647820860240988,391.41999999999996,383.11499999999995,389.83285568014395,375.63159897096375,59.800148565067495,14.2012567091802,15.445173054733456,21.5303095168443,383.11499999999995,24.695605298364693,432.5062105967293,333.7237894032706,4126998.0
HPPL,2022-08-16,403.0,403.0,378.0,387.0,-3.73 %,25512.0,9854607.2,-0.03731343283582089,-0.03802739558923925,389.88,386.06499999999994,389.3970317293526,376.47370275089236,53.96024196910189,12.923328978460233,14.940804239478812,21.77814455135542,386.06499999999994,21.01498901160483,428.0949780232096,344.0350219767903,4101486.0
HPPL,2022-08-17,380.0,393.0,380.0,380.0,-1.81 %,2910.0,1117956.5,-0.018087855297157618,-0.018253440309350347,389.88,388.16499999999996,387.9513345402214,376.73490995452994,51.43582654218053,11.21642458569147,14.195928308721346,21.151134226258606,388.16499999999996,17.813811170578358,423.7926223411567,352.53737765884324,4098576.0
HPPL,2022-08-18,375.1,389.0,375.1,382.0,0.53 %,9846.0,3786015.3,0.0052631578947368585,0.005249355886143745,387.71999999999997,389.52,387.03574461095656,377.1249166245648,52.12497468856568,9.91082798639178,13.338908244255434,20.63319606724013,389.52,16.098434052644166,421.7168681052883,357.32313189471165,4108422.0
HPPL,2022-08-21,384.0,389.5,373.7,373.7,-2.17 %,9944.0,3749896.8,-0.021727748691099502,-0.021967272115136997,384.94,390.98,384.9840915938863,376.87121909681923,49.01633621708995,8.112872497067087,12.293701094817765,20.287967776722983,390.98,12.78336089568911,416.5467217913782,365.4132782086218,4098478.0
HPPL,2022-08-22,370.0,380.0,370.0,380.0,1.69 %,5779.0,2154956.4,0.016858442601016987,0.01671791622899337,380.54,392.08000000000004,384.21730827174997,377.102980645203,51.386239994924566,7.114327626546981,11.257826401163609,19.553112935528485,392.08000000000004,10.547017538021093,413.17403507604223,370.98596492395785,4104257.0
HPPL,2022-08-23,372.5,379.0,370.0,370.0,-2.63 %,6788.0,2522232.5,-0.02631578947368418,-0.026668247082161294,377.14,390.93,382.0300300760961,376.5768339307435,47.603692039234254,5.453196145352649,10.096900350001416,18.87074772584788,390.93,11.638823416749467,414.2076468334989,367.6523531665011,4097469.0
HPPL,2022-08-24,377.0,384.4,370.0,372.0,0.54 %,4794.0,1778003.4,0.00540540540540535,0.005390848634876373,375.54,389.73,380.48694852592746,376.23780919513285,48.42144375152925,4.2491393307946055,8.927348146160055,18.551408602573034,389.73,12.306656307610453,414.34331261522095,365.1166873847791,4102263.0
HPPL,2022-08-25,377.9,385.0,365.1,366.1,-1.59 %,4445.0,1647675.0,-0.015860215053763338,-0.01598733414695593,372.36,387.985,378.27357182963095,375.4868603658637,46.134009215941916,2.786711463767233,7.699220809681491,18.647736559532103,387.985,13.074856344182992,414.134712688366,361.83528731163403,4097818.0
HPPL,2022-08-26,360.0,370.0,358.8,365.0,-0.30 %,2762.0,993152.6,-0.003004643540016505,-0.0030091665436991345,370.62,386.735,376.2314838558416,374.71005589431826,45.70054062475943,1.5214279615233295,6.463662240049859,18.115755376708382,386.735,14.03207884962449,414.799157699249,358.670842300751,4095056.0
HPPL,2022-08-28,360.1,364.0,351.1,354.0,-3.01 %,7750.0,2763552.5,-0.03013698630136985,-0.03060044044871704,365.41999999999996,384.8,372.8112555703275,373.1759776799243,41.501194113894805,-0.36472210959681206,5.097985370120526,17.814629992657782,384.8,15.73163089213244,416.2632617842649,353.3367382157351,4087306.0
HPPL,2022-08-29,361.0,368.2,342.0,354.0,0.00 %,3359.0,1173128.0,0.0,0.0,362.21999999999997,382.15,369.91721625181555,371.75553488881883,41.50119411352146,-1.8383186370032831,3.710724568695764,18.413584993182226,382.15,16.250587033930707,414.6511740678614,349.64882593213855,4087306.0
HPPL,2022-08-30,360.0,363.1,347.0,363.1,2.57 %,2379.0,843624.7,0.025706214689265705,0.025381365286515814,360.44,379.40500000000003,368.86841375153625,371.1143841563137,46.240689834489274,-2.245970404777438,2.519385574001124,18.248328922240642,379.40500000000003,14.408567444040742,408.22213488808154,350.5878651119185,4089685.0
HPPL,2022-08-31,370.3,370.3,338.2,338.2,-6.86 %,3555.0,1240531.0,-0.06857614982098603,-0.07104084195581026,354.86,376.46,364.1501962512999,368.6762816262164,37.32876699597541,-4.526085374916477,1.110291384217604,19.237733999223455,376.46,16.47295710519153,409.40591421038306,343.5140857896169,4086130.0
HPPL,2022-09-01,344.9,346.8,332.0,345.9,2.28 %,4865.0,1643503.1,0.02276759314015364,0.022512279478643,351.04,373.80499999999995,361.34247375109993,366.98914965390406,41.1086199599896,-5.646675902804134,-0.24110207318674337,18.92075299927892,373.80499999999995,16.921940755935275,407.6488815118705,339.9611184881294,4090995.0
HPPL,2022-09-02,339.0,345.0,339.0,339.0,-1.99 %,2070.0,708710.0,-0.019947961838681638,-0.02014960856267271,348.03999999999996,371.35499999999996,357.9051700970845,364.9158793091704,38.84755319676329,-7.010709212085885,-1.5950235009665719,18.062127785044712,371.35499999999996,18.253376760422093,407.86175352084416,334.84824647915576,4088925.0
HPPL,2022-09-04,336.0,350.9,336.0,350.8,3.48 %,3135.0,1088684.6,0.03480825958702072,0.03421615311757778,347.4,369.15999999999997,356.81206700522534,363.8702586196022,44.47235640103142,-7.058191614376881,-2.6876571236486337,17.836261514684374,369.15999999999997,17.93509937172676,405.03019874345347,333.28980125654647,4092060.0
HPPL,2022-09-05,345.1,352.0,345.1,348.1,-0.77 %,3330.0,1163334.0,-0.007696693272519872,-0.007726465680634675,344.4,367.565,355.47174900442144,362.70209131444653,43.48672032829845,-7.230342310025094,-3.5961941609239263,17.055099977921202,367.565,18.334358743254434,404.23371748650885,330.89628251349114,4088730.0
HPPL,2022-09-06,354.0,354.0,334.9,345.0,-0.89 %,3240.0,1102695.0,-0.008905486929043471,-0.008945377786033553,345.76,365.175,353.8607106960489,361.3908252911542,42.326809520977505,-7.530114595105317,-4.382978247760205,17.201164265212547,365.175,17.98384874796037,401.14269749592074,329.2073025040793,4085490.0
HPPL,2022-09-07,338.2,350.0,327.0,343.0,-0.58 %,1492.0,503210.5,-0.005797101449275366,-0.005813969865419845,345.18,362.94500000000005,352.189832127426,360.0285419362539,41.55668348614785,-7.8387098088279,-5.074124559973744,17.615366817697367,362.94500000000005,17.821260957219398,398.58752191443887,327.30247808556123,4083998.0
HPPL,2022-09-08,339.0,345.0,327.2,337.1,-1.72 %,1560.0,527370.0,-0.017201166180757954,-0.01735082492592481,344.8,359.7,349.86831949243737,358.33013142245727,39.28583104273098,-8.461811930019906,-5.751662033982976,17.628554902147556,359.7,16.167576389671062,392.0351527793421,327.36484722065785,4082438.0
HPPL,2022-09-11,337.0,343.0,330.0,330.0,-2.11 %,2732.0,912870.0,-0.02106199940670428,-0.02128696777948916,340.64,356.85,346.8116549551393,356.23160316894194,36.687708439247025,-9.419948213802627,-6.485319269946906,17.297943837708445,356.85,16.12577211533942,389.1015442306789,324.59845576932116,4079706.0
HPPL,2022-09-12,336.0,336.0,321.5,325.0,-1.52 %,7558.0,2476376.5,-0.015151515151515138,-0.01526747213078842,336.02,354.1,343.45601573127175,353.91815108235363,34.93549526939141,-10.462135351081884,-7.280682486173902,17.098090706443557,354.1,16.65125252124878,387.4025050424976,320.79749495750247,4072148.0
HPPL,2022-09-13,320.0,331.5,320.0,322.0,-0.92 %,1792.0,586912.0,-0.009230769230769265,-0.009273636785329215,331.41999999999996,351.1,340.155090234153,351.5538435947719,33.88964547899148,-11.398753360618855,-8.104296661062893,16.698227084554734,351.1,16.764655803523503,384.62931160704704,317.570688392953,4070356.0
HPPL,2022-09-14,328.0,339.0,328.0,336.0,4.35 %,5510.0,1843260.6,0.04347826086956519,0.0425596144187959,330.02,349.215,339.5158455827449,350.4017070321962,42.5352505098098,-10.88586144945134,-8.660609618740583,16.719782292800826,349.215,16.199749023399924,381.61449804679984,316.8155019532001,4075866.0
HPPL,2022-09-15,340.0,340.0,319.5,325.0,-3.27 %,9236.0,2996211.5,-0.03273809523809523,-0.033285977633466746,327.6,346.465,337.2826385700149,348.5200991038854,38.29740970030509,-11.23746053387049,-9.175979801766564,16.989797843315053,346.465,15.344475261563517,377.15395052312704,315.7760494768729,4066630.0
HPPL,2022-09-16,319.0,325.0,317.0,320.0,-1.54 %,2045.0,656585.0,-0.01538461538461533,-0.015504186535965199,325.6,343.965,334.6237710977049,346.40749917026426,36.516480871929176,-11.78372807255937,-9.697529455925126,16.347669425935408,343.965,15.381303585850954,374.7276071717019,313.20239282829806,4064585.0
HPPL,2022-09-18,319.0,320.0,312.0,313.6,-2.00 %,3198.0,1010377.1,-0.019999999999999907,-0.020202707317519355,323.32000000000005,341.04499999999996,331.38934477498105,343.977314046541,34.316709934622466,-12.587969271559928,-10.275617419052088,15.751407324082878,341.04499999999996,15.322239598567513,371.689479197135,310.40052080286495,4061387.0
HPPL,2022-09-20,308.1,308.1,298.0,302.0,-3.70 %,6040.0,1821570.0,-0.036989795918367374,-0.03769127110138317,319.32,337.84000000000003,326.8679071172916,340.86788337642685,30.706134753237762,-13.999976259135224,-11.020489187068716,15.740592515219817,337.84000000000003,16.46682150648531,370.77364301297064,304.9063569870294,4055347.0
HPPL,2022-09-21,308.0,308.0,299.0,304.0,0.66 %,5885.0,1789506.0,0.0066225165562914245,0.006600684031352093,312.91999999999996,334.79,323.3497675607852,338.13692905224707,32.033895476195326,-14.787161491461859,-11.773823647947346,15.259121621275543,334.79,16.81696824795638,368.42393649591276,301.1560635040873,4061232.0
HPPL,2022-09-22,309.0,316.2,291.1,310.0,1.97 %,9719.0,2946857.6,0.019736842105263053,0.01954459607297013,309.91999999999996,332.59000000000003,321.29595716681825,336.052712085414,35.99610444119763,-14.756754918595732,-12.370409902077023,15.962041505470147,332.59000000000003,17.04810222499363,366.6862044499873,298.49379555001275,4070951.0
HPPL,2022-09-25,310.0,310.0,290.0,299.0,-3.55 %,4700.0,1389085.0,-0.03548387096774197,-0.03612872408850554,305.71999999999997,329.84000000000003,317.86580991038466,333.3080667457537,32.28063890507444,-15.44225683536905,-12.98477928873543,16.250467112222278,329.84000000000003,17.830736325090296,365.50147265018063,294.17852734981943,4066251.0
HPPL,2022-09-27,293.1,316.9,287.3,316.9,5.99 %,3425.0,1011235.0,0.05986622073578585,0.058142693306188535,306.38,327.53,317.71722377032546,332.09265439421637,42.653724871750015,-14.375430623890907,-13.262909555766527,17.20400517563497,327.53,16.214454240459492,359.958908480919,295.10109151908097,4069676.0
HPPL,2022-09-28,310.6,310.6,298.0,298.0,-5.96 %,1872.0,560156.5,-0.0596402650678447,-0.061492780191470565,305.58000000000004,325.52,314.68380472873696,329.56727258723737,36.326514042599996,-14.88346785850041,-13.587021216313303,17.325147663089613,325.52,17.278876669145493,360.07775333829096,290.962246661709,4067804.0
HPPL,2022-09-29,294.1,297.9,287.0,287.0,-3.69 %,1815.0,529939.5,-0.03691275167785235,-0.03761127074578335,302.18,322.575,310.4247578473928,326.414141284479,33.23633244945135,-15.98938343708619,-14.067493660467882,16.873351401440356,322.575,18.592043431197936,359.75908686239586,285.3909131376041,4065989.0
HPPL,2022-10-09,292.6,298.4,289.0,297.0,3.48 %,2310.0,677971.5,0.03484320557491283,0.034249923043078445,299.58000000000004,320.475,308.35941048625546,324.23531600414725,38.36909114550631,-15.875905517891795,-14.429176031952665,16.4823977299089,320.475,19.00653281042792,358.4880656208559,282.46193437914417,4068299.0
HPPL,2022-10-10,291.3,307.9,282.3,298.0,0.34 %,57954.0,16685356.0,0.0033670033670034627,0.0033613477027049274,299.38,317.835,306.76565502683155,322.29195926309933,38.875164010395174,-15.526304236267777,-14.648601672815689,17.133655034915407,317.835,18.22353235734348,354.28206471468695,281.387935285313,4126253.0
HPPL,2022-10-11,295.0,302.9,285.1,302.9,1.64 %,75660.0,21899513.0,0.01644295302013421,0.016309231527787148,296.58,315.575,306.1709388688575,320.8555178362031,41.41374475905967,-14.684578967345601,-14.655797131721672,17.181251103850016,315.575,17.03676751524848,349.64853503049693,281.50146496950305,4201913.0
HPPL,2022-10-12,297.5,305.0,297.0,304.0,0.36 %,25503.0,7610095.0,0.0036315615714757055,0.0036249833730300513,297.78000000000003,313.525,305.83694827364866,319.60696095944735,41.996131558475696,-13.77001268579869,-14.478640242537077,16.525447453575016,313.525,15.726072049481234,344.97714409896247,282.0728559010375,4227416.0
HPPL,2022-10-13,309.0,309.0,292.2,298.1,-0.94 %,59590.0,17932398.0,-0.019407894736842013,-0.019598700722195845,300.0,311.28,304.6466485392412,318.013852740229,39.715675308004265,-13.367204200987828,-14.256353034227228,16.545058349748228,311.28,14.449971771970539,340.179943543941,282.3800564560589,4167826.0
HPPL,2022-10-16,304.0,309.0,281.4,301.0,0.97 %,69822.0,20407116.0,0.009728279100972737,0.009681264064849877,300.8,309.475,304.08562568705025,316.7535673520639,41.40005627651462,-12.667941665013643,-13.938670760384513,17.334697039051928,309.475,13.260700743578798,335.99640148715764,282.9535985128424,4237648.0
HPPL,2022-10-17,295.0,301.0,284.2,301.0,0.00 %,12098.0,3471280.3,0.0,0.0,301.4,308.025,303.6109140428887,315.5866364370962,41.40005627608506,-11.975722394207537,-13.546081087149117,17.29650439340536,308.025,12.459571463451757,332.9441429269035,283.10585707309644,4237648.0
HPPL,2022-10-19,295.0,295.8,280.3,295.8,-1.73 %,8983.0,2557313.1,-0.017275747508305628,-0.017426714472176284,299.98,306.565,302.4092349593673,314.12095966397794,39.1266190843732,-11.711724704610617,-13.179209810641417,17.539611222447835,306.565,12.07050668278602,330.70601336557206,282.42398663442793,4228665.0
HPPL,2022-10-20,289.9,289.9,278.8,279.2,-5.61 %,8347.0,2339083.3,-0.05611899932386755,-0.05775517938848209,295.02,304.425,298.83858342715695,311.53422191109064,32.91306859533802,-12.695638483933692,-13.082495545299874,17.501067563701564,304.425,12.951849085635763,330.3286981712715,278.5213018287285,4220318.0
HPPL,2022-10-23,275.1,284.7,273.8,274.0,-1.86 %,3407.0,939556.3,-0.01862464183381085,-0.018800264500147146,290.2,301.325,295.01726289990205,308.7539091769358,31.239470721328402,-13.736646277033742,-13.213325691646649,17.02956273772288,301.325,12.40491731872739,326.1348346374548,276.5151653625452,4216911.0
HPPL,2022-10-31,279.0,284.1,269.0,270.0,-1.46 %,3769.0,1021568.6,-0.014598540145985384,-0.014706147389695449,284.0,298.575,291.16845322299406,305.8832492379035,29.976746344097165,-14.714796014909439,-13.513619756299207,16.891736827885534,298.575,12.964034256773147,324.5030685135463,272.6469314864537,4213142.0
HPPL,2022-11-01,270.0,284.9,270.0,282.0,4.44 %,3512.0,984137.6,0.04444444444444451,0.04348511193973889,280.2,296.675,289.75792195791803,304.1141196647255,38.06487175638146,-14.35619770680745,-13.682135346400855,16.749469911607996,296.675,12.432464928999158,321.53992985799835,271.8100701420017,4216654.0
HPPL,2022-11-02,286.9,299.9,280.3,282.0,0.00 %,15395.0,4402253.5,0.0,0.0,277.43999999999994,295.09499999999997,288.5643955028537,302.47603672659767,38.06487175598687,-13.91164122374397,-13.72803652186948,16.953079203635994,295.09499999999997,12.173589835129041,319.44217967025804,270.7478203297419,4216654.0
HPPL,2022-11-03,286.5,290.0,274.0,274.0,-2.84 %,4705.0,1332753.5,-0.028368794326241176,-0.028778964550043404,276.4,293.695,286.3237192716454,300.3667006727756,34.94412935129394,-14.042981401130191,-13.791025497721623,16.885002117661994,293.695,12.924577769760731,319.54415553952146,267.84584446047853,4211949.0
HPPL,2022-11-06,268.6,292.0,268.6,292.0,6.57 %,7100.0,2046310.0,0.06569343065693434,0.06362569588021155,280.0,293.09499999999997,287.19699322985383,299.7469450673848,45.72596822242671,-12.549951837530955,-13.542810765683491,17.350359109257564,293.09499999999997,12.697553639238231,318.49010727847644,267.6998927215235,4219049.0
HPPL,2022-11-07,297.5,303.0,283.0,283.0,-3.08 %,10336.0,3024850.0,-0.03082191780821919,-0.03130690462504414,282.6,291.745,286.55130196372244,298.5064306179489,41.97968817015908,-11.955128654226485,-13.22527434339209,17.539619172882023,291.745,12.232419178055174,316.20983835611037,267.28016164388964,4208713.0
HPPL,2022-11-08,288.0,295.0,284.3,289.0,2.12 %,8505.0,2444737.8,0.021201413427561766,0.020979790469194466,284.0,291.245,286.92802473853436,297.8022505721749,45.202896359680544,-10.874225833640537,-12.75506464144178,17.143932089104737,291.245,12.12415922208177,315.49331844416355,266.99668155583646,4217218.0
HPPL,2022-11-09,294.0,294.0,265.0,270.2,-6.51 %,55705.0,15067134.5,-0.06505190311418685,-0.06726426258633368,281.64,288.91,284.3544824710675,295.75763941868047,38.06700415292729,-11.403156947612956,-12.484683102676017,17.990794082740113,288.91,11.398471735062973,311.70694347012596,266.1130565298741,4161513.0
HPPL,2022-11-10,275.6,280.0,254.2,275.0,1.78 %,45775.0,11882795.7,0.0177646188008882,0.017608672140472778,281.84,287.76000000000005,282.9153313216725,294.2200364987782,40.64343704326446,-11.304705177105689,-12.248687517561951,18.548594505401535,287.76000000000005,11.59171210279053,310.9434242055811,264.576575794419,4207288.0
HPPL,2022-11-13,270.8,272.9,255.0,270.0,-1.82 %,87832.0,22646237.4,-0.018181818181818188,-0.01834913866819654,277.43999999999994,286.91,280.9283572721844,292.4259597210909,38.831295659772486,-11.497602448906491,-12.09847050383086,18.65226632644428,286.91,12.254704789344501,311.41940957868906,262.400590421311,4119456.0
HPPL,2022-11-14,265.0,268.7,254.6,268.1,-0.70 %,53479.0,13705341.8,-0.007037037037036953,-0.007061913756461063,274.46,285.46500000000003,278.9547638456945,290.6240367787879,38.135472211729265,-11.669272933093396,-12.012630989683368,18.41996158884112,285.46500000000003,12.698167086974573,310.86133417394916,260.0686658260509,4065977.0
HPPL,2022-11-15,271.0,271.0,249.9,258.0,-3.77 %,64733.0,16454274.3,-0.03767251025736673,-0.038400460320296266,268.26000000000005,283.46500000000003,275.73095402328,288.20744146184063,34.5874363044513,-12.476487438560639,-12.105402279458822,18.611392903923896,283.46500000000003,13.728237323134728,310.9214746462695,256.0085253537306,4001244.0
HPPL,2022-11-16,260.0,263.0,244.1,255.0,-1.16 %,60157.0,15042462.6,-0.011627906976744207,-0.011696039763191298,265.22,281.07,272.5415764812369,285.7476309831858,33.58783804147998,-13.20605450194887,-12.325532723956833,18.632007696500764,281.07,14.32451340223615,309.71902680447226,252.4209731955277,3941087.0
HPPL,2022-11-17,260.0,272.0,249.0,269.0,5.49 %,238215.0,61326832.0,0.05490196078431375,0.053447834443412987,264.02000000000004,279.32,271.99671856104663,284.507065725172,42.010475919501275,-12.510347164125392,-12.362495611990546,18.94400714675071,279.32,13.489356428029746,306.29871285605947,252.3412871439405,4179302.0
HPPL,2022-11-22,270.0,279.0,260.0,264.0,-1.86 %,29768.0,7959586.2,-0.018587360594795488,-0.01876227645552289,262.82000000000005,277.615,270.76645416703946,282.9880238196037,40.056581699744505,-12.221569652564256,-12.33431042010529,18.948006636268516,277.615,13.141267863222291,303.8975357264446,251.33246427355542,4149534.0
HPPL,2022-11-23,260.1,267.0,254.0,256.0,-3.03 %,30326.0,7780233.3,-0.030303030303030276,-0.03077165866675366,260.4,275.365,268.4946919874949,280.9889109440775,37.08462799827688,-12.494218956582586,-12.36629212740075,18.523149019392193,275.365,12.773874448317827,300.91274889663566,249.81725110336436,4119208.0
HPPL,2022-11-24,255.0,263.0,253.1,262.0,2.34 %,27286.0,7067988.1,0.0234375,0.02316705928153438,261.2,273.415,267.4955086048034,279.5823249482199,40.64172240275122,-12.086816343416501,-12.3103969706039,17.907209803721326,273.415,11.575121915935124,296.56524383187025,250.26475616812976,4146494.0
HPPL,2022-11-27,266.0,266.0,260.0,264.3,0.88 %,37229.0,9798107.0,0.008778625954198427,0.008740317849146617,263.06,271.84000000000003,267.00389189637207,278.45030087798136,41.99554342597559,-11.446408981609295,-12.13759937280498,17.05669481774123,271.84000000000003,10.458106903275825,292.75621380655167,250.9237861934484,4183723.0
HPPL,2022-11-28,269.0,269.0,257.0,261.0,-1.25 %,43467.0,11358533.4,-0.012485811577752637,-0.01256441428755019,261.46,270.93,266.0802162200071,277.1576859981309,40.56595044669988,-11.07746977812377,-11.92557345386874,16.695502330759716,270.93,10.575149619463192,292.0802992389264,249.77970076107363,4140256.0
HPPL,2022-11-29,255.8,263.0,255.0,258.1,-1.11 %,28874.0,7454997.4,-0.011111111111111072,-0.011173300598125189,260.28000000000003,270.13500000000005,264.85249064769835,275.7460055538249,39.299848098103936,-10.89351490612654,-11.719161744320301,16.074395021419736,270.13500000000005,10.924105407204708,291.98321081440946,248.28678918559064,4111382.0
HPPL,2022-11-30,262.2,262.2,255.0,256.2,-0.74 %,10840.0,2797521.0,-0.007361487795428223,-0.007388717261934406,260.32,269.44500000000005,263.52133824036014,274.29815329057857,38.45305312151378,-10.776815050218431,-11.530692405499927,15.440509662746898,269.44500000000005,11.360201768053207,292.16540353610645,246.72459646389365,4100542.0
HPPL,2022-12-01,255.0,262.0,253.2,259.0,1.09 %,20884.0,5374557.7,0.010928961748633892,0.010869672236903891,259.71999999999997,268.295,262.8257477418432,273.1649567505357,40.48812679033453,-10.339209008692478,-11.292395726138437,14.966187543979265,268.295,11.1851628696863,290.66532573937263,245.92467426062743,4121426.0
HPPL,2022-12-04,264.0,264.0,254.0,257.0,-0.77 %,17064.0,4414513.1,-0.007722007722007707,-0.007751976804317936,258.26,267.045,261.9294788584827,271.96755254679226,39.48385826131905,-10.038073688309566,-11.041531318572664,14.611459862266459,267.045,10.967774566781031,288.9805491335621,245.10945086643795,4104362.0
HPPL,2022-12-05,253.1,262.0,249.0,250.0,-2.72 %,32373.0,8155621.9,-0.027237354085603127,-0.02761516703297338,256.06,265.845,260.09417441871614,270.3403264322151,36.10804175350769,-10.246152013498943,-10.88245545755792,14.496355586390283,265.845,11.468284642087633,288.7815692841753,242.90843071582475,4071989.0
HPPL,2022-12-06,255.0,255.0,243.8,250.0,0.00 %,17142.0,4218181.0,0.0,0.0,254.44,263.745,258.5412245081444,268.83363558538434,36.108041753032744,-10.292411077239933,-10.764446581494322,14.260901615933834,263.745,10.202397808995793,284.1497956179916,243.3402043820084,4071989.0
HPPL,2022-12-07,245.0,250.0,245.0,247.4,-1.04 %,7062.0,1754407.1,-0.010399999999999965,-0.010454457903858873,252.67999999999998,261.96500000000003,256.8271899684299,267.2459588753559,34.825415201137915,-10.418768906926005,-10.69531104658066,13.599408643367132,261.96500000000003,9.762240629365747,281.48948125873153,242.44051874126853,4064927.0
HPPL,2022-12-11,245.0,249.0,242.2,242.3,-2.06 %,12287.0,3007886.6,-0.020614389652384824,-0.0208298321359075,249.34,259.63,254.59223766559452,265.39811006977396,32.394607915214934,-10.80587240417944,-10.717423318100415,13.113736597412338,259.63,8.452660745859506,276.535321491719,242.724678508281,4052640.0
HPPL,2022-12-12,240.1,249.9,240.1,248.7,2.64 %,9416.0,2313688.1,0.02641353693768056,0.026070722986878934,247.67999999999998,258.55499999999995,253.68573956319537,264.1612130275685,38.22210192059973,-10.475473464373152,-10.669033347354963,12.877041126168601,258.55499999999995,8.404665058003753,275.36433011600747,241.74566988399243,4062056.0
HPPL,2022-12-13,244.0,252.0,244.0,249.5,0.32 %,7248.0,1796313.3,0.003216726980297624,0.0032115643822144503,247.57999999999998,257.28,253.0417796303961,263.07519724774863,38.930729301589466,-10.03341761735254,-10.54191020135448,12.528681045727987,257.28,7.681735001415384,272.6434700028307,241.9165299971692,4069304.0
HPPL,2022-12-14,244.6,249.9,242.2,246.6,-1.16 %,6113.0,1501672.8,-0.011623246492985961,-0.011691324461329422,246.9,256.11,252.05073661033515,261.8548122664339,37.262155317583,-9.804075656098746,-10.394343292303335,12.183775256747419,256.11,7.4199517660778245,270.94990353215564,241.27009646784435,4063191.0
HPPL,2022-12-15,241.8,244.0,237.2,237.4,-3.73 %,20265.0,4830861.0,-0.037307380373073795,-0.038021108554676254,244.9,254.575,249.79677713182204,260.0433446911425,32.502799163045424,-10.246567559320482,-10.364788145706765,11.984934166979748,254.575,7.964518355304295,270.5040367106086,238.6459632893914,4042926.0
HPPL,2022-12-18,235.1,239.0,230.6,232.4,-2.11 %,17675.0,4120510.0,-0.021061499578770015,-0.021286457197811505,242.92,253.29500000000002,247.1203498807725,257.99568952883567,30.24202121801318,-10.875339648063175,-10.466898446178046,11.728867440766908,253.29500000000002,9.325882207478964,271.94676441495795,234.64323558504208,4025251.0
HPPL,2022-12-19,232.0,236.6,229.0,230.0,-1.03 %,12630.0,2926018.7,-0.010327022375215211,-0.010380716054560854,239.18,252.04500000000002,244.4864498991152,255.92193474892193,29.19239938380045,-11.435484849806727,-10.660615726903782,11.433948337854986,252.04500000000002,10.664672373894739,273.3743447477895,230.71565525221052,4012621.0
HPPL,2022-12-20,234.6,238.8,229.6,230.0,0.00 %,10050.0,2347105.0,0.0,0.0,235.28000000000003,250.09500000000003,242.25776529925133,254.00179143418697,29.192399383345816,-11.744026134935638,-10.877297808510153,11.274380599436775,250.09500000000003,10.962686714506384,272.0203734290128,228.16962657098725,4012621.0
HPPL,2022-12-21,227.5,238.0,224.1,224.1,-2.57 %,13506.0,3074025.5,-0.02565217391304353,-0.025986928116314114,230.78000000000003,248.1,239.46426294552035,251.78684392054348,26.563811129772077,-12.32258097502313,-11.166354441812748,11.461924842334149,248.1,11.890332207319581,271.88066441463917,224.31933558536082,3999115.0
HPPL,2022-12-22,228.5,229.0,217.6,217.9,-2.77 %,23423.0,5152552.7,-0.02766622043730471,-0.028056138856307058,226.88000000000002,246.19500000000002,236.1466840308249,249.27670733383655,24.10726422956722,-13.130023303011654,-11.55908821405253,11.457501639310282,246.19500000000002,13.501012632602443,273.1970252652049,219.19297473479514,3975692.0
HPPL,2022-12-26,222.0,239.6,222.0,239.6,9.96 %,49380.0,11541317.8,0.09958696649839371,0.09493462429072005,228.32,245.075,236.677963410698,248.55991419799682,43.72346017058402,-11.88195078729882,-11.62366072870179,12.189108665073832,245.075,13.042193672458056,271.1593873449161,218.99061265508388,4025072.0
HPPL,2022-12-27,244.2,263.5,239.5,260.0,8.51 %,110881.0,28219377.7,0.08514190317195336,0.08171076477423354,234.32,244.85999999999999,240.26596903982139,249.40732796110817,55.395534379552444,-9.14135892128678,-11.127200367218789,13.032743760425701,244.85999999999999,12.740544481482825,270.3410889629656,219.37891103703433,4135953.0
HPPL,2022-12-28,254.8,265.0,250.0,259.0,-0.38 %,41972.0,10856626.0,-0.0038461538461538325,-0.0038535693159899662,240.11999999999998,244.76,243.1481276490796,250.11789626028533,54.795576625059375,-6.969768611205723,-10.295714016016177,13.173262063252437,244.76,12.614419485168579,269.98883897033716,219.53116102966283,4093981.0
HPPL,2022-12-29,264.0,272.0,253.4,271.9,4.98 %,53075.0,14137350.7,0.049806949806949774,0.04860628993888725,249.68,245.45,247.57149262614428,251.73138542619012,60.707513883298205,-4.159892800045839,-9.06854977282211,13.560886201591549,245.45,13.712172847909853,272.87434569581967,218.02565430418028,4147056.0
HPPL,2023-01-01,273.0,285.6,262.2,279.9,2.94 %,93862.0,25836278.9,0.02942258183155566,0.028998044882982747,262.08,246.635,252.54510914519898,253.81794946869454,63.8637997244761,-1.2728403234955579,-7.5094078829568,14.263680044335013,246.635,15.586102953066355,277.8072059061327,215.46279409386727,4240918.0
HPPL,2023-01-02,278.0,291.1,271.0,287.9,2.86 %,49840.0,14149374.0,0.02858163629867816,0.028180801096722413,271.73999999999995,248.07999999999998,257.98432312286064,256.3425458043468,66.7409426594443,1.6417773185138458,-5.679170842662671,14.680560041168228,248.07999999999998,17.95279189548317,283.9855837909663,212.17441620903364,4290758.0
HPPL,2023-01-03,283.0,291.7,277.4,283.0,-1.70 %,33020.0,9354749.7,-0.01701979854116009,-0.01716629997489253,276.34,249.37999999999997,261.8328887962667,258.31717204106184,63.4107262440613,3.515716755204835,-3.8401933230891707,14.653377181084783,249.37999999999997,19.506803131765828,288.39360626353164,210.3663937364683,4257738.0
HPPL,2023-01-04,280.0,299.0,278.7,296.0,4.59 %,49086.0,14123686.0,0.04593639575971742,0.04491255668082285,283.73999999999995,251.67999999999998,267.08936744299484,261.1084926306128,67.97619163149352,5.980874812382069,-1.8759796959949229,15.056707382435873,251.67999999999998,22.120521550917804,295.9210431018356,207.43895689816438,4306824.0
HPPL,2023-01-05,300.0,306.0,284.4,295.1,-0.30 %,79534.0,23577096.5,-0.0030405405405404817,-0.0030451723751665867,288.38,253.935,271.39869552868794,263.6263820653822,67.34964926291882,7.77231346330575,0.05367893586521166,15.524085426547598,253.935,24.14627082464791,302.2275416492958,205.64245835070417,4227290.0
HPPL,2023-01-08,292.0,315.7,290.0,305.9,3.66 %,62908.0,19262271.9,0.03659776347001009,0.03594396920796397,293.58000000000004,256.86,276.7065885242744,266.7577611716502,70.82479813051673,9.948827352624221,2.0327086192170136,16.250936467508485,256.86,26.71915142050678,310.2983028410136,203.42169715898646,4290198.0
HPPL,2023-01-09,311.0,336.4,305.1,336.0,9.84 %,91045.0,29795521.6,0.09839816933638446,0.09385290880634647,303.2,261.54499999999996,285.8286518282322,271.8868158996761,77.88848558051318,13.941835928556088,4.414534081084829,17.32586957697216,261.54499999999996,31.76932441341151,325.083648826823,198.00635117317694,4381243.0
HPPL,2023-01-10,342.0,358.0,322.0,327.9,-2.41 %,146081.0,49353783.7,-0.024107142857142883,-0.02440247611260169,312.17999999999995,265.505,292.30116693158107,276.03594064784824,72.78175072412382,16.26522628373283,6.7846725216144295,18.659736035759863,265.505,34.868829014500406,335.24265802900084,195.76734197099918,4235162.0
HPPL,2023-01-12,331.0,347.0,303.9,312.0,-4.85 %,79294.0,25234098.9,-0.04849039341262573,-0.04970549604112014,315.38,268.63,295.3317566344148,278.6999450443039,63.92207720978619,16.631811590110885,8.754100335313721,20.40546917606273,268.63,36.13656990101407,340.90313980202814,196.35686019797186,4155868.0
HPPL,2023-01-17,314.0,330.0,307.0,324.0,3.85 %,64118.0,20432006.3,0.03846153846153855,0.03774032798284711,321.15999999999997,272.5,299.7422556137356,282.05550467065177,67.17019879751655,17.686750943083837,10.540630456867746,20.590792806343963,272.5,37.761132900047805,348.0222658000956,196.97773419990438,4219986.0
HPPL,2023-01-18,329.9,337.0,322.3,322.5,-0.46 %,53179.0,17479426.5,-0.00462962962962965,-0.004640379556502225,324.48,276.755,303.2434470577763,285.0513932135665,66.36587617802746,18.192053844209795,12.070915134336156,20.17002189160511,276.755,38.387257685746455,353.5295153714929,199.9804846285071,4166807.0
HPPL,2023-01-19,317.0,334.0,317.0,327.0,1.40 %,33209.0,10857790.5,0.013953488372093092,0.01385703466142628,322.68,281.485,306.89830135657996,288.158697419969,67.6185996432721,18.73960393661099,13.404652894791123,19.94359175649046,281.485,38.46241193138117,358.4098238627623,204.56017613723768,4200016.0
HPPL,2023-01-23,330.0,330.0,313.4,325.0,-0.61 %,34843.0,11253387.6,-0.006116207951070374,-0.006134988567515944,322.1,286.235,309.6831780709523,290.8876827962676,66.43427850122572,18.795495274684697,14.48282137076984,19.704763773884,286.235,37.626548228335224,361.48809645667046,210.98190354332957,4165173.0
HPPL,2023-01-24,326.9,327.0,312.6,323.0,-0.62 %,20716.0,6627769.5,-0.006153846153846176,-0.0061728591070809675,324.3,290.885,311.7319199061904,293.266372959507,65.20439253385369,18.46554694668339,15.27936648595255,19.32585207574943,290.885,36.02354894992499,362.93209789984996,218.83790210015002,4144457.0
HPPL,2023-01-25,324.5,355.3,320.1,342.1,5.91 %,111229.0,37674638.0,0.059133126934984626,0.057450768760902556,327.91999999999996,296.78499999999997,316.403932228315,296.8836786662102,70.76975154497227,19.520253562104813,16.127543901183003,20.459719784624472,296.78499999999997,34.12266224882843,365.0303244976568,228.5396755023431,4255686.0
HPPL,2023-01-26,348.0,365.0,341.2,352.0,2.89 %,131687.0,46087582.7,0.02893890675241151,0.02852808361453803,333.82,303.48999999999995,321.8802503470358,300.9663691353798,73.16553830523948,20.91388121165602,17.084811363277606,20.69831122857987,303.48999999999995,30.82162432961667,365.1332486592333,241.84675134076662,4387373.0
HPPL,2023-01-29,359.0,361.0,344.0,348.0,-1.14 %,61460.0,21601398.0,-0.011363636363636354,-0.011428695823622744,338.02,308.90999999999997,325.89867337056876,304.4503417920183,70.6460462381732,21.448331578550437,17.95751540633217,20.434146140824165,308.90999999999997,28.433817893491018,365.777635786982,252.04236421301795,4325913.0
HPPL,2023-01-30,353.0,354.9,330.0,340.5,-2.16 %,60164.0,20445156.9,-0.02155172413793105,-0.021787354184907296,341.12,312.935,328.1450313135582,307.12068684446143,66.05315714042919,21.024344469096775,18.57088121888509,20.75313570219387,312.935,26.79639164632719,366.52778329265436,259.34221670734564,4265749.0
HPPL,2023-01-31,334.0,344.0,327.6,333.0,-2.20 %,71315.0,23721387.8,-0.022026431718061623,-0.022272635609123178,343.12,316.635,328.8919495730108,309.03767300413097,61.731134481649136,19.85427656887981,18.827560288884037,20.44219743775145,316.635,23.91069514057352,364.45639028114704,268.81360971885294,4194434.0
HPPL,2023-02-01,333.0,345.0,333.0,342.0,2.70 %,41176.0,13966692.6,0.027027027027026973,0.026668247082161273,343.1,320.14,330.90857271562453,311.4793268556768,64.71481163274777,19.42924585994774,18.94789740309678,19.83918333505492,320.14,22.075430495895603,364.2908609917912,275.9891390082088,4235610.0
HPPL,2023-02-02,340.1,343.0,331.3,334.9,-2.08 %,32231.0,10772259.8,-0.020760233918128757,-0.020978757262446353,339.68,322.89,331.52263845168227,313.21419153303407,60.69453140224781,18.3084469186482,18.820007306207064,19.25781309683671,322.89,20.13966758728843,363.1693351745769,282.6106648254231,4203379.0
HPPL,2023-02-05,333.0,340.0,325.0,326.4,-2.54 %,11047.0,3678852.7,-0.025380710659898442,-0.025708356710206923,335.36,324.815,330.73454022834653,314.19091808614263,56.19376928581692,16.5436221422039,18.364730273406433,18.953683589919805,324.815,18.38252244875824,361.5800448975165,288.0499551024835,4192332.0
HPPL,2023-02-06,326.5,331.9,322.1,331.9,1.69 %,17375.0,5696841.8,0.016850490196078427,0.01671009563597698,333.64,327.26000000000005,330.91384173167785,315.50270193161356,58.34615471389092,15.41113980006429,17.774012178738005,18.299849047782672,327.26000000000005,15.564074693112214,358.3881493862245,296.1318506137756,4209707.0
HPPL,2023-02-07,328.0,353.9,328.0,353.9,6.63 %,43227.0,14958421.2,0.0662850256101235,0.06418066862548874,337.82,330.15500000000003,334.4501737729582,318.34694623297554,65.62235927679694,16.10322753998264,17.439855250986934,18.84271697294105,330.15500000000003,14.810113009985953,359.7752260199719,300.53477398002815,4252934.0
HPPL,2023-02-08,360.9,360.9,341.0,343.0,-3.08 %,57530.0,20022197.1,-0.03079966092116415,-0.03128394018547776,338.02,332.55,335.7655316540415,320.17309836386625,60.02750718672432,15.59243329017528,17.070370858824603,18.918237189159548,332.55,12.542286369260864,357.63457273852174,307.4654272614783,4195404.0
HPPL,2023-02-09,344.5,348.8,334.0,348.0,1.46 %,26635.0,9062761.9,0.014577259475218707,0.014472032608534469,340.64,334.65500000000003,337.64775755341975,322.23435033691317,61.643016281202726,15.413407216506585,16.738978130361,18.624077389933866,334.65500000000003,11.306098726845214,357.26719745369047,312.0428025463096,4222039.0
HPPL,2023-02-12,341.1,341.1,325.6,325.6,-6.44 %,52124.0,17202390.6,-0.06436781609195397,-0.06653284564608905,340.47999999999996,334.13500000000005,335.7942563913552,322.48365771936403,51.58457415770607,13.310598671991158,16.05330223868703,18.89378614779573,334.13500000000005,11.478826044876769,357.0926520897536,311.1773479102465,4169915.0
HPPL,2023-02-14,320.1,326.0,315.0,320.0,-1.72 %,35761.0,11435540.6,-0.017199017199017286,-0.01734863833461309,338.1,333.73999999999995,333.3643707926852,322.2996830734852,49.413775377324036,11.06468771919998,15.055579334789623,18.329944280096033,333.73999999999995,11.835068318576988,357.4101366371539,310.069863362846,4134154.0
HPPL,2023-02-15,326.0,326.0,313.0,316.0,-1.25 %,29322.0,9297630.4,-0.012499999999999956,-0.012578782206860073,330.52,333.93999999999994,330.69292913227207,321.83303988285667,47.864357368846356,8.859889249415403,13.81644131771478,17.949233974374888,333.93999999999994,11.476722436952882,356.8934448739057,310.9865551260942,4104832.0
HPPL,2023-02-16,310.0,320.0,307.1,311.0,-1.58 %,21477.0,6682929.1,-0.015822784810126556,-0.015949301407677953,324.12,333.28999999999996,327.6632477273072,321.03059248412654,45.92582856107408,6.632655243180636,12.379684102807952,17.588574404776683,333.28999999999996,12.40029286581643,358.0905857316328,308.4894142683671,4083355.0
HPPL,2023-02-20,317.0,317.0,305.1,312.0,0.32 %,14129.0,4382399.9,0.003215434083601254,0.0032102756302481894,316.91999999999996,332.765,325.25351730772144,320.36165970752455,46.39344802461305,4.891857600196886,10.88211880228574,17.182247661578348,332.765,13.08455397144679,358.93410794289355,306.5958920571064,4097484.0
HPPL,2023-02-22,318.0,329.0,310.1,324.0,3.85 %,7504.0,2380597.8,0.03846153846153855,0.03774032798284711,316.6,332.61499999999995,325.06066849114893,320.63116639585604,51.78206419361364,4.429502095292889,9.59159546088717,17.304944257179894,332.61499999999995,13.171031810283278,358.9570636205665,306.2729363794334,4104988.0
HPPL,2023-02-23,318.1,318.1,310.0,312.2,-3.64 %,9997.0,3125373.0,-0.03641975308641976,-0.0370995077109977,315.04,331.975,323.08210410789525,320.00663555171855,46.80019330956379,3.075468556176702,8.288370079945077,17.068876810238475,331.975,13.85381858816594,359.6826371763319,304.2673628236681,4094991.0
HPPL,2023-02-26,306.0,317.9,299.9,315.0,0.90 %,13898.0,4286911.3,0.008968609865470878,0.008928630744301398,314.84000000000003,331.575,321.83870347591136,319.63577365899863,48.07673731458925,2.2029298169127287,7.071282027338608,17.135385609507157,331.575,14.236789814092772,360.0485796281855,303.10142037181447,4108889.0
HPPL,2023-02-27,312.1,320.0,307.1,318.0,0.95 %,15522.0,4854535.3,0.00952380952380949,0.009478743954543739,316.24,330.37,321.2481337103865,319.51460523981353,49.47559912914933,1.7335284705729919,6.003731315985485,16.83285806597093,330.37,14.3187436967342,359.0074873934684,301.7325126065316,4124411.0
HPPL,2023-02-28,314.0,320.0,312.1,317.0,-0.31 %,6608.0,2097134.5,-0.0031446540880503138,-0.00314960890289622,317.24,328.62,320.59457467801934,319.3283381850125,49.00169837172538,1.2662364930068293,5.056232351389754,16.194796775544436,328.62,13.659683282146823,355.93936656429366,301.30063343570635,4117803.0
HPPL,2023-03-01,322.9,322.9,307.0,312.0,-1.58 %,7620.0,2351667.0,-0.01577287066246058,-0.015898586067798273,314.84000000000003,326.82000000000005,319.2723324198625,318.785498319456,46.59832453108499,0.4868341004064973,4.142352701193103,16.173739863005547,326.82000000000005,13.339675684534765,353.4993513690696,300.1406486309305,4110183.0
HPPL,2023-03-02,316.0,316.0,299.0,304.1,-2.53 %,15235.0,4602397.1,-0.02532051282051273,-0.0256465931261633,313.21999999999997,325.0,316.9381274321913,317.69768362912595,43.00901079223586,-0.759556196934625,3.161970921567558,16.23275844421944,325.0,13.848427613580348,352.6968552271607,297.3031447728393,4094948.0
HPPL,2023-03-05,300.0,306.0,290.0,295.0,-2.99 %,13379.0,3943495.0,-0.029924366984544593,-0.03038123834349917,309.21999999999997,323.1,313.5630309041619,316.01637373067217,39.25784262932419,-2.4533428265102657,2.0389081719519937,16.216132841060908,323.1,15.230855109565642,353.5617102191313,292.6382897808687,4081569.0
HPPL,2023-03-07,290.1,306.8,290.1,299.0,1.36 %,4856.0,1445557.0,0.013559322033898313,0.01346821705086661,305.41999999999996,320.95,311.3225646112139,314.75590160247424,41.666251653913065,-3.433336991260319,0.9444591393095313,16.25069478098513,320.95,15.455794348642755,351.86158869728547,290.0384113027145,4086425.0
HPPL,2023-03-09,304.9,316.9,303.0,311.1,4.05 %,12850.0,3958748.0,0.040468227424749204,0.039670830512904945,304.24,319.76,311.2883239017964,314.48509407636504,48.33911100531597,-3.1967701745686554,0.11621327653389402,16.368502296629046,319.76,15.239919878231326,350.23983975646263,289.28016024353735,4099275.0
HPPL,2023-03-12,310.0,316.1,301.1,304.9,-1.99 %,6218.0,1900817.5,-0.019929283188685476,-0.020130549909382407,302.82,318.685,310.30550483998155,313.77508710774543,45.46900125060947,-3.469582267763883,-0.6009458323256615,16.270752132584114,318.685,15.502912290078335,349.6908245801567,287.6791754198433,4093057.0
HPPL,2023-03-13,300.0,305.0,300.0,304.0,-0.30 %,9225.0,2782851.0,-0.002951787471301981,-0.002956152587987314,302.8,317.28999999999996,309.3354271722921,313.0510065812458,45.05084528849349,-3.7155794089537153,-1.2238725476512722,15.465698408828107,317.28999999999996,15.506463847467437,348.30292769493485,286.2770723050651,4083832.0
HPPL,2023-03-14,303.0,306.0,298.8,300.0,-1.32 %,10675.0,3225742.0,-0.013157894736842146,-0.01324522675002068,303.8,314.59499999999997,307.89920760732406,312.0842653530054,43.15142871585462,-4.18505774568132,-1.8161095872572819,14.8752913796261,314.59499999999997,13.341564454945182,341.2781289098903,287.9118710901096,4073157.0
HPPL,2023-03-15,306.0,306.0,296.0,300.0,0.00 %,7392.0,2217616.1,0.0,0.0,304.0,312.445,306.68394489850493,311.1891345861161,43.15142871536479,-4.505189687611164,-2.3539256073280583,14.527056281081379,312.445,11.911227565010465,336.26745513002095,288.62254486997904,4073157.0
HPPL,2023-03-16,306.0,306.0,294.0,297.4,-0.87 %,6355.0,1911631.0,-0.008666666666666711,-0.008704440630146406,301.26,309.915,305.25564568335034,310.1677172093668,41.82217875427653,-4.912071526016462,-2.865554791065739,14.346552261004138,309.915,8.973192531687827,327.8613850633757,291.96861493662436,4066802.0
HPPL,2023-03-19,292.0,304.0,292.0,300.5,1.04 %,7584.0,2281670.5,0.010423671822461511,0.010369719949207748,300.38,308.66,304.52400788591183,309.45159000867295,44.03575828132061,-4.927582122761123,-3.277960257404816,14.17894138521813,308.66,8.401027506091825,325.46205501218367,291.8579449878164,4074386.0
HPPL,2023-03-20,305.8,312.0,298.0,312.0,3.83 %,5458.0,1672604.0,0.038269550748752046,0.03755543383422005,301.98,308.26000000000005,305.67416051884845,309.6403611191416,51.42014925306834,-3.9662006002931207,-3.415608325982477,14.16615985770255,308.26000000000005,8.014224196633288,324.2884483932666,292.2315516067335,4079844.0
HPPL,2023-03-22,315.0,315.0,300.2,300.2,-3.78 %,10419.0,3185379.8,-0.03782051282051291,-0.038554268610120866,302.02,307.47,304.83198197748715,308.9410751103163,44.87686983283535,-4.109093132829173,-3.554305287351817,14.211434153580939,307.47,7.9898027114968455,323.4496054229937,291.4903945770063,4069425.0
HPPL,2023-03-23,306.0,306.0,297.1,298.0,-0.73 %,8526.0,2557921.2,-0.007328447701532292,-0.00735543269395711,301.62,306.82,303.7809078271045,308.13062510214473,43.75884025270626,-4.349717275040234,-3.7133876848895007,13.832045999753728,306.82,8.213185804111303,323.2463716082226,290.3936283917774,4060899.0
HPPL,2023-03-26,303.9,303.9,287.3,293.5,-1.51 %,13874.0,4037236.0,-0.015100671140939603,-0.015215847237253317,300.84,305.895,302.19922969985765,307.04687509457847,41.482336040010814,-4.847645394720814,-3.9402392268557636,14.029756999771317,305.895,8.630269557308534,323.15553911461706,288.6344608853829,4047025.0
HPPL,2023-03-27,296.0,302.0,291.0,302.0,2.90 %,7948.0,2354944.9,0.028960817717206044,0.028549378106718412,301.14,304.79499999999996,302.1685789768026,306.6730324949801,47.08241051916605,-4.504453518177456,-4.053082085120103,13.813345785501939,304.79499999999996,7.533537297362915,319.8620745947258,289.7279254052741,4054973.0
HPPL,2023-03-28,308.0,311.0,300.0,300.0,-0.66 %,11468.0,3514037.1,-0.0066225165562914245,-0.006644542718668613,298.73999999999995,304.185,301.8349514419099,306.17873379164826,45.96771691299658,-4.343782349738376,-4.1112221380437575,13.612392515108944,304.185,7.395039233391,318.975078466782,289.394921533218,4043505.0
HPPL,2023-03-29,294.6,303.0,294.6,300.0,0.00 %,2748.0,816534.5,0.0,0.0,298.7,303.435,301.55265122007756,305.7210498070817,45.967716912410566,-4.168398587004162,-4.122657427835838,13.240078764029732,303.435,6.990013553200124,317.41502710640026,289.45497289359975,4043505.0
HPPL,2023-03-30,297.2,305.0,297.1,297.2,-0.93 %,3965.0,1183148.3,-0.009333333333333416,-0.009377161812597044,298.54,302.395,300.88301257083486,305.0898609324831,44.26608607688055,-4.206848361648213,-4.139495614598314,12.858644566599036,302.395,6.2130994892564875,314.82119897851294,289.968801021487,4039540.0
HPPL,2023-04-02,297.2,305.9,294.4,294.4,-0.94 %,7615.0,2257930.0,-0.009421265141319024,-0.009465925988882974,298.71999999999997,301.265,299.8856260214757,304.2980193819288,42.56905007719536,-4.412393360453109,-4.1940751637692735,12.761598526127676,301.265,5.421815097143594,312.1086301942872,290.4213698057128,4031925.0
HPPL,2023-04-03,294.0,294.0,285.0,287.0,-2.51 %,7480.0,2156411.0,-0.025135869565217295,-0.025457171095099963,295.71999999999997,300.015,297.90322201817173,303.016684612897,38.381150217502515,-5.113462594725263,-4.377952649960472,12.521484345689982,300.015,5.69175534853872,311.3985106970774,288.63148930292255,4024445.0
HPPL,2023-04-04,292.0,297.0,281.5,289.0,0.70 %,5620.0,1598834.6,0.006968641114982521,0.006944472352810995,293.52,299.26,296.5334955538376,301.9784116786083,40.096441614682234,-5.444916124770714,-4.59134534492252,12.734235463854985,299.26,6.107665589046446,311.47533117809286,287.0446688219071,4030065.0
HPPL,2023-04-05,288.0,293.7,284.2,289.0,0.00 %,4292.0,1236634.1,0.0,0.0,291.32,298.96,295.3744962378626,301.01704785056324,40.096441614081215,-5.642551612700629,-4.801586598478142,12.5032186450082,298.96,6.4648360585101265,311.8896721170202,286.03032788297975,4030065.0
HPPL,2023-04-06,294.7,294.7,277.5,278.0,-3.81 %,33831.0,9505952.2,-0.03806228373702425,-0.03880557442179512,287.48,297.90999999999997,292.701496816653,299.31208134311413,34.05031174969707,-6.610584526461139,-5.163386184074742,12.838703027507615,297.90999999999997,7.984715662488268,313.8794313249765,281.9405686750234,3996234.0
HPPL,2023-04-09,280.0,293.7,273.1,274.0,-1.44 %,8555.0,2402882.0,-0.014388489208633115,-0.014493007302566864,283.4,296.05499999999995,289.82434346024485,297.4371123547353,32.151735480043996,-7.6127688944904435,-5.653262726157882,13.39308138268564,296.05499999999995,9.003652767525047,314.06230553505003,278.04769446494987,3987679.0
HPPL,2023-04-10,275.0,282.7,275.0,278.0,1.46 %,3629.0,1013299.0,0.014598540145985384,0.014493007302566824,281.6,294.71,288.0052136971302,295.9973262543846,35.995043947677644,-7.992112557254359,-6.121032692377178,13.05786128392238,294.71,9.602132438614523,313.914264877229,275.50573512277094,3991308.0
HPPL,2023-04-11,283.5,289.0,277.0,285.0,2.52 %,7052.0,2004285.0,0.02517985611510798,0.024868066578013524,280.8,293.76,287.54287312834094,295.1827094948005,42.16882531041005,-7.639836366459576,-6.424793427193658,12.98229976364221,293.76,9.574494627326146,312.9089892546523,274.6110107453477,3998360.0
HPPL,2023-04-12,290.7,308.0,290.7,306.9,7.68 %,14442.0,4336194.0,0.07684210526315782,0.07403278135703989,284.38,294.105,290.52089264705774,296.05065693963013,56.35346162449855,-5.529764292572395,-6.245787600269407,13.69784978052491,294.105,9.928930349992973,313.962860699986,274.24713930001406,4012802.0
HPPL,2023-04-13,301.0,319.0,296.5,297.0,-3.23 %,10023.0,3051031.5,-0.032258064516129004,-0.03278982282299084,288.17999999999995,293.95500000000004,291.51767839366426,296.12097864780566,50.34221835918647,-4.603300254141402,-5.917290131043806,14.326574796201703,293.95500000000004,9.85758991577778,313.67017983155563,274.23982016844445,4002779.0
HPPL,2023-04-16,301.5,301.5,295.0,295.0,-0.67 %,5460.0,1621756.0,-0.006734006734006703,-0.0067567824628797625,292.38,293.835,292.0534201792544,296.0379431924126,49.20041335769396,-3.9845230131582525,-5.530736707466696,13.767533739330153,293.835,9.828009114676817,313.4910182293536,274.1789817706464,3997319.0
HPPL,2023-04-17,299.9,300.0,289.1,295.0,0.00 %,8035.0,2340601.7,0.0,0.0,295.78,293.56,292.5067401516768,295.96105851149315,49.20041335709308,-3.454318359816341,-5.115453037936625,13.562709900806569,293.56,9.707913212820015,312.97582642564004,274.14417357435997,3997319.0
HPPL,2023-04-18,298.0,298.0,284.4,285.1,-3.36 %,5316.0,1542892.3,-0.03355932203389822,-0.03413536042119343,295.8,292.215,291.36724166680347,295.15653565878995,43.5322163508164,-3.789293991986483,-4.850221228746596,13.565373479320387,292.215,8.84362839326581,309.9022567865316,274.52774321346834,3992003.0
HPPL,2023-04-19,289.1,311.7,289.1,292.7,2.67 %,5584.0,1629711.3,0.026657313223430235,0.02630819777921372,292.96000000000004,291.84000000000003,291.57228141037217,294.9745700544351,48.442753293365364,-3.402288644062935,-4.560634711809864,14.496418230797499,291.84000000000003,8.643975693496467,309.12795138699295,274.5520486130071,3997587.0
HPPL,2023-04-20,298.5,309.0,283.0,283.5,-3.14 %,11408.0,3270970.2,-0.03143149982917659,-0.03193607053003336,290.26000000000005,291.115,290.3303919626226,294.1246019022547,43.510134177451555,-3.7942099396320828,-4.407349757374307,15.318102642883392,291.115,8.707968220348695,308.5309364406974,273.6990635593026,3986179.0
HPPL,2023-04-23,278.1,283.0,278.1,282.9,-0.21 %,3220.0,898900.0,-0.002116402116402183,-0.002118644860285326,287.84000000000003,290.585,289.1872547376037,293.2931499094951,43.20118112482724,-4.1058951718914045,-4.347058840277727,14.609666739820293,290.585,8.876122612485034,308.33724522497005,272.8327547750299,3982959.0
HPPL,2023-04-24,280.0,288.6,275.0,277.5,-1.91 %,9974.0,2797125.2,-0.019088016967126142,-0.01927254512103225,284.34000000000003,289.36,287.38921554720315,292.12328695323623,40.4194229726253,-4.734071406033081,-4.424461353428798,14.537547686975989,289.36,8.908387532059137,307.17677506411826,271.54322493588177,3972985.0
HPPL,2023-04-25,276.0,288.5,276.0,285.5,2.88 %,3850.0,1088878.0,0.028828828828828756,0.028421095909575637,284.41999999999996,288.635,287.0985670014796,291.6326731048484,45.97001730262372,-4.534106103368799,-4.446390303416798,14.392008566477704,288.635,8.580901375808347,305.79680275161667,271.4731972483833,3976835.0
HPPL,2023-04-26,281.0,288.7,281.0,281.1,-1.54 %,1488.0,419967.3,-0.01541155866900168,-0.01553155118357864,282.1,287.69,286.1757105397135,290.8524750970819,43.56604063628539,-4.676764557368358,-4.49246515420711,13.91400795458644,287.69,8.29951805831524,304.2890361166305,271.0909638833695,3975347.0
HPPL,2023-04-27,279.0,284.5,278.0,280.1,-0.36 %,2347.0,655965.3,-0.003557452863749533,-0.0035637956464233326,281.42,286.835,285.24098584129604,290.05599546026104,43.01547098243658,-4.815009618965007,-4.55697404715869,13.384435957830265,286.835,8.147668378149925,303.1303367562998,270.53966324370015,3973000.0
HPPL,2023-04-30,285.0,285.0,272.0,272.0,-2.89 %,5099.0,1401830.2,-0.02891824348446992,-0.029344615970065612,279.24,285.71500000000003,283.20391109648125,288.71851431505655,38.74434658053087,-5.514603218575303,-4.7484998814420125,13.356976246556675,285.71500000000003,8.581085381005028,302.8771707620101,268.55282923798995,3967901.0
HPPL,2023-05-02,275.0,280.5,270.0,273.0,0.37 %,3029.0,830763.2,0.003676470588235281,0.0036697288889624017,278.34000000000003,285.015,281.63407862009956,287.5541799213487,39.54246555294253,-5.920101301249133,-4.982820165403437,13.15290651465977,285.015,9.030024479788231,303.07504895957646,266.9549510404235,3970930.0
HPPL,2023-05-03,269.0,272.2,267.0,272.2,-0.29 %,4066.0,1090551.8,-0.00293040293040292,-0.002934704967594025,275.68,284.175,280.182681909315,286.41683326050804,39.103518671855255,-6.23415135119302,-5.233086402561353,12.641984620755501,284.175,9.41308579642411,303.0011715928482,265.3488284071518,3966864.0
HPPL,2023-05-04,271.0,278.7,264.2,278.7,2.39 %,9127.0,2467158.1,0.02387950036737685,0.02359884427053675,275.2,283.66,279.9545770001896,285.84521598195187,44.49477682778383,-5.890638981762265,-5.364596918401536,12.774700004987253,283.66,9.416972359594658,302.49394471918936,264.8260552808107,3975991.0
HPPL,2023-05-07,273.2,282.9,269.0,273.5,-1.87 %,4666.0,1276006.5,-0.01865805525654818,-0.018834312625866545,273.88,283.43500000000006,278.96156515400656,284.9307555388443,41.34152205883482,-5.969190384837759,-5.485515611688781,12.855078576059592,283.43500000000006,9.611083240350675,302.6571664807014,264.2128335192987,3971325.0
HPPL,2023-05-08,273.0,276.0,268.0,273.0,-0.18 %,4221.0,1139374.5,-0.001828153564899404,-0.001829826677076116,274.08000000000004,283.38500000000005,278.0444012841594,284.0469958693003,41.04035154805452,-6.002594585140912,-5.588931406379208,12.508287249198192,283.38500000000005,9.665199374440585,302.7153987488812,264.05460125111887,3967104.0
HPPL,2023-05-09,270.0,279.4,268.0,274.0,0.37 %,6629.0,1805384.0,0.00366300366300365,0.003656311203110479,274.28000000000003,283.18500000000006,277.422185701981,283.30277395305586,41.95117477391372,-5.880588251074869,-5.647262775318341,12.429123874255463,283.18500000000006,9.822598809314169,302.8301976186284,263.5398023813717,3973733.0
HPPL,2023-05-10,275.0,279.0,271.0,271.0,-1.09 %,3529.0,961267.5,-0.010948905109489093,-0.011009285508369368,274.03999999999996,282.485,276.4341571324455,282.3914573639406,39.95693524885525,-5.9573002314951395,-5.709270266553701,12.112757883237217,282.485,10.17883640337331,302.84267280674663,262.1273271932534,3970204.0
HPPL,2023-05-11,269.0,274.0,268.0,273.3,0.85 %,1470.0,396005.5,0.008487084870848705,0.008451272054321425,272.96000000000004,280.80499999999995,275.95197911206924,281.71801607772284,42.224542565294456,-5.766036965653598,-5.72062360637368,11.676132320148845,280.80499999999995,8.585144758630726,297.9752895172614,263.6347104827385,3971674.0
HPPL,2023-05-14,278.7,278.7,263.0,263.5,-3.59 %,2727.0,726173.4,-0.035858031467252194,-0.036516724952605405,270.96000000000004,279.13,274.0362900179047,280.36853340529893,35.987978677482516,-6.3322433873942146,-5.842947562577788,11.963551440138213,279.13,8.526929477609462,296.1838589552189,262.0761410447811,3968947.0
HPPL,2023-05-15,258.5,268.7,255.1,260.1,-0.01 %,8320.0,2166016.9,-0.012903225806451535,-0.012987195526811079,268.38,277.385,271.89224539976556,278.86716056046197,34.105860215374236,-6.974915160696412,-6.069341082201513,12.080440622985483,277.385,8.67799849591365,294.7409969918273,260.0290030081727,3960627.0
HPPL,2023-05-16,265.0,265.0,255.3,263.1,1.15 %,1968.0,510050.0,0.011534025374855927,0.01146801559164129,266.20000000000005,275.79,270.5395922613401,277.69922274116846,37.22546806412703,-7.159630479828365,-6.287398961726884,11.91040914991509,275.79,8.187725087325072,292.1654501746502,259.41454982534987,3962595.0
HPPL,2023-05-17,268.0,278.7,263.0,269.0,2.24 %,4057.0,1082785.3,0.022424933485366783,0.02217719155559206,265.8,274.985,270.3027319134416,277.05483587145227,42.94621950551049,-6.75210395801065,-6.380339960983638,12.18109421063544,274.985,8.01382194122228,291.0126438824446,258.95735611755543,3966652.0
HPPL,2023-05-18,274.3,281.7,264.0,281.0,4.46 %,7588.0,2109101.1,0.044609665427509215,0.043643289731906586,267.34000000000003,274.4,271.94846546521984,277.34707025134475,52.43974803865435,-5.398604786124906,-6.183992926011892,12.575301767018622,274.4,7.01772192759064,288.43544385518123,260.3645561448187,3974240.0
HPPL,2023-05-21,282.0,286.0,278.0,278.0,-1.07 %,9062.0,2563670.3,-0.010676156583629859,-0.010733555643108664,270.24,274.125,272.87947077826294,277.3954354179118,50.191233032446505,-4.515964639648871,-5.850387268739288,12.248494497945863,274.125,6.7448128217435395,287.6146256434871,260.6353743565129,3965178.0
HPPL,2023-05-22,273.0,288.8,270.0,285.9,2.84 %,13469.0,3763175.1,0.028417266187050316,0.02802098563762901,275.4,274.275,274.8826291200686,278.0254031647331,55.59124044696931,-3.1427740446645203,-5.308864623924335,12.716459176664017,274.275,6.979509483619487,288.23401896723897,260.315981032761,3978647.0
HPPL,2023-05-23,280.3,301.0,280.3,292.0,2.13 %,10798.0,3136609.1,0.021336131514515744,0.021111702940015804,281.17999999999995,275.0,277.5160707939042,279.06055848586396,59.26370427705419,-1.5444876919597732,-4.555989237531423,13.286712092616588,275.0,8.009270943911439,291.0185418878229,258.9814581121771,3989445.0
HPPL,2023-05-24,296.0,296.0,286.1,291.5,-0.17 %,12614.0,3633980.6,-0.001712328767123239,-0.0017137964777346304,285.67999999999995,275.3,279.6674445179189,279.9819985980222,58.83422346648621,-0.314554080103278,-3.7077022060457945,13.044804086001117,275.3,8.519389649520162,292.3387792990403,258.2612207009597,3976831.0
HPPL,2023-05-28,285.7,295.0,280.1,281.6,-3.40 %,14121.0,4054485.3,-0.03396226415094328,-0.03455238150665961,285.8,275.325,279.96476074593136,280.10185055372426,50.9595833990263,-0.13708980779290414,-2.993579726395217,13.177318079858178,275.325,8.53801869043667,292.40103738087333,258.24896261912664,3962710.0
HPPL,2023-05-30,280.0,285.0,271.5,272.5,-3.23 %,9996.0,2740600.8,-0.03231534090909094,-0.032849010180588605,284.7,274.94500000000005,278.81633601578807,279.5387505127076,44.99771932655803,-0.722414496919555,-2.5393466805000844,13.200366788439737,274.94500000000005,8.483263709106739,291.91152741821355,257.97847258178655,3952714.0
HPPL,2023-05-31,268.0,278.7,259.1,270.0,-0.92 %,19997.0,5321566.7,-0.00917431192660545,-0.009216655104923952,281.52000000000004,274.845,277.45997662874373,278.8321764006552,43.49231879937221,-1.3721997719114825,-2.305917298782364,13.657483446408325,274.845,8.531457270492997,291.90791454098604,257.782085459014,3932717.0
HPPL,2023-06-01,270.0,285.0,260.7,270.0,0.00 %,4260.0,1162050.0,0.0,0.0,277.12,274.69500000000005,276.3122879166293,278.1779411117178,43.49231879874542,-1.8656531950884983,-2.217864478043591,14.417663200236301,274.69500000000005,8.591763191405809,291.8785263828117,257.5114736171884,3932717.0
HPPL,2023-06-04,275.0,280.7,275.0,280.0,3.70 %,14399.0,4009960.0,0.03703703703703698,0.03636764417087479,274.82000000000005,275.08500000000004,276.87962823714787,278.3129084367758,51.08405891056346,-1.4332801996279159,-2.060947622360456,14.152115828790851,275.08500000000004,8.649385436052944,292.3837708721059,257.78622912789416,3947116.0
HPPL,2023-06-05,275.3,284.0,270.1,273.2,-2.43 %,8208.0,2267789.4,-0.024285714285714355,-0.02458547547261468,273.14,274.81,276.31353158527895,277.9341744784961,46.50835013507026,-1.6206428932171661,-1.972886676531798,14.13410755530579,274.81,8.6157688968869,292.0415377937738,257.5784622062262,3938908.0
HPPL,2023-06-06,278.0,286.0,260.0,285.9,4.65 %,88734.0,23649247.5,0.04648609077598831,0.045437971631631144,275.82,275.42999999999995,277.7883728798514,278.52423562823714,54.67414515193146,-0.7358627483857276,-1.725481890902584,14.981671301355378,275.42999999999995,8.955980066286395,293.34196013257275,257.51803986742715,4027642.0
HPPL,2023-06-07,291.6,295.0,283.0,287.0,0.38 %,17253.0,4999787.5,0.0038474991255683655,0.0038401164313549745,279.21999999999997,276.13,279.20554628295116,279.15207002614545,55.310488827163226,0.053476256805709,-1.3696902613609254,14.768694779829994,276.13,9.296694375751935,294.7233887515039,257.5366112484961,4044895.0
HPPL,2023-06-08,281.5,292.0,280.0,292.0,1.74 %,13905.0,3941283.6,0.017421602787456525,0.017271586508660716,283.62,277.03,281.1739237778817,280.10376854272727,58.184231109653645,1.0701552351544592,-0.8817211620578486,14.570930866984996,277.03,9.929387536119735,296.88877507223947,257.1712249277605,4058800.0
HPPL,2023-06-11,288.0,300.0,281.3,298.0,2.05 %,96848.0,27752618.1,0.020547945205479534,0.020339684237122783,287.21999999999997,278.38,283.7625508889769,281.42941531734004,61.39256181619267,2.3331355716368307,-0.2387498153189127,14.865864376486067,278.38,10.858399610697825,300.09679922139566,256.66320077860433,4155648.0
HPPL,2023-06-12,299.9,303.0,285.2,290.2,-2.62 %,18242.0,5372836.0,-0.026174496644295386,-0.026523146055317064,290.62,279.225,284.7529276752881,282.07908825679635,55.43769265984627,2.6738394184917524,0.3437680314432203,15.07544549245135,279.225,11.097219898425935,301.4194397968519,257.0305602031481,4137406.0
HPPL,2023-06-13,286.1,299.9,285.0,295.0,1.65 %,24750.0,7244759.6,0.016540317022742945,0.016405015889732363,292.44,280.8,286.3294003406284,283.036192830367,58.129220237006905,3.293207510261425,0.9336559272068612,15.062913671561967,280.8,10.982713690173767,302.76542738034755,258.8345726196525,4162156.0
HPPL,2023-06-14,295.0,301.0,285.0,290.0,-1.69 %,67627.0,19984267.9,-0.016949152542372836,-0.017094433359300068,293.04,282.29499999999996,286.8941079805317,283.55203039848794,54.440571576737256,3.342077582043771,1.4153402581742434,15.12984840930754,282.29499999999996,10.008495075911018,302.311990151822,262.27800984817793,4094529.0
HPPL,2023-06-15,291.0,292.8,284.4,287.9,-0.72 %,40496.0,11599895.8,-0.007241379310344853,-0.007267725362389549,292.21999999999997,283.53499999999997,287.04886059891146,283.8741022208221,52.921633705805924,3.1747583780893365,1.767223882157262,14.649144951499862,283.53499999999997,8.989600717103702,301.5142014342074,265.55579856579254,4054033.0
HPPL,2023-06-18,285.0,303.9,284.0,296.0,2.81 %,27397.0,8075190.7,0.028134769017019945,0.02774625670593033,291.82,284.885,288.4259589683097,284.7723168711316,57.81114526722033,3.6536420971781354,2.144507525161437,15.024206026392728,284.885,8.71509730599413,302.31519461198826,267.4548053880117,4081430.0
HPPL,2023-06-19,292.0,300.0,286.0,291.0,-1.69 %,38591.0,11231276.6,-0.016891891891891886,-0.017036187152567852,291.97999999999996,285.385,288.82196528087746,285.2336267325292,54.077521589293845,3.588338548348247,2.433273729798799,14.951048453078961,285.385,8.76718012639946,302.9193602527989,267.85063974720106,4042839.0
HPPL,2023-06-20,296.7,302.0,285.0,289.5,-0.52 %,124915.0,35994813.8,-0.005154639175257714,-0.005167970158442561,290.88,285.96,288.9262783145886,285.5496543819715,52.97223922880078,3.3766239326171217,2.6219437703624635,15.097402135001893,285.96,8.63343561547928,303.2268712309585,268.69312876904144,3917924.0
HPPL,2023-06-21,284.2,295.0,280.0,281.0,-2.94 %,17323.0,4919248.9,-0.029360967184801412,-0.0298006276793042,289.08,285.71500000000003,287.706850881575,285.2126429462699,47.09776373756744,2.4942079353050985,2.596396603350991,15.090444839644615,285.71500000000003,8.704461953219631,303.1239239064393,268.30607609356076,3900601.0
HPPL,2023-06-22,279.2,283.0,271.6,272.0,-3.20 %,27799.0,7660779.2,-0.03202846975088969,-0.03255260303774846,285.9,284.71500000000003,285.2904122844096,284.2339286539536,41.81067920433401,1.0564836304560004,2.288414008771993,14.826841636812857,284.71500000000003,9.084936925905636,302.8848738518113,266.5451261481888,3872802.0
HPPL,2023-06-25,272.0,285.6,271.0,274.3,0.85 %,18497.0,5092536.8,0.008455882352941257,0.00842033164756031,281.56000000000006,283.855,283.5995796252697,283.49808208699415,43.55455238484751,0.10149753827556651,1.8510307146727076,14.810638662754798,283.855,9.221911835137854,302.29882367027574,265.4111763297243,3891299.0
HPPL,2023-06-26,279.7,282.0,270.0,276.0,0.62 %,26582.0,7308990.0,0.00619759387531893,0.00617846777359239,278.56000000000006,283.575,282.4304135290744,282.94266859906867,44.869679986290436,-0.5122550699942963,1.378373557739307,14.609878758272313,283.575,9.377682072503388,302.33036414500674,264.81963585499324,3917881.0
HPPL,2023-06-27,271.6,295.0,271.6,285.0,3.26 %,26534.0,7519953.8,0.032608695652173836,0.03208831455150045,277.66,284.2,282.8257345246014,283.0950635176562,51.33426340644618,-0.26932899305478486,1.0488330475804888,15.23774456125286,284.2,9.01005286509998,302.2201057302,266.1798942698,3944415.0
HPPL,2023-06-28,280.0,283.5,271.5,274.9,-3.54 %,22422.0,6194506.5,-0.03543859649122816,-0.03608178509745059,276.44,284.445,281.60639075158576,282.4880217756076,44.96244361399091,-0.8816310240218286,0.6627402332600254,15.1136199497348,284.445,8.663564053296982,301.772128106594,267.117871893406,3921993.0
HPPL,2023-07-02,270.1,280.3,267.6,269.0,-2.15 %,21511.0,5843363.3,-0.02146234994543461,-0.02169601556936083,275.84000000000003,284.395,279.6669460205726,281.4889090514885,41.705816049282504,-1.8219630309159243,0.1657995804248355,14.941218524753742,284.395,8.753734541403988,301.90246908280795,266.887530917192,3900482.0
HPPL,2023-07-03,272.0,275.0,264.0,264.0,-1.86 %,13472.0,3617968.2,-0.018587360594795488,-0.01876227645552289,273.78000000000003,283.59499999999997,277.2566466327922,280.1934343069338,39.119876661048,-2.9367876741416126,-0.45471787048845413,14.659702915842761,283.59499999999997,9.840222237557967,303.27544447511593,263.914555524884,3887010.0
HPPL,2023-07-04,264.0,274.3,261.3,270.0,2.27 %,6673.0,1783097.0,0.022727272727272707,0.022472855852058576,272.58000000000004,283.435,276.1402394585165,279.4383650990128,43.636227779683885,-3.2981256404963233,-1.023399424490028,14.541152707568278,283.435,10.042083816058373,303.51916763211676,263.35083236788324,3893683.0
HPPL,2023-07-05,265.0,269.0,263.0,263.0,-2.59 %,7680.0,2032885.0,-0.025925925925925908,-0.026267926820610188,268.18,282.29,274.11866415720624,278.2207084250118,39.91583442277216,-4.1020442678055815,-1.6391283931531389,14.002498942741973,282.29,11.005544057443275,304.30108811488657,260.2789118851135,3886003.0
HPPL,2023-07-06,267.0,278.0,260.0,268.0,1.90 %,17998.0,4761330.3,0.019011406844106515,0.018832948333092178,266.8,281.34000000000003,273.17733120994376,277.463618912048,43.61386609232183,-4.286287702104232,-2.1685602549433574,14.28803473254612,281.34000000000003,11.39087353982691,304.12174707965386,258.5582529203462,3904001.0
HPPL,2023-07-09,263.2,271.3,263.2,265.0,-1.12 %,4819.0,1282539.0,-0.011194029850746245,-0.011257154524634447,266.0,279.99,271.9192802545678,276.54038788152593,41.94571964236762,-4.621107626958121,-2.65906972934631,13.846032251649971,279.99,11.657836758810406,303.30567351762085,256.6743264823792,3899182.0
HPPL,2023-07-10,270.0,275.0,262.1,267.0,0.75 %,21647.0,5715188.5,0.007547169811320753,0.007518832414027319,266.6,278.44,271.16246790771123,275.8336924828944,43.49729284397599,-4.671224575183146,-3.0615006985136772,13.778458519389257,278.44,11.188640856282184,300.81728171256435,256.06271828743564,3920829.0
HPPL,2023-07-11,262.0,293.7,258.0,293.7,10.00 %,47846.0,13308961.3,0.09999999999999987,0.09531017980432474,271.34000000000003,278.615,274.6297805372941,277.1571226693466,59.18145942215719,-2.5273421320525244,-2.9546689852214465,15.344282910861454,278.615,11.407489460429652,301.4299789208593,255.80002107914072,3968675.0
HPPL,2023-07-12,287.9,309.0,278.0,309.0,5.21 %,107843.0,31302121.9,0.052093973442288055,0.050782438693171075,280.54,279.315,279.9175066084796,279.5158543234691,65.15107574558078,0.4016522850104707,-2.283404731175063,16.462548417228493,279.315,12.809259603087304,304.9335192061746,253.6964807938254,4076518.0
HPPL,2023-07-13,309.0,309.0,291.0,291.0,-5.83 %,41421.0,12191819.7,-0.058252427184465994,-0.06001800972625292,285.14,279.365,281.6225055917904,280.36653178098993,54.966305203469844,1.2559738108004694,-1.5755290227799568,16.57236638742646,279.365,12.855032805146372,305.07506561029277,253.65493438970725,4035097.0
HPPL,2023-07-16,295.0,296.8,281.6,285.9,-1.75 %,12709.0,3633701.7,-0.017525773195876337,-0.017681167843226445,289.32,279.265,282.28058165459186,280.7764183157314,52.46381778110354,1.504163338860451,-0.9595905504518751,16.474340216895996,279.265,12.79277242493302,304.850544849866,253.67945515013395,4022388.0
HPPL,2023-07-17,284.0,300.0,284.0,289.0,1.08 %,11553.0,3361066.7,0.010842952081147272,0.010784588784166058,293.71999999999997,278.915,283.3143383231162,281.3855725145661,53.83951211831701,1.9287658085501107,-0.381919278651478,16.440458772832,278.915,12.40056344222105,303.71612688444213,254.1138731155579,4033941.0
HPPL,2023-07-18,294.0,294.6,280.0,284.9,-1.42 %,8938.0,2554322.5,-0.01418685121107277,-0.014288446608569658,291.96,278.61,283.558286273406,281.64590047645004,51.70812052118046,1.9123857969559594,0.07694173647000951,16.30899743191543,278.61,12.160371358609373,302.9307427172188,254.28925728278128,4025003.0
HPPL,2023-07-19,290.0,290.0,278.0,280.0,-1.72 %,13730.0,3839449.2,-0.017199017199017175,-0.017348638334612976,286.15999999999997,278.135,283.0108576159589,281.52398192263894,49.201232021539774,1.4868756933199734,0.3589285278400023,16.001211901064327,278.135,11.895256684043817,301.92551336808765,254.34448663191236,4011273.0
HPPL,2023-07-20,285.6,289.0,264.3,284.0,1.43 %,134398.0,36071950.5,0.014285714285714235,0.014184634991956381,284.76,278.28499999999997,283.16303336734984,281.7073906691101,51.277825670588506,1.4556426982397284,0.5782713619199475,16.62255390813116,278.28499999999997,11.952065445829593,302.18913089165915,254.3808691083408,4145671.0
HPPL,2023-07-23,285.0,296.9,278.7,291.0,2.46 %,21428.0,6132763.1,0.02464788732394374,0.02434902901028655,285.78000000000003,279.235,284.3687205416037,282.3957321010279,54.762928200209814,1.9729884405758185,0.8572147776511218,16.735228628978934,279.235,12.179157130991857,303.5933142619837,254.8766857380163,4167099.0
HPPL,2023-07-24,290.0,295.0,280.0,282.0,-3.09 %,25433.0,7312954.7,-0.030927835051546393,-0.03141619623337893,284.38,279.62,284.00430199674156,282.3664186120629,49.827889698509395,1.6378833846786733,1.0133484990566322,16.61128372690901,279.62,12.136573694950611,303.89314738990123,255.34685261009878,4141666.0
HPPL,2023-07-25,286.9,286.9,274.6,278.0,-1.42 %,15598.0,4314851.9,-0.014184397163120588,-0.014285957247476541,283.0,279.71999999999997,283.0805632280121,282.04298019635456,47.767549159310825,1.0375830316575616,1.018195405576818,16.30333488927265,279.71999999999997,12.113394065653475,303.9467881313069,255.493211868693,4126068.0
HPPL,2023-07-26,282.9,285.0,267.6,272.4,-2.01 %,29192.0,7905304.2,-0.020143884892086406,-0.02034953941527984,281.47999999999996,279.09,281.4373996544718,281.32868536699493,44.96438889814759,0.10871428747685741,0.8362991819568261,16.381668111467462,279.09,12.151928588557055,303.3938571771141,254.78614282288586,4096876.0
HPPL,2023-07-27,269.2,275.0,262.8,271.0,-0.51 %,30034.0,7983908.6,-0.0051395007342143195,-0.005152753395656329,278.88,278.895,279.83164586147615,280.5635975620323,44.26502949458334,-0.7319517005561806,0.5226490054542248,16.082977532076928,278.895,12.253569834319666,303.40213966863934,254.38786033136066,4066842.0
HPPL,2023-07-30,265.6,274.0,260.5,265.1,-2.18 %,31284.0,8208953.9,-0.02177121771217705,-0.02201170758472097,273.7,278.7,277.5652388058644,279.4181458907707,41.34640554064866,-1.8529070849062919,0.047537787382121444,15.898479136928575,278.7,12.448800407239506,303.597600814479,253.80239918552098,4035558.0
HPPL,2023-07-31,262.2,272.0,262.2,262.7,-0.91 %,11050.0,2929204.0,-0.00905318747642414,-0.009094416603485825,269.84,278.635,275.2782789895776,278.1797647136766,40.185672001906305,-2.901485724099018,-0.5422669149141065,15.46287348429082,278.635,12.532705634724499,303.700411269449,253.569588730551,4024508.0
HPPL,2023-08-01,261.1,267.0,249.0,254.2,-3.24 %,59010.0,14993627.7,-0.03235629996193379,-0.03289133793614053,265.08,277.84499999999997,272.03546683733487,276.40348584599684,36.29896839617533,-4.368019008661975,-1.3074173336636803,15.644096806841478,277.84499999999997,13.56141876603296,304.9678375320659,250.72216246793406,3965498.0
HPPL,2023-08-02,252.0,260.0,245.1,253.0,-0.47 %,75267.0,18714193.9,-0.00472069236821393,-0.004731870027833365,261.2,277.34499999999997,269.10693347774486,274.66989430184896,35.7729368520022,-5.5629608241040955,-2.1585260317517636,15.59094703492423,277.34499999999997,14.301692023574923,305.94838404714983,248.7416159528501,3890231.0
HPPL,2023-08-03,258.0,260.0,252.2,256.7,1.46 %,6130.0,1571476.0,0.01462450592885367,0.014518599149574407,258.34000000000003,276.78000000000003,267.19817448116873,273.33879102023053,38.72163187982538,-6.140616539061796,-2.95494413321377,15.034450818143931,276.78000000000003,14.900957228182898,306.58191445636584,246.97808554363422,3896361.0
HPPL,2023-08-06,252.1,257.0,247.1,252.0,-1.83 %,5757.0,1435143.0,-0.018309310479158514,-0.01847900036567138,255.71999999999997,276.13,264.85999379175814,271.7581398335468,36.43343826674355,-6.898146041788664,-3.7435845149287488,14.66770433113365,276.13,15.70377426977791,307.5375485395558,244.72245146044418,3890604.0
HPPL,2023-08-07,247.0,257.0,243.0,247.0,-1.98 %,7385.0,1834003.9,-0.019841269841269882,-0.020040750883446153,252.58,275.13,262.11230243918,269.9242035495804,34.12325517580295,-7.811901110400413,-4.557247834023082,14.620011164624104,275.13,16.906495170428485,308.94299034085697,241.31700965914303,3883219.0
HPPL,2023-08-08,251.9,264.0,235.0,248.0,0.40 %,11616.0,2810691.4,0.004048582995951344,0.004040409537004906,251.33999999999997,272.84499999999997,259.94117898699847,268.3001884718337,35.010823824057354,-8.359009484835212,-5.317600164185508,15.647153224293811,272.84499999999997,17.34712095027645,307.5392419005529,238.15075809944707,3894835.0
HPPL,2023-08-09,243.1,255.0,234.0,253.0,2.02 %,8309.0,2047403.7,0.02016129032258074,0.01996074256253815,251.33999999999997,270.04499999999996,258.873305296691,267.1668411776238,39.40673458479195,-8.29353588093278,-5.912787307534963,16.029499422558537,270.04499999999996,15.639641771383882,301.3242835427677,238.7657164572322,3903144.0
HPPL,2023-08-10,248.1,257.0,247.1,254.0,0.40 %,5226.0,1309293.0,0.0039525691699604515,0.003944778291016325,250.8,268.195,258.123566020277,266.19151960891094,40.276827009313244,-8.06795358863394,-6.3438205637547584,15.591678035232928,268.195,15.212961059928704,298.6209221198574,237.7690778801426,3908370.0
HPPL,2023-08-13,249.0,252.0,245.0,250.0,-1.57 %,3215.0,798189.8,-0.015748031496062964,-0.01587334915629012,250.4,266.4,256.8737866325421,264.9921477860286,37.930572589526676,-8.118361153486546,-6.698728681701116,15.120843889859147,266.4,15.131702516670735,296.66340503334146,236.1365949666585,3905155.0
HPPL,2023-08-14,250.0,250.0,235.5,248.0,-0.80 %,20259.0,4875271.5,-0.008000000000000007,-0.008032171697264267,250.6,264.35,255.50858868907406,263.7334701722487,36.77698477003775,-8.224881483174642,-7.003959241995821,15.076497897726352,264.35,14.679290818965482,293.708581637931,234.99141836206906,3884896.0
HPPL,2023-08-15,248.0,248.0,239.0,244.0,-1.61 %,67987.0,16798870.0,-0.016129032258064502,-0.01626052087178029,249.8,262.305,253.73803658306267,262.271731640971,34.51600603271879,-8.533695057908318,-7.30990640517832,14.64246233360304,262.305,14.513749379572303,291.33249875914464,233.2775012408554,3816909.0
HPPL,2023-08-16,239.3,242.0,234.5,234.5,-3.89 %,9894.0,2337826.8,-0.03893442622950816,-0.03971263740686777,246.1,260.03000000000003,250.77833864720685,260.2145663342324,29.826090818682843,-9.436227687025564,-7.7351706615477696,14.275143595488538,260.03000000000003,15.146342271681926,290.3226845433639,229.73731545663617,3807015.0
HPPL,2023-08-17,235.0,243.0,232.0,243.0,3.62 %,11426.0,2737706.0,0.036247334754797356,0.03560585545421432,243.9,257.98,249.58167116302118,258.93941327243743,37.95001960183753,-9.35774210941625,-8.059684951121467,14.041204767239359,257.98,14.491798043263506,286.96359608652705,228.99640391347302,3818441.0
HPPL,2023-08-20,238.3,243.0,233.7,242.7,-0.12 %,10235.0,2447526.2,-0.0012345679012346622,-0.0012353306079928546,242.44,255.565,248.52295252255638,257.7364937707754,37.78376156696401,-9.213541248219002,-8.290456210540974,13.702547283865119,255.565,12.600638037329606,280.76627607465923,230.3637239253408,3808206.0
HPPL,2023-08-21,237.9,242.0,228.7,228.7,-5.77 %,9485.0,2239450.0,-0.057684384013184986,-0.05941501170382022,238.58,252.9,245.47326751908616,255.5856423803476,30.96593049989596,-10.11237486126143,-8.654839940685065,13.723793906446183,252.9,12.349344751439771,277.59868950287955,228.20131049712046,3798721.0
HPPL,2023-08-22,230.0,238.0,229.0,234.1,2.36 %,8131.0,1885976.5,0.023611718408395266,0.023337273468129614,236.6,250.70499999999998,243.72353405461138,253.99411331513664,35.779478216509915,-10.270579260525267,-8.977987804653106,13.407808627414314,250.70499999999998,11.527289132197986,273.75957826439594,227.65042173560403,3806852.0
HPPL,2023-08-23,234.1,242.0,234.0,239.9,2.48 %,4653.0,1108970.5,0.024775736864587783,0.024473795348783807,237.68,249.08,243.13529804620964,252.95010492142282,40.57248754983951,-9.81480687521318,-9.14535161876512,13.021536582599005,249.08,10.55799023939645,270.19598047879293,227.96401952120712,3811505.0
HPPL,2023-08-24,235.2,242.8,230.0,234.6,-2.21 %,9362.0,2192477.3,-0.02209253855773241,-0.022340233626273825,236.0,247.26,241.8221752698697,251.5908378902063,37.796493593364524,-9.768662620336613,-9.27001381907942,13.00571254098479,247.26,9.681474441885484,266.62294888377096,227.89705111622902,3802143.0
HPPL,2023-08-27,231.0,235.0,225.5,228.0,-2.81 %,5935.0,1350038.5,-0.028132992327365658,-0.028536307264934245,233.06,245.40499999999997,239.6956867668128,249.8433684168577,34.619874652860204,-10.147681650044888,-9.445547385272514,12.75530450234302,245.40499999999997,9.63750759439632,264.6800151887926,226.12998481120732,3796208.0
HPPL,2023-08-28,225.0,237.1,223.5,232.5,1.97 %,3660.0,835470.0,0.019736842105263053,0.01954459607297013,233.82,243.89499999999998,238.588658033457,248.55867446005342,38.420071150692564,-9.97001642659643,-9.550441193537297,12.815639895032804,243.89499999999998,9.138033590177395,262.1710671803548,225.61893281964518,3799868.0
HPPL,2023-08-29,227.9,231.0,226.5,231.0,-0.65 %,3230.0,735331.0,-0.006451612903225823,-0.006472514505617479,233.2,242.73499999999999,237.4211721821559,247.25803190745688,37.6348111525992,-9.836859725300968,-9.607724899890032,12.328808473959032,242.73499999999999,9.23307983060759,261.2011596612152,224.2688403387848,3796638.0
HPPL,2023-08-30,234.0,234.0,223.5,228.0,-1.30 %,2266.0,509245.2,-0.012987012987012991,-0.013072081567352775,230.82,241.48499999999999,235.97176107720884,245.83151102542303,36.04790928871085,-9.859749948214187,-9.658129909554862,12.198179297247673,241.48499999999999,9.459736003908386,260.40447200781676,222.5655279921832,3794372.0
HPPL,2023-09-03,223.9,223.9,220.0,220.0,-3.51 %,2914.0,648541.0,-0.03508771929824561,-0.03571808260207923,227.9,239.65,233.51456706533054,243.91806576428058,32.15429652309582,-10.403498698950045,-9.8072036674339,11.898309347444268,239.65,9.90217945177861,259.45435890355725,219.8456410964428,3791458.0
HPPL,2023-09-04,223.0,223.0,217.0,220.0,0.00 %,2770.0,610078.0,0.0,0.0,226.3,238.05,231.43540290143352,242.1463571891487,32.154296522628286,-10.710954287715168,-9.987953791490154,11.477001536912535,238.05,10.375603977370792,258.8012079547416,217.29879204525844,3791458.0
HPPL,2023-09-05,216.0,220.3,212.0,214.0,-2.73 %,7167.0,1538534.2,-0.027272727272727226,-0.02765153133051001,222.6,236.4,228.7530332242899,240.06144184180434,29.392801368154238,-11.30840861751443,-10.25204475669501,11.250072855704499,236.4,11.446120924183369,259.29224184836676,213.50775815163325,3784291.0
HPPL,2023-09-07,214.0,214.0,211.0,211.0,-1.40 %,5772.0,1227836.0,-0.014018691588784993,-0.014117881545784932,218.6,234.55,226.0217973436299,237.90874244611513,28.09362605878333,-11.886945102485214,-10.579024825853052,10.660781937439891,234.55,12.421140722277253,259.3922814445545,209.7077185554455,3778519.0
HPPL,2023-09-10,215.0,215.0,211.1,215.0,1.90 %,5015.0,1072538.0,0.018957345971563955,0.018779894651596275,216.0,232.65,224.3261362138407,236.2117985612177,32.38497111248637,-11.885662347377007,-10.840352330157843,10.18501179905133,232.65,12.356566547492935,257.36313309498587,207.93686690501414,3783534.0
HPPL,2023-09-11,214.0,227.0,214.0,223.0,3.72 %,3980.0,875121.0,0.037209302325581506,0.03653374333245607,216.6,231.1,224.12211525786518,235.23314681594235,40.08631879854453,-11.111031558077173,-10.89448817574171,10.386082384833378,231.1,11.448419794451798,253.99683958890358,208.2031604110964,3787514.0
HPPL,2023-09-12,219.1,224.4,212.3,212.3,-4.80 %,9724.0,2094323.5,-0.04798206278026895,-0.049171402750908234,215.06,229.215,222.3033282951167,233.53439519994663,34.43665140194847,-11.23106690482993,-10.961803921559355,10.508505071630994,229.215,11.275090150205719,251.76518030041143,206.66481969958858,3777790.0
HPPL,2023-09-13,213.1,224.0,213.1,224.0,5.51 %,12274.0,2706501.4,0.05511069241639177,0.05364568314582932,217.06,228.01499999999996,222.56435471125258,232.82814370365426,43.76896915712453,-10.263788992401686,-10.822200935727821,10.593611852228781,228.01499999999996,10.41493234687616,248.84486469375227,207.18513530624764,3790064.0
HPPL,2023-09-17,227.0,227.0,210.0,210.5,-6.03 %,6917.0,1470808.5,-0.060267857142857095,-0.06216039873260369,216.95999999999998,226.33999999999997,220.70830014029065,231.1742071330132,37.190909855717436,-10.465906992722552,-10.750942147126768,11.05121100564101,226.33999999999997,10.402651483889903,247.14530296777977,205.53469703222018,3783147.0
HPPL,2023-09-18,214.7,222.0,213.7,216.0,2.61 %,2955.0,640494.6,0.026128266033254244,0.02579275456172898,217.16,225.41499999999996,219.98394627255362,230.05019178982704,41.07630374212846,-10.066245517273416,-10.614002821156097,11.083267362380937,225.41499999999996,10.461220367600085,246.33744073520012,204.4925592647998,3786102.0
HPPL,2023-09-19,214.0,229.0,214.0,229.0,6.02 %,14810.0,3304319.0,0.06018518518518512,0.05844359587007458,218.35999999999999,224.71499999999997,221.3710314613915,229.9723998053954,49.09236166243376,-8.601368344003902,-10.211475925725658,11.363033979353727,224.71499999999997,9.660351688079905,244.03570337615977,205.39429662384018,3800912.0
HPPL,2023-09-21,232.0,247.1,229.3,239.0,4.37 %,21271.0,5089555.4,0.04366812227074246,0.042741548377271114,223.7,224.52999999999997,224.0831804673313,230.64111093092168,54.24842501162726,-6.557930463590395,-9.480766833298606,11.844245837971318,224.52999999999997,9.327497549014026,243.18499509802803,205.87500490197192,3822183.0
HPPL,2023-09-24,234.7,243.6,230.2,236.9,-0.88 %,13339.0,3156811.8,-0.00878661087866106,-0.008825440766770862,226.28000000000003,224.94,226.05499885697265,231.10473234344602,53.03366383299707,-5.049733486473372,-8.59456016393356,11.955371135259082,224.94,9.693481260512849,244.3269625210257,205.5530374789743,3808844.0
HPPL,2023-09-25,232.2,238.5,228.0,238.0,0.46 %,8475.0,1998055.0,0.004643309413254526,0.0046325625067349056,231.78000000000003,225.13500000000005,227.8926913405153,231.61549291059816,53.61952809499501,-3.7228015700828507,-7.620208445163418,11.851416054169148,225.13500000000005,9.923935711225894,244.98287142245184,205.28712857754826,3817319.0
HPPL,2023-09-26,235.0,246.8,235.0,246.0,3.36 %,20636.0,4961660.0,0.03361344537815136,0.03306086226088821,237.78000000000003,225.44,230.6784311342822,232.68101195425757,57.747569164867095,-2.0025808199753783,-6.496682920125811,11.847743478871353,225.44,10.47977500765497,246.39955001530993,204.48044998469007,3837955.0
HPPL,2023-09-27,244.0,244.0,226.1,238.0,-3.25 %,12769.0,2978212.1,-0.03252032520325199,-0.033060862260888065,239.58,225.61000000000004,231.8048263443926,233.075011068757,52.696585058173234,-1.270184724364384,-5.451383280973526,12.422904658951971,225.61000000000004,10.662176138131594,246.93435227626324,204.28564772373684,3825186.0
HPPL,2023-10-01,233.3,233.3,225.6,228.0,-4.20 %,7079.0,1615550.4,-0.04201680672268904,-0.042925044717033886,237.38000000000002,225.61000000000004,231.2194684452553,232.69908432292314,47.145507379774024,-1.4796158776678396,-4.657029800312389,12.421268611883974,225.61000000000004,10.662176138131594,246.93435227626324,204.28564772373684,3818107.0
HPPL,2023-10-02,224.0,241.3,221.0,231.0,1.32 %,4697.0,1072653.6,0.013157894736842035,0.0130720815673527,236.2,225.53500000000003,231.18570406906218,232.57322622492885,48.885102824882026,-1.3875221558666624,-4.003128271423244,12.984035139606549,225.53500000000003,10.61633671582156,246.76767343164315,204.3023265683569,3822804.0
HPPL,2023-10-03,234.6,234.6,226.0,229.0,-0.87 %,2238.0,512994.5,-0.008658008658008698,-0.008695706967553932,234.4,225.43500000000003,230.84944190459106,232.30854280086004,47.756624044994545,-1.4591008962689784,-3.494322796392391,12.670889772491796,225.43500000000003,10.571474776392924,246.57794955278587,204.2920504472142,3820566.0
HPPL,2023-10-04,233.5,243.0,229.2,232.9,1.70 %,7501.0,1762366.0,0.017030567685589526,0.016887173336055668,231.77999999999997,225.68,231.16491238080783,232.3523544452408,50.172131955014706,-1.1874420644329575,-3.0329466500005045,12.76582621731381,225.68,10.690162718495491,247.06032543699098,204.29967456300903,3828067.0
HPPL,2023-10-05,234.0,237.5,225.5,233.0,0.04 %,4716.0,1098256.0,0.0004293688278231844,0.0004292766754053381,230.77999999999997,226.33,231.44723355299124,232.40032819003778,50.235667313935565,-0.9530946370465472,-2.6169762474097134,12.711124344648539,226.33,10.721797767583615,247.77359553516723,204.8864044648328,3832783.0
HPPL,2023-10-08,233.0,233.0,220.8,224.0,-3.86 %,2795.0,626990.0,-0.03862660944206009,-0.03939240171066072,229.97999999999996,226.53000000000003,230.30150531406952,231.77808165744239,44.71010966499536,-1.4765763433728694,-2.3888962666023446,12.674615462887928,226.53000000000003,10.6344574008769,247.79891480175382,205.26108519824623,3829988.0
HPPL,2023-10-09,221.0,243.3,219.8,233.8,4.38 %,6199.0,1384969.0,0.043749999999999956,0.04281999718292814,230.54000000000002,227.52000000000004,230.83973526575113,231.92785338652072,51.02681396375738,-1.0881181207695931,-2.1287406374357944,13.447857215538791,227.52000000000004,10.323687631671389,248.16737526334282,206.87262473665726,3836187.0
HPPL,2023-10-10,230.0,234.0,221.1,222.2,-4.96 %,5684.0,1271163.8,-0.04961505560307966,-0.05088817183243853,229.17999999999998,228.08,229.51054522486635,231.20727165418586,44.54025833445203,-1.6967264293195115,-2.042337795812538,13.408724557286021,228.08,9.663038641649266,247.40607728329854,208.75392271670148,3830503.0
HPPL,2023-10-11,217.8,229.0,217.8,227.0,2.16 %,5299.0,1196005.0,0.021602160216021682,0.02137214027587313,228.0,228.68,229.12430749796385,230.89562190202395,47.5135066673616,-1.7713144040600923,-1.988133117462049,13.250958517479877,228.68,9.167999265207577,247.01599853041517,210.34400146958484,3835802.0
HPPL,2023-10-12,222.5,227.0,218.5,219.0,-3.52 %,8286.0,1823947.6,-0.03524229074889873,-0.035878287664901906,225.2,228.48000000000002,227.56672172904632,230.01446472409626,43.34285175216973,-2.4477429950499356,-2.0800550929796264,12.911604337659886,228.48000000000002,9.34043839839522,247.16087679679046,209.79912320320958,3827516.0
HPPL,2023-10-16,223.0,223.0,206.8,218.7,-0.14 %,5633.0,1198354.8,-0.00136986301369868,-0.0013708021337787146,224.14000000000001,228.8,226.20261069380842,229.17635622601503,43.189748716090676,-2.973745532206607,-2.258793180825023,13.14648974211275,228.8,8.853901905256173,246.50780381051237,211.09219618948765,3821883.0
HPPL,2023-10-17,218.7,231.0,215.0,219.0,0.14 %,1580.0,346211.0,0.00137174211248281,0.0013708021337786216,221.18,228.55,225.0945167409148,228.42255206112503,43.405041141261556,-3.3280353202102333,-2.472641608702065,13.350311903390411,228.55,9.064650833726223,246.67930166745245,210.42069833254757,3823463.0
HPPL,2023-10-18,223.3,226.0,214.9,220.0,0.46 %,2884.0,636798.4,0.004566210045662045,0.004555816535860661,220.74,229.025,224.3107449346202,227.79865931585653,44.16462358333825,-3.4879143812363225,-2.675696163208917,13.189575338862525,229.025,8.284346367539909,245.59369273507983,212.45630726492018,3826347.0
HPPL,2023-10-19,220.0,224.0,215.5,223.0,1.36 %,750.0,164752.0,0.013636363636363669,0.013544225107757253,219.94,229.375,224.10909186775558,227.44320307023753,46.48510341244164,-3.3341112024819495,-2.8073791710635234,12.854605671800917,229.375,7.841111293453097,245.0572225869062,213.6927774130938,3827097.0
HPPL,2023-10-29,218.6,222.8,211.0,222.0,-0.45 %,10820.0,2344166.0,-0.004484304932735439,-0.004494389587839326,220.54000000000002,229.025,223.78461619579318,227.04000284281256,45.801798860661016,-3.255386647019378,-2.8969806662546946,12.793562409529423,229.025,8.013073199827437,245.05114639965487,212.99885360034514,3816277.0
HPPL,2023-10-30,217.6,220.0,208.0,220.0,-0.90 %,12010.0,2556709.0,-0.009009009009009028,-0.009049835519917927,220.8,228.075,223.20236755028654,226.51852115075238,44.39620127419139,-3.3161536004658387,-2.9808152530969236,12.879736523134465,228.075,7.893626676363427,243.86225335272684,212.28774664727314,3804267.0
HPPL,2023-10-31,224.4,233.3,208.0,213.0,-3.18 %,24284.0,5150170.8,-0.03181818181818186,-0.032335380642936465,219.6,226.87999999999997,221.63277254255016,225.5171492136596,39.7932098354523,-3.884376671109436,-3.1615275366994267,13.766898200053433,226.87999999999997,8.286615714544613,243.4532314290892,210.30676857091075,3779983.0
HPPL,2023-11-01,209.1,213.2,203.9,209.5,-1.64 %,12496.0,2595282.5,-0.016431924882629123,-0.016568426347232705,217.5,225.45499999999998,219.7661921513886,224.33069371635148,37.68911650264217,-4.564501564962882,-3.4421223423521177,13.447834042906758,225.45499999999998,8.713237056372515,242.88147411274502,208.02852588725494,3767487.0
HPPL,2023-11-02,209.0,209.0,202.7,202.7,-3.25 %,3183.0,651878.0,-0.03245823389021485,-0.03299668590423813,213.44,223.28999999999996,217.140624128098,222.72842010773286,33.93483120094227,-5.587795979634848,-3.8712570698086637,12.972988754127703,223.28999999999996,8.719119945965323,240.7282398919306,205.85176010806933,3764304.0
HPPL,2023-11-05,203.0,205.0,199.0,203.0,0.15 %,8500.0,1720544.3,0.0014800197335964604,0.0014789255838329929,209.64000000000001,221.53999999999996,214.965143493006,221.2670556553082,34.24602458523454,-6.301912162302216,-4.357388088307374,12.474918128832869,221.53999999999996,9.114730703099887,239.76946140619975,203.31053859380017,3772804.0
HPPL,2023-11-06,199.0,208.5,199.0,207.8,2.36 %,10981.0,2251432.0,0.02364532019704435,0.0233700996233397,207.2,220.52999999999997,213.8628137248512,220.26949597713724,39.18222727931132,-6.406682252286032,-4.767246921103106,12.262423976773379,220.52999999999997,9.473347654870244,239.47669530974045,201.5833046902595,3783785.0
HPPL,2023-11-07,203.7,211.5,203.1,208.8,0.48 %,10350.0,2122106.3,0.004812319538017418,0.004800777343356729,206.35999999999999,219.42,213.08391930564332,219.41990368253448,40.189602135831784,-6.335984376891162,-5.080994412260717,11.986536549860995,219.42,9.482593471616005,238.385186943232,200.454813056768,3794135.0
HPPL,2023-11-08,204.7,209.0,201.0,201.0,-3.74 %,8275.0,1686338.0,-0.03735632183908055,-0.038071947949408,204.66000000000003,218.01999999999998,211.22485479708283,218.05546637271712,35.280772421347635,-6.830611575634293,-5.430917844935432,11.701783939156638,218.01999999999998,10.04409226731095,238.10818453462187,197.9318154653781,3785860.0
HPPL,2023-11-09,203.0,209.0,202.0,204.9,1.94 %,7038.0,1434158.6,0.0194029850746269,0.01921714718577835,205.1,216.61999999999998,210.25180021291624,217.08098738214548,39.27460017417815,-6.829187169229243,-5.710571709794195,11.43737080064545,216.61999999999998,9.80953349395361,236.2390669879072,197.00093301209276,3792898.0
HPPL,2023-11-20,206.5,207.0,201.0,205.0,0.05 %,4219.0,856539.1,0.00048804294777937685,0.00048792389355408,205.5,215.21999999999997,209.44383094939067,216.1860994279125,39.37790177286767,-6.742268478521822,-5.916911063539721,11.048987172027918,215.21999999999997,9.335365693542002,233.89073138708397,196.54926861291597,3797117.0
HPPL,2023-11-21,202.0,202.0,199.0,199.0,-2.93 %,4940.0,989985.0,-0.029268292682926855,-0.02970515441391581,203.74,213.96999999999997,207.83708772640747,214.9130550258449,35.478177524850736,-7.075967299437423,-6.148722310719262,10.688345231168782,213.96999999999997,9.761853792916126,233.49370758583223,194.44629241416771,3792177.0
HPPL,2023-11-22,202.0,207.5,199.0,202.0,1.51 %,3810.0,772199.0,0.015075376884422065,0.01496287267671232,202.38,212.38000000000002,206.93907423003708,213.95653243133788,38.74465741058324,-7.017458201300798,-6.322469488835569,10.53203485751387,212.38000000000002,8.915013947538354,230.21002789507673,194.5499721049233,3795987.0
HPPL,2023-11-23,202.0,210.0,200.5,206.0,1.98 %,5121.0,1050476.4,0.01980198019801982,0.019608471388376337,203.38,211.57,206.79460127156983,213.3671596586462,42.89577489507445,-6.572558387076356,-6.372487268483726,10.458318081977165,211.57,8.709408101259244,228.98881620251848,194.1511837974815,3801108.0
HPPL,2023-11-26,207.8,212.0,203.7,212.0,2.91 %,10070.0,2111258.4,0.029126213592232997,0.02871010588243136,204.8,210.82,207.59543184517446,213.26588857282053,48.53019841483377,-5.670456727646069,-6.232081160316195,10.304152504693082,210.82,7.920898407349142,226.66179681469828,194.9782031853017,3811178.0
HPPL,2023-11-27,212.0,212.0,208.0,210.0,-0.94 %,7430.0,1559739.0,-0.009433962264150941,-0.00947874395454377,205.8,210.36999999999998,207.9653654074553,213.02397090075974,46.87007519188238,-5.058605493304441,-5.997386026913844,9.853855897215006,210.36999999999998,7.683824431579458,225.73764886315888,195.00235113684107,3803748.0
HPPL,2023-11-28,211.0,212.2,206.2,209.0,-0.48 %,1143.0,236878.6,-0.004761904761904745,-0.00477327875265766,207.8,209.885,208.1245399601545,212.72589898218496,46.02235642568187,-4.601359022030465,-5.718180625937169,9.578580475985364,209.885,7.432381144309448,224.74976228861888,195.0202377113811,3802605.0
HPPL,2023-11-29,210.0,210.0,202.5,203.1,-2.82 %,1997.0,407806.0,-0.028229665071770382,-0.028635783378472054,208.01999999999998,209.09,207.35153381243842,212.01286942794906,41.27864487358554,-4.661335615510637,-5.506811623851863,9.430110441986411,209.09,7.254319947130975,223.59863989426196,194.58136010573804,3800608.0
HPPL,2023-11-30,207.1,207.1,200.0,203.6,0.25 %,8039.0,1617414.0,0.002461841457410241,0.0024588160900287748,207.54000000000002,208.26999999999998,206.77437476437098,211.38969391476766,41.82588992799218,-4.615319150396687,-5.328513129160829,9.263673981844525,208.26999999999998,6.873067192468561,222.01613438493712,194.52386561506285,3808647.0
HPPL,2023-12-03,200.0,205.0,200.0,203.0,-0.29 %,7725.0,1552747.5,-0.0029469548133594925,-0.0029513056345803093,205.74,207.26999999999998,206.19370172369852,210.76823510626636,41.328155445569436,-4.574533382567836,-5.17771717984223,8.959125840284202,207.26999999999998,6.0190137328637245,219.30802746572743,195.23197253427253,3800922.0
HPPL,2023-12-04,200.4,211.0,200.4,208.9,2.91 %,13965.0,2874554.5,0.029064039408867037,0.02864968952073281,205.51999999999998,206.615,206.61005530466798,210.62984732061702,47.89447157246365,-4.019792015949037,-4.946132147063592,9.076331137406758,206.615,4.949457705603975,216.51391541120796,196.71608458879206,3814887.0
HPPL,2023-12-05,204.8,210.3,200.8,201.0,-3.78 %,5438.0,1096950.0,-0.03781713738630932,-0.038550760503444435,203.92000000000002,205.66500000000002,205.7469698731806,209.9165252968676,41.239249367794365,-4.169555423687001,-4.7908168023882745,9.106593199020562,205.66500000000002,3.9720437534808553,213.60908750696174,197.7209124930383,3809449.0
HPPL,2023-12-06,205.0,209.1,201.0,202.0,0.50 %,4339.0,881802.3,0.004975124378109541,0.004962789342129097,203.7,205.115,205.17051296961438,209.33011601561816,42.33162617548873,-4.159603046003781,-4.6645740511113765,9.034693684804807,205.115,3.651571399388433,212.41814279877687,197.81185720122315,3813788.0
HPPL,2023-12-07,206.0,206.0,199.0,200.3,-0.84 %,11855.0,2397942.3,-0.008415841584158312,-0.008451454729432087,203.04000000000002,204.655,204.4212032819814,208.6612185329798,40.938313187484,-4.240015250998397,-4.5796622910887805,8.889358421604465,204.655,3.649581807419024,211.95416361483805,197.35583638516195,3801933.0
HPPL,2023-12-10,204.3,220.0,204.3,220.0,9.84 %,4084.0,886990.0,0.09835247129306035,0.09381130368058892,206.44,205.51999999999998,206.81794123859964,209.5011282712776,58.13477643336644,-2.6831870326779494,-4.2003672394066145,9.661547105775574,205.51999999999998,4.972302230788438,215.46460446157687,195.5753955384231,3806017.0
HPPL,2023-12-11,224.4,226.0,211.7,219.0,-0.45 %,32647.0,7078592.7,-0.004545454545454519,-0.004555816535860691,208.45999999999998,206.32,208.69210412496892,210.20474839933112,57.223962481684715,-1.5126442743622022,-3.6628226463977325,9.992865169648748,206.32,5.7688455472464115,217.85769109449282,194.78230890550716,3773370.0
HPPL,2023-12-12,218.0,232.0,215.0,229.9,4.98 %,42190.0,9345830.1,0.04977168949771693,0.04857270195263508,214.24,207.425,211.95485733651216,211.66365592530659,63.86883707014151,0.2912014112055772,-2.8720178348770706,10.493374800388123,207.425,7.819400636647383,223.06380127329479,191.78619872670524,3815560.0
HPPL,2023-12-13,225.5,243.0,225.5,230.8,0.39 %,24675.0,5751351.9,0.00391474554153981,0.003907102864808642,220.0,208.525,214.85411005397182,213.0811628938024,64.36111575287788,1.7729471601694229,-1.9430248358677722,10.99384802893183,208.525,9.408891371607657,227.3427827432153,189.7072172567847,3840235.0
HPPL,2023-12-14,231.0,237.0,226.2,234.5,1.60 %,20390.0,4746046.0,0.01603119584055457,0.015904053252389534,226.84,210.2,217.8765546610531,214.6677434201874,66.38860925501396,3.2088112408656855,-0.9126576205210808,10.980001741150986,210.2,10.86757611093279,231.93515222186556,188.4648477781344,3860625.0
HPPL,2023-12-17,230.0,249.3,221.0,249.3,6.31 %,62079.0,15142716.3,0.06311300639658857,0.06120140264317822,232.7,212.42,222.7109308670449,217.23309575943279,73.00429320259724,5.477835107612123,0.3654409251055598,12.217144473925917,212.42,13.852858340830569,240.12571668166112,184.71428331833886,3922704.0
HPPL,2023-12-18,252.0,259.0,229.7,229.7,-7.86 %,56752.0,13925738.3,-0.07862013638186938,-0.08188288083445978,234.84,213.65500000000003,223.78617227211492,218.15657014762297,57.002714163894865,5.629602124491953,1.4182731649828386,13.437348440074066,213.65500000000003,14.251813365712948,242.15862673142593,185.15137326857413,3865952.0
HPPL,2023-12-19,234.2,245.0,232.2,243.0,5.79 %,46513.0,11073864.5,0.05790161079669143,0.05628733364549598,237.45999999999998,215.85500000000002,226.74214576871262,219.99682421076201,62.93896491949079,6.745321557950604,2.483682843576392,13.570394980068777,215.85500000000002,15.232806528588926,246.32061305717787,185.38938694282217,3912465.0
HPPL,2023-12-20,242.0,255.0,237.3,249.9,2.84 %,38141.0,9396632.2,0.02839506172839501,0.02799939450035819,241.28000000000003,218.25,230.30489257352605,222.2118742692241,65.59296299422262,8.09301830430195,3.6055499357215037,13.86536676720672,218.25,16.640328311555617,251.53065662311124,184.96934337688876,3950606.0
HPPL,2023-12-21,250.0,253.0,238.0,238.0,-4.76 %,20265.0,4935718.5,-0.04761904761904767,-0.048790164169432056,241.98000000000002,219.85,231.48875525452203,223.38136506409637,57.89295258081979,8.107390190425662,4.505917986662335,13.946411998120526,219.85,16.93627374665444,253.72254749330887,185.97745250669112,3930341.0
HPPL,2023-12-24,242.0,252.4,233.3,244.0,2.52 %,37069.0,8899709.5,0.025210084033613356,0.024897551621727087,240.92000000000002,221.45,233.41356213844173,224.9086713556448,60.41609448586228,8.504890782796934,5.305712545889255,14.314525426826203,221.45,17.652061158925665,256.75412231785134,186.14587768214867,3967410.0
HPPL,2023-12-27,248.0,248.0,225.5,229.5,-5.94 %,20827.0,4932765.9,-0.05942622950819676,-0.06126519579260206,240.88000000000002,222.425,232.81147565560457,225.24876977374518,52.26527033569117,7.562705881859387,5.757111213083282,14.899202182052903,222.425,17.524415299219,257.473830598438,187.376169401562,3946583.0
HPPL,2023-12-28,234.0,238.5,225.0,232.0,1.09 %,27238.0,6255811.9,0.01089324618736387,0.010834342165710146,238.68,223.575,232.68663324705,225.74886090161593,53.43179798218191,6.93777234543407,5.99324343955344,14.799259169049124,223.575,17.350864531790602,258.2767290635812,188.87327093641878,3973821.0
HPPL,2024-01-01,234.0,242.5,229.4,230.0,-0.86 %,16758.0,3917392.3,-0.008620689655172376,-0.008658062743114541,234.7,224.92,232.27330505519615,226.06376009408882,52.330039750497406,6.209544961107326,6.036503743864218,14.677883514117044,224.92,16.71096708910575,258.3419341782115,191.4980658217885,3957063.0
HPPL,2024-01-02,234.0,234.0,225.7,227.8,-0.96 %,14717.0,3336264.5,-0.009565217391304337,-0.009611257910113599,232.66,226.13000000000002,231.58510427747368,226.19237045748963,51.08227106740959,5.392733819984045,5.907749759088184,14.222320405965828,226.13000000000002,15.944545346805238,258.0190906936105,194.24090930638954,3942346.0
HPPL,2024-01-03,232.3,236.5,224.5,233.5,2.50 %,15433.0,3519637.0,0.025021949078138706,0.024714026095870225,230.56,227.65500000000003,231.8797036194008,226.73367634952746,54.13376800258709,5.146027269873343,5.755405261245216,14.063583234111126,227.65500000000003,15.049304058065678,257.7536081161314,197.55639188386868,3957779.0
HPPL,2024-01-04,234.0,245.0,230.0,237.0,1.50 %,60659.0,14381215.5,0.01498929336188426,0.014878064026179076,232.06,229.06,232.66744152410837,227.49414476808096,55.950799895971905,5.173296756027412,5.638983560201655,14.130470145960333,229.06,14.5081610427591,258.0763220855182,200.0436779144818,4018438.0
HPPL,2024-01-07,241.7,245.0,234.1,238.0,0.42 %,23217.0,5514792.5,0.00421940928270037,0.004210532536343458,233.26,230.91,233.487835135784,228.2723562667416,56.481271719895375,5.215478869042386,5.554282621969802,13.899722278391737,230.91,13.024992170943976,256.95998434188795,204.86001565811205,4041655.0
HPPL,2024-01-08,242.7,251.0,235.0,244.0,2.52 %,36918.0,8906210.7,0.025210084033613356,0.024897551621727087,236.06,233.01,235.10509126874032,229.43736691364964,59.623172200584236,5.667724355090684,5.576970968593978,14.04974211564947,233.01,11.403411308647787,255.81682261729557,210.2031773827044,4078573.0
HPPL,2024-01-09,247.0,252.0,243.0,243.0,-0.41 %,47875.0,11855142.6,-0.004098360655737654,-0.004106781952653359,239.1,235.14500000000004,236.31969261201104,230.44200640152744,58.860438118592306,5.877686210483603,5.637114016971903,13.689046250245937,235.14500000000004,8.61274911796023,252.3704982359205,217.91950176407957,4030698.0
HPPL,2024-01-10,247.8,248.0,232.0,233.1,-4.07 %,35330.0,8439892.6,-0.040740740740740744,-0.041593897298837015,239.01999999999998,235.8,235.82435528708626,230.63889481622908,51.79604940134686,5.18546047085718,5.546783307748959,13.85411437522837,235.8,7.866116543389454,251.53223308677892,220.0677669132211,3995368.0
HPPL,2024-01-11,235.0,247.2,234.0,240.0,2.96 %,23954.0,5788730.8,0.029601029601029616,0.02917137730027987,239.61999999999998,236.85,236.46676216599607,231.33231001502693,55.77961687990911,5.134452150969139,5.464317076392995,13.87167763414063,236.85,6.840244686333811,250.5304893726676,223.1695106273324,4019322.0
HPPL,2024-01-14,244.8,264.0,242.1,264.0,10.00 %,101688.0,26396395.9,0.10000000000000009,0.09531017980432493,244.82,238.55499999999998,240.70264490968898,233.7521389028027,66.23248518772664,6.950506006886286,5.761554862491654,14.595129231702012,238.55499999999998,8.94329946181207,256.4415989236241,220.66840107637583,4121010.0
HPPL,2024-01-16,269.2,290.4,269.2,290.4,10.00 %,166823.0,47914389.9,0.09999999999999987,0.09531017980432474,254.1,241.535,248.34839184665992,237.94827676185437,73.61955845867935,10.400115084805549,6.689266906954433,15.438334286580439,241.535,14.45469419292586,270.4443883858517,212.62561161414828,4287833.0
HPPL,2024-01-17,296.2,304.0,275.0,276.0,-4.96 %,131110.0,37718985.8,-0.04958677685950408,-0.050858417233490966,260.7,243.60999999999999,252.60248540871225,240.76692292764295,65.23641936235347,11.835562481069303,7.718526021777408,16.407024694681837,243.60999999999999,16.257885536124714,276.1257710722494,211.09422892775055,4156723.0
HPPL,2024-01-18,270.7,300.9,270.5,290.0,5.07 %,127950.0,37173850.0,0.050724637681159424,0.049480057263369716,272.08000000000004,245.64500000000004,258.3559491919873,244.41381752559533,68.9395682913449,13.942131666391958,8.963247150700319,17.406522930775992,245.64500000000004,19.27486705532523,284.19473411065053,207.09526588934958,4284673.0
HPPL,2024-01-21,286.0,315.0,286.0,307.0,5.86 %,136295.0,41487217.0,0.05862068965517242,0.05696682460667745,285.48,249.51,265.83964931629697,249.0498310422179,72.73727566180465,16.789818274079067,10.52856137537607,18.234628435720566,249.51,23.249581773271224,296.0091635465424,203.01083645345756,4420968.0
HPPL,2024-01-22,305.0,307.0,296.0,301.0,-1.95 %,94782.0,28491122.5,-0.019543973941368087,-0.019737482838321434,292.88,252.41,271.2489340368667,252.89799170575733,69.50707120897728,18.350942331109337,12.093037566522725,17.717869261740525,252.41,25.864991580785777,304.13998316157154,200.68001683842846,4326186.0
HPPL,2024-01-23,298.0,301.0,283.0,288.0,-4.32 %,39960.0,11708342.3,-0.04318936877076407,-0.044149784612929746,292.4,254.315,273.82602110811797,255.49814046829383,62.98089774729741,18.327880639824144,13.34000618118301,17.738021457330486,254.315,27.04647608139515,308.4079521627903,200.2220478372097,4286226.0
HPPL,2024-01-24,293.0,300.0,279.0,279.0,-3.13 %,25161.0,7119135.6,-0.03125,-0.0317486983145803,293.0,256.365,274.6220178607152,257.2390189521239,58.86051533875823,17.382998908591276,14.148604726664663,17.971019924664024,256.365,27.297431438842626,310.9598628776853,201.77013712231476,4261065.0
HPPL,2024-01-25,284.0,284.0,272.1,279.8,0.29 %,31662.0,8771826.3,0.0028673835125447855,0.002863280410015155,290.96,258.15500000000003,275.4186304975282,258.91020273344805,59.1165556313709,16.50842776408018,14.620569334147767,17.53737564433088,258.15500000000003,27.615851188086115,313.38670237617225,202.9232976238278,4292727.0
HPPL,2024-01-28,277.0,288.0,277.0,283.0,1.14 %,30060.0,8438790.6,0.011436740528949274,0.011371835411856848,286.15999999999997,260.83000000000004,276.58499503637,260.6946321606,60.18401560778482,15.890362875769995,14.874528042472214,17.07042024116439,260.83000000000004,27.283233717901997,315.396467435804,206.26353256419605,4322787.0
HPPL,2024-01-29,288.6,290.0,282.9,283.0,0.00 %,11019.0,3145778.9,0.0,0.0,282.56,263.38,277.57191887692846,262.3468816301852,60.184015607255986,15.225037246743284,14.944629883326428,16.358247366795506,263.38,26.826353892362746,317.0327077847255,209.7272922152745,4322787.0
HPPL,2024-01-30,288.0,296.0,283.1,292.9,3.50 %,54975.0,16018443.7,0.03498233215547697,0.03438435619045011,283.53999999999996,266.525,279.9300852035548,264.6100755835048,63.59456921824559,15.32000962005003,15.019705830671148,16.118372554881542,266.525,26.390585941129995,319.30617188225995,213.74382811773998,4377762.0
HPPL,2024-01-31,298.0,298.0,281.3,286.1,-2.32 %,15893.0,4601079.7,-0.023216114714919578,-0.023489853777623023,284.96,269.44,280.8793028645464,266.2019218365785,59.80521765055627,14.677381027967897,14.951240870130498,16.159917372390005,269.44,25.075053654774912,319.5901073095498,219.2898926904502,4361869.0
HPPL,2024-02-01,281.0,285.0,276.0,279.0,-2.48 %,25974.0,7268648.8,-0.024816497728067155,-0.025129618234698992,284.8,271.71500000000003,280.5901793469239,267.1499276264616,56.04984203028493,13.4402517204623,14.649043040196858,15.727066131505007,271.71500000000003,23.667216388483563,319.04943277696714,224.3805672230329,4335895.0
HPPL,2024-02-04,279.9,285.0,275.3,279.0,0.00 %,11472.0,3198535.4,0.0,0.0,284.0,273.815,280.34553637047406,268.0277107652422,56.049842029751076,12.31782560523186,14.182799553203859,15.296561407826076,273.815,22.24545547913176,318.3059109582635,229.32408904173647,4335895.0
HPPL,2024-02-05,275.1,284.6,273.7,277.5,-0.54 %,9907.0,2760513.7,-0.005376344086021501,-0.005390848634876423,282.9,275.79,279.9077615442473,268.7293618196687,55.20054433569921,11.178399724578583,13.581919587478804,14.982521307267072,275.79,20.590235294285133,316.97047058857027,234.60952941142975,4325988.0
HPPL,2024-02-06,283.0,288.6,277.6,282.0,1.62 %,12625.0,3542839.9,0.016216216216216273,0.016086137751624444,280.71999999999997,277.69,280.22964438359384,269.7123720552488,57.29132092744326,10.51727232834503,12.968990135652051,14.705198356747998,277.69,19.209315174519297,316.1086303490386,239.2713696509614,4338613.0
HPPL,2024-02-07,287.6,288.0,276.7,279.1,-1.03 %,29009.0,8110517.1,-0.010283687943262287,-0.010336930395836975,279.32,279.495,280.05585293996404,270.40775190300815,55.49389794314435,9.648101036955893,12.30481231591282,14.461969902694571,279.495,17.387820147275786,314.2706402945516,244.71935970544843,4309604.0
HPPL,2024-02-08,284.4,292.7,279.3,291.0,4.26 %,30927.0,8874592.8,0.04263704765317078,0.0417531266292159,281.71999999999997,282.39,281.73956787227723,271.93310361389644,60.91300121268535,9.8064642583808,11.805142704406418,14.400400623930672,282.39,13.681793511251508,309.753587022503,255.02641297749696,4340531.0
HPPL,2024-02-11,296.8,296.8,285.0,285.0,-2.06 %,20967.0,6075912.5,-0.020618556701030966,-0.020834086902842025,282.91999999999996,284.64,282.24117281500384,272.9010218647189,57.13551419490268,9.340150950284908,11.312144353582116,14.21465772222134,284.64,9.361983595499883,303.36396719099974,265.9160328090002,4319564.0
HPPL,2024-02-12,290.7,300.0,280.0,298.0,4.56 %,65749.0,19016551.6,0.04561403508771922,0.04460430623675385,287.02,286.34000000000003,284.6656077665417,274.7602054302953,62.55397014329626,9.905402336246425,11.030795950114978,14.627896456348388,286.34000000000003,8.46033469540012,303.2606693908003,269.4193306091998,4385313.0
HPPL,2024-02-13,298.0,322.0,287.2,314.0,5.37 %,176218.0,54277952.2,0.05369127516778516,0.052299499402848844,293.41999999999996,287.52,289.1785911870738,277.66685687990304,67.92763130203465,11.511734307170741,11.126983621526131,16.068760995180646,287.52,10.46475789949428,308.44951579898856,266.5904842010114,4561531.0
HPPL,2024-02-14,314.0,318.0,309.0,314.5,0.16 %,54767.0,17138228.4,0.0015923566878981443,0.0015910902322419035,300.5,289.445,293.0741925429086,280.3952378517621,68.08177929536431,12.678954691146487,11.437377835450203,15.563849495524886,289.445,11.702022992010646,312.8490459840213,266.0409540159787,4616298.0
HPPL,2024-02-15,316.0,316.0,299.0,299.0,-4.93 %,64023.0,19685374.5,-0.049284578696343395,-0.05054050274980878,302.1,289.895,293.9858552286149,281.7733683812612,58.66817763523455,12.212486847353716,11.592399637830907,15.666431674415966,289.895,11.895929202009736,313.68685840401946,266.1031415959805,4552275.0
HPPL,2024-02-18,294.7,300.0,287.2,289.0,-3.34 %,28761.0,8406302.9,-0.03344481605351168,-0.03401688527825424,302.9,288.995,293.2188005780588,282.3086744270937,53.52604732050934,10.910126150965084,11.455944940457744,15.461686554814825,288.995,11.193911644059972,311.38282328811994,266.6071767118801,4523514.0
HPPL,2024-02-20,292.0,297.0,286.2,295.0,2.08 %,26768.0,7791611.0,0.02076124567474058,0.02054866822738776,302.3,288.695,293.49283125835746,283.2487726176794,56.016977120499,10.244058640678077,11.21356768050181,15.128708943756624,288.695,10.932591304529078,310.56018260905813,266.82981739094186,4550282.0
HPPL,2024-02-21,300.9,306.8,285.0,290.0,-1.69 %,24034.0,7011119.1,-0.016949152542372836,-0.017094433359300068,297.5,288.79499999999996,292.95547260322553,283.7488635348883,53.44615639454131,9.20660906833723,10.812175958068895,15.605229733488294,288.79499999999996,10.935046266129406,310.66509253225877,266.92490746774115,4526248.0
HPPL,2024-02-22,285.0,295.8,279.0,279.1,-3.76 %,24097.0,6847593.4,-0.03758620689655168,-0.03831078243824318,290.42,288.8,290.8238614334985,283.4045032730447,48.24774851575996,7.419358160453783,10.133612398545873,15.69057046681056,288.8,10.930353680427396,310.6607073608548,266.9392926391452,4502151.0
HPPL,2024-02-25,284.0,288.0,263.0,263.0,-5.77 %,13817.0,3797305.2,-0.057685417413113615,-0.05941610836451197,283.21999999999997,287.96,286.54326736680645,281.8930585861525,41.78318151371002,4.650208780653941,9.036931674967486,16.355529719181234,287.96,12.227036478759706,312.4140729575194,263.50592704248055,4488334.0
HPPL,2024-02-26,268.2,278.0,266.0,270.0,2.66 %,17529.0,4730066.1,0.026615969581748944,0.026267926820610105,279.41999999999996,287.31,283.9981493103747,281.01209128347455,45.21988583942535,2.986058026900139,7.826756945354016,16.258706167811148,287.31,12.835021989617934,312.98004397923586,261.63995602076415,4505863.0
HPPL,2024-02-27,271.0,287.0,267.8,287.0,6.30 %,23319.0,6516167.8,0.06296296296296289,0.06106025676124628,277.82,287.51,284.45997249339393,281.4556400772912,52.54641517305256,3.004332416102727,6.862272039503758,16.468798584396065,287.51,12.79543092794728,313.10086185589455,261.91913814410543,4529182.0
HPPL,2024-02-28,292.7,292.7,278.4,284.0,-1.05 %,20345.0,5750445.0,-0.010452961672473893,-0.010507977598415093,276.62,287.065,284.38920749441024,281.644111182677,51.24392409858319,2.7450963117332208,6.038836893949651,16.313884399796347,287.065,12.752802581570187,312.5706051631404,261.5593948368596,4508837.0
HPPL,2024-02-29,287.4,287.4,267.0,267.0,-5.99 %,32104.0,8690586.3,-0.059859154929577496,-0.061725579760956543,274.2,286.11,281.7139448029625,280.5593622061824,44.510897040759865,1.1545825967800738,5.061986034515736,16.605749799810894,286.11,13.520896108588513,313.15179221717705,259.068207782823,4476733.0
HPPL,2024-03-03,267.0,272.3,258.1,264.5,-0.94 %,15284.0,4022014.5,-0.009363295880149836,-0.009407407101895481,274.5,285.385,279.0656456025067,279.3697798205393,43.60356601875609,-0.3041342180325728,3.9887619840060746,16.43391052839583,285.385,14.289130023986935,313.96326004797385,256.80673995202613,4461449.0
HPPL,2024-03-04,269.7,290.9,269.7,288.0,8.88 %,8500.0,2449362.0,0.08884688090737236,0.08511922883759182,278.1,285.835,280.4401616636595,280.0090553893882,53.250492886165354,0.43110627427131476,3.277230842059123,17.14577406208184,285.835,14.219011550525655,314.2730231010513,257.39697689894865,4469949.0
HPPL,2024-03-05,288.0,288.7,269.1,271.9,-5.59 %,27234.0,7585531.1,-0.05590277777777786,-0.057526128497520986,275.08000000000004,285.55499999999995,279.1262906384811,279.4083846198039,47.28308353483764,-0.28209398132275965,2.565365877382747,17.321075914790278,285.55499999999995,14.44512210512178,314.4452442102435,256.6647557897564,4442715.0
HPPL,2024-03-06,277.0,277.0,267.0,276.5,1.69 %,38782.0,10562188.9,0.016917984553144638,0.01677646932396456,273.58000000000004,285.28,278.7222459248686,279.1929487220406,49.04022348210829,-0.47070279717200947,1.9581521424717958,16.798141920876688,285.28,14.568191738394159,314.41638347678827,256.1436165232117,4481497.0
HPPL,2024-03-07,280.0,282.0,271.2,277.0,0.18 %,32872.0,9100532.0,0.001808318264014508,0.0018066852249490513,275.58000000000004,285.175,278.4572850133504,279.03050807596355,49.238280180795606,-0.5732230626131809,1.4518771014548006,16.36970321224264,285.175,14.622544778176408,314.4200895563528,255.9299104436472,4514369.0
HPPL,2024-03-10,278.0,286.0,275.0,286.0,3.25 %,113878.0,31484946.8,0.032490974729241895,0.031974304632514106,279.88,284.925,279.61770270360415,279.5467667370033,52.79467677690336,0.07093596660087087,1.1756888744840148,15.986152982796739,284.925,14.560323702311392,314.0456474046228,255.80435259537722,4628247.0
HPPL,2024-03-12,286.0,289.0,282.3,289.0,1.05 %,20207.0,5764433.3,0.010489510489510412,0.010434877292579494,280.08000000000004,285.125,281.0611330568958,280.247006237966,53.952762915929895,0.8141268189298216,1.1033764633731762,15.3228563411684,285.125,14.58885208861405,314.3027041772281,255.9472958227719,4648454.0
HPPL,2024-03-13,285.3,289.8,280.1,289.8,0.28 %,20418.0,5820482.2,0.0027681660899654403,0.0027643417741498857,283.65999999999997,284.71500000000003,282.4055741250657,280.954635405524,54.27491270137099,1.450938719541682,1.1728889146068775,14.921223745370655,284.71500000000003,14.32073487530313,313.35646975060627,256.0735302493938,4668872.0
HPPL,2024-03-14,285.0,289.3,278.3,278.3,-3.97 %,11205.0,3164558.3,-0.03968253968253965,-0.040491361354736875,284.02000000000004,282.93,281.77394733659406,280.75799574585557,48.97111666846372,1.0159515907384957,1.1415014498332012,14.676850620701323,282.93,12.599920634682952,308.1298412693659,257.7301587306341,4657667.0
HPPL,2024-03-17,272.9,283.0,270.0,271.1,-2.59 %,9511.0,2599644.9,-0.025871361839741258,-0.026211912027225222,282.84,280.76000000000005,280.13180159250265,280.04258865356996,45.943956422739866,0.08921293893268967,0.9310437476530989,14.557075576365515,280.76000000000005,10.42645420882569,301.61290841765145,259.90709158234864,4648156.0
HPPL,2024-03-18,267.0,282.0,267.0,276.9,2.14 %,21272.0,5759970.1,0.02139431943932113,0.021168673672296173,281.02,279.65500000000003,279.63460134750227,279.8098043088611,48.69522730801622,-0.17520296135882063,0.7097944058507151,14.58871303519655,279.65500000000003,9.52362574699066,298.70225149398135,260.6077485060187,4669428.0
HPPL,2024-03-19,280.0,280.0,272.0,275.0,-0.69 %,3624.0,997624.8,-0.006861682918020917,-0.006885332510344842,278.21999999999997,278.95500000000004,278.92158575557886,279.45352250820474,47.836298916482434,-0.5319367526258816,0.46144817415539574,14.118090675539653,278.95500000000004,9.312779843922963,297.58055968784595,260.32944031215413,4665804.0
HPPL,2024-03-20,279.0,279.0,271.0,272.0,-1.09 %,4400.0,1197549.3,-0.010909090909090868,-0.010969031370573933,274.65999999999997,277.805,277.8567264085667,278.9014097298192,46.44331497845398,-1.044683321252478,0.16022187507382102,13.681084198715393,277.805,8.621605357919037,295.0482107158381,260.56178928416193,4661404.0
HPPL,2024-03-21,276.9,276.9,268.0,270.8,-0.44 %,5383.0,1452130.1,-0.004411764705882337,-0.004421525257877374,273.15999999999997,276.845,276.77107619186415,278.30130530538815,45.86795115200767,-1.5302291135240011,-0.17786832264574343,13.339578184521436,276.845,8.253323094705364,293.35164618941076,260.3383538105893,4656021.0
HPPL,2024-03-25,266.0,275.0,260.7,263.0,-2.88 %,31255.0,8219339.2,-0.028803545051698687,-0.029226508860355393,271.53999999999996,276.04,274.65244908542354,277.1678752827668,42.20771408397436,-2.5154261973432313,-0.645379897585241,13.408179742769907,276.04,8.789551213039996,293.61910242608,258.46089757392,4624766.0
HPPL,2024-03-26,258.2,275.8,258.2,273.9,4.14 %,11684.0,3136115.7,0.041444866920151924,0.04060904409126776,270.94,276.585,274.5366876876661,276.92581044700626,48.40401320823442,-2.3891227593401823,-0.9941284699362292,13.7075954754292,276.585,8.260449522642476,293.10589904528496,260.064100954715,4636450.0
HPPL,2024-03-27,275.0,275.0,268.7,272.0,-0.69 %,6196.0,1690163.0,-0.006936838262139422,-0.0069610099730351115,270.34000000000003,276.685,274.14642804340974,276.56093559907987,47.44901729938262,-2.414507555670127,-1.2782042870830088,13.178481512898545,276.685,8.188327700248092,293.0616554004962,260.3083445995038,4630254.0
HPPL,2024-03-28,268.1,268.1,261.7,266.7,-1.95 %,18803.0,5009913.7,-0.0194852941176471,-0.019677635108028776,269.28000000000003,275.66999999999996,273.000823729039,275.83049592507393,44.79411783255372,-2.8296721960349487,-1.5884978688733966,12.97287569054865,275.66999999999996,8.100103962966463,291.8702079259329,259.469792074067,4611451.0
HPPL,2024-03-31,268.9,277.4,266.1,272.1,2.02 %,20341.0,5528761.4,0.020247469066366763,0.020045214601232084,269.54,275.075,272.862235463033,275.554162893587,47.987363280662116,-2.69192743055396,-1.8091837812095095,12.853384569795171,275.075,7.89035887385586,290.8557177477117,259.29428225228827,4631792.0
HPPL,2024-04-01,267.0,275.0,267.0,273.9,0.66 %,17298.0,4685977.0,0.00661521499448714,0.006593430479831685,271.71999999999997,275.41999999999996,273.0218915456433,275.43163230887683,49.04538337126937,-2.409740763233515,-1.9292951776143106,12.50671424338123,275.41999999999996,7.666372229303406,290.7527444586068,260.0872555413931,4649090.0
HPPL,2024-04-02,272.9,278.5,266.6,270.8,-1.13 %,18151.0,4915014.6,-0.011317999269806367,-0.011382535230912413,271.1,275.735,272.6800620770828,275.0885484341452,47.26229161501143,-2.4084863570623725,-2.025133413503923,12.46337751171114,275.735,7.315468470829932,290.36593694165987,261.10406305834016,4630939.0
HPPL,2024-04-03,272.8,272.8,267.1,270.0,-0.30 %,14799.0,3994476.6,-0.002954209748892267,-0.0029585820397452656,270.7,274.835,272.2677448344547,274.7116189205048,46.78953537696012,-2.44387408605013,-2.1088815480131644,11.980279118017487,274.835,6.817413848321778,288.46982769664356,261.2001723033564,4616140.0
HPPL,2024-04-04,272.0,274.0,266.0,273.0,1.11 %,49318.0,13307100.0,0.011111111111111072,0.011049836186584935,271.96000000000004,274.89,272.3803994753078,274.58483233380076,48.85556629881363,-2.2044328584929644,-2.1279918101091244,11.695973466730523,274.89,6.796895576219056,288.4837911524381,261.2962088475619,4665458.0
HPPL,2024-04-07,273.0,273.5,265.0,271.0,-0.73 %,15550.0,4190868.7,-0.0073260073260073,-0.007352974305258806,271.74,274.615,272.1680303252604,274.31928919796366,47.5305950863386,-2.151258872703238,-2.1326452226279473,11.467689647678343,274.615,6.839457888668477,288.29391577733696,260.93608422266306,4649908.0
HPPL,2024-04-09,272.0,275.5,267.0,274.8,1.40 %,58050.0,15835304.4,0.014022140221402246,0.013924739468493406,271.92,274.505,272.5729487367588,274.3548974055219,50.28915138545463,-1.781948668763107,-2.0625059118549793,11.25571181570132,274.505,6.816734439700306,288.1384688794006,260.8715311205994,4707958.0
HPPL,2024-04-10,275.0,280.0,268.0,273.0,-0.66 %,31658.0,8646098.4,-0.0065502183406114245,-0.006571765163234614,272.36,273.855,272.6386489311036,274.2545346347425,48.97565300778767,-1.6158857036389236,-1.9731818702117683,11.30887525743694,273.855,6.260021439372156,286.37504287874435,261.3349571212557,4676300.0
HPPL,2024-04-14,268.1,278.4,268.1,272.8,-0.07 %,50701.0,13834392.2,-0.00073260073260073,-0.0007328692156526957,272.91999999999996,273.045,272.66347217247227,274.1467913284653,48.82306428317572,-1.4833191559930583,-1.8752093273680264,11.236812739048585,273.045,5.146227540158584,283.33745508031717,262.75254491968286,4625599.0
HPPL,2024-04-15,270.0,272.0,262.8,270.0,-1.03 %,15925.0,4261378.9,-0.01026392961876832,-0.010316966970932267,272.32,272.055,272.2537072228611,273.83962160043086,46.63255963492405,-1.5859143775697362,-1.8173503374083684,11.148468971973685,272.055,3.3413635729548763,278.7377271459098,265.3722728540902,4609674.0
HPPL,2024-04-16,267.0,268.0,261.7,264.0,-2.22 %,25328.0,6689384.0,-0.022222222222222254,-0.02247285585205863,270.91999999999996,271.34000000000003,270.9839061116517,273.1107607411397,42.25734598659708,-2.1268546294879798,-1.8792511958242908,10.945006902546995,271.34000000000003,3.4624907372612794,278.2649814745226,264.4150185254775,4584346.0
HPPL,2024-04-18,259.0,264.0,256.0,257.1,-2.61 %,7110.0,1835608.5,-0.026136363636363513,-0.02648398887447224,267.38,270.64,268.847920556013,271.92477846401823,37.85834409448537,-3.076857908005252,-2.118772538260483,10.73464926665078,270.64,4.70558458814093,280.05116917628186,261.2288308237181,4577236.0
HPPL,2024-04-21,262.0,270.0,254.8,255.0,-0.82 %,11127.0,2899840.0,-0.008168028004667538,-0.008201569113417745,263.78000000000003,269.54499999999996,266.7174712397033,270.6710911703873,36.60924305893864,-3.953619930683999,-2.4857420167451867,11.05360289046144,269.54499999999996,5.6295718263233,280.80414365264653,258.2858563473534,4566109.0
HPPL,2024-04-22,260.1,265.3,250.0,257.1,0.82 %,19614.0,5000345.1,0.008235294117647118,0.00820156911341771,260.64,268.65,265.23786027974893,269.665825157766,38.78436203431574,-4.427964878017065,-2.8741865889995624,11.356916969714195,268.65,6.11835031088317,280.8867006217663,256.41329937823366,4585723.0
HPPL,2024-04-24,262.0,262.0,255.0,259.0,0.74 %,5179.0,1330247.0,0.007390120575651471,0.007362947427693926,258.44,268.0,264.2781894674799,268.8757640349685,40.764776546448374,-4.597574567488607,-3.2188641846973716,11.04570861473461,268.0,6.426507605252731,280.8530152105055,255.14698478949452,4590902.0
HPPL,2024-04-25,255.2,260.2,250.0,255.0,-1.54 %,24375.0,6147029.3,-0.015444015444015413,-0.015564516541111573,256.64,267.21,262.8507757032522,267.84792966200786,37.979107318065495,-4.997153958755632,-3.574522139509024,10.98530085653928,267.21,7.008934148293263,281.2278682965865,253.19213170341345,4566527.0
HPPL,2024-04-28,252.0,259.0,250.4,259.0,1.57 %,9081.0,2324521.2,0.015686274509803866,0.015564516541111548,257.02,267.01,262.2583486719827,267.1925274648221,42.230468560734884,-4.934178792839418,-3.846453470175103,10.814922223929331,267.01,7.1901174868050415,281.39023497361006,252.62976502638992,4575608.0
HPPL,2024-04-29,257.0,257.0,253.9,253.9,-1.97 %,3648.0,932474.9,-0.019691119691119696,-0.019887572988905002,256.8,266.01,260.972448876293,266.2078958007612,38.59763455412206,-5.235446924468192,-4.124252161033722,10.406713493648665,266.01,7.562574053599024,281.13514810719806,250.88485189280195,4571960.0
HPPL,2024-04-30,258.7,268.4,251.0,264.0,3.98 %,16951.0,4423976.9,0.03977944072469475,0.039008614435683396,258.18,265.61,261.43822597224795,266.0443479636678,48.11649282628798,-4.606121991419855,-4.220626127110949,10.906233958388043,265.61,7.439644869874845,280.4892897397497,250.73071026025033,4588911.0
HPPL,2024-05-02,269.0,269.2,258.0,260.0,-1.52 %,7719.0,2014615.5,-0.015151515151515138,-0.01526747213078842,258.38,265.275,261.21696043805593,265.5966184848776,45.132405417138294,-4.379658046821646,-4.2524325110530885,10.92721724707461,265.275,7.538174775617192,280.35134955123436,250.1986504487656,4581192.0
HPPL,2024-05-05,254.8,259.0,251.1,252.0,-3.08 %,7633.0,1933089.3,-0.03076923076923077,-0.031252543504104426,257.78000000000003,264.27,259.79896652450884,264.58946156007187,39.81414446933857,-4.790495035563026,-4.360045015955076,10.78241601514071,264.27,7.911024951917479,280.09204990383495,248.44795009616502,4573559.0
HPPL,2024-05-06,247.0,256.9,247.0,253.7,0.67 %,6723.0,1691236.4,0.006746031746031722,0.006723379093812859,256.72,263.26000000000005,258.8606639822767,263.7828347778443,41.39452960320845,-4.922170795567581,-4.4724701718775774,10.719386299773515,263.26000000000005,7.9063199237846336,279.0726398475693,247.44736015243078,4580282.0
HPPL,2024-05-07,258.0,258.0,244.0,250.9,-1.10 %,10263.0,2536481.0,-0.011036657469452038,-0.011098013232859515,256.12,262.265,257.6359464465418,262.8285507202262,39.552339406061314,-5.192604273684367,-4.616496992238936,10.953715849789692,262.265,8.155739019105782,278.5764780382116,245.95352196178843,4570019.0
HPPL,2024-05-08,250.9,254.0,245.2,245.2,-2.27 %,7130.0,1763946.3,-0.022718214428059103,-0.02298024931032039,252.35999999999999,261.025,255.7227239163046,261.5227321483576,36.036451337805524,-5.800008232052988,-4.8531992402017465,10.799879003376144,261.025,8.779274337616886,278.58354867523377,243.4664513247662,4562889.0
HPPL,2024-05-09,245.0,254.0,245.0,250.0,1.96 %,6400.0,1579921.5,0.019575856443719397,0.019386713800190084,250.35999999999999,259.875,254.84230485225777,260.6691964336644,40.808178810573736,-5.826891581406642,-5.047937708442726,10.671316217420705,259.875,8.633281683808631,277.14156336761727,242.60843663238273,4569289.0
HPPL,2024-05-12,250.0,255.0,245.1,248.0,-0.80 %,9085.0,2272640.4,-0.008000000000000007,-0.008032171697264267,249.56,258.725,253.78964256729503,259.73073743857816,39.486384454000294,-5.941094871283127,-5.226569141010806,10.616222201890654,258.725,8.605192740762691,275.93538548152543,241.51461451847464,4560204.0
HPPL,2024-05-13,248.0,255.0,244.1,254.0,2.42 %,3615.0,908800.5,0.024193548387096753,0.023905520853554386,249.61999999999998,257.685,253.82200524924963,259.30623836905386,45.2189970887755,-5.48423311980423,-5.278101936769491,10.63649204461275,257.685,7.777245825611745,273.2394916512235,242.13050834877652,4563819.0
HPPL,2024-05-14,249.0,263.0,249.0,262.9,3.50 %,8592.0,2217877.9,0.03503937007874014,0.034439464717298925,252.01999999999998,257.18,255.21861982628815,259.5724429343091,52.41934311636499,-4.353823108020947,-5.093246171019783,10.876742612854697,257.18,7.021665719336317,271.22333143867263,243.13666856132738,4572411.0
HPPL,2024-05-15,268.1,268.1,254.2,261.0,-0.72 %,18635.0,4848648.3,-0.007227082540889995,-0.007253324413142039,255.18,256.59,256.1080629299361,259.67818790213806,50.88177652799022,-3.5701249722019384,-4.788621931256214,11.092689569079365,256.59,6.071581776076074,268.7331635521521,244.44683644784783,4553776.0
HPPL,2024-05-16,260.0,263.0,251.0,256.2,-1.84 %,5851.0,1483654.0,-0.01839080459770115,-0.018562017860059538,256.41999999999996,255.9,256.1222070945613,259.42054435383153,47.121387728932135,-3.2983372592702267,-4.490564996859017,11.157497457002268,255.9,5.1871298219630075,266.27425964392603,245.52574035607398,4547925.0
HPPL,2024-05-19,261.3,261.3,252.0,259.0,1.09 %,9827.0,2507639.8,0.010928961748633892,0.010869672236903891,258.62,255.65,256.5649444646288,259.3893929202144,49.467468792703755,-2.824448455585582,-4.15734168860433,11.024819067216393,255.65,4.88806279574662,265.42612559149325,245.87387440850677,4557752.0
HPPL,2024-05-20,262.4,262.4,257.1,262.0,1.16 %,16649.0,4322240.8,0.01158301158301156,0.01151644206155908,260.21999999999997,255.89500000000004,257.4011068546859,259.5827712224207,51.928399867334626,-2.181664367734811,-3.762206224430426,10.615903419558077,255.89500000000004,5.083458727284334,266.0619174545687,245.72808254543136,4574401.0
HPPL,2024-05-21,264.9,266.9,259.7,264.0,0.76 %,15330.0,4020721.7,0.007633587786259444,0.0076045993852192125,260.43999999999994,256.345,258.4163211847342,259.90997335409327,53.552396529985025,-1.493652169359052,-3.3084954134161517,10.37191031816107,256.345,5.389216816491904,267.12343363298385,245.5665663670162,4589731.0
HPPL,2024-05-22,265.0,266.0,259.5,261.9,-0.80 %,11286.0,2962150.5,-0.007954545454545547,-0.007986351632650044,260.62,256.585,258.9522717716982,260.0573827352715,51.581934098558875,-1.1051109635733383,-2.8678185234475895,10.09534529543528,256.585,5.529659264309923,267.6443185286198,245.52568147138012,4578445.0
HPPL,2024-05-26,257.2,263.9,252.0,257.5,-1.68 %,9444.0,2429722.7,-0.01680030546009914,-0.01694303140987524,260.88,256.51,258.7288453452831,259.86794697710326,47.62766178260795,-1.1391016318201537,-2.5220751451221024,10.224249202904186,256.51,5.505298882885035,267.52059776577005,245.49940223422993,4569001.0
HPPL,2024-05-27,254.0,262.4,254.0,260.0,0.97 %,9622.0,2491058.5,0.009708737864077666,0.00966191091173689,261.08000000000004,256.76,258.92440759985493,259.877728682503,49.974238077884124,-0.953321082648074,-2.2083243326272965,10.093945688411027,256.76,5.546492490555524,267.85298498111104,245.66701501888895,4578623.0
HPPL,2024-05-29,265.2,265.2,253.7,254.0,-2.31 %,12777.0,3285710.6,-0.023076923076923106,-0.023347363996991177,259.48,256.51,258.1668064306465,259.44234137268796,44.78759478344723,-1.2755349420414746,-2.021766454510132,10.194378139238811,256.51,5.552893982363511,267.615787964727,245.40421203527296,4565846.0
HPPL,2024-05-30,252.0,263.5,251.0,257.0,1.18 %,9630.0,2480488.0,0.011811023622047223,0.011741817876683195,258.08000000000004,256.665,257.9872977490086,259.2614271969333,47.70982853735029,-1.2741294479247358,-1.8722390531930528,10.359065415007468,256.665,5.519370196756317,267.70374039351265,245.6262596064874,4575476.0
HPPL,2024-06-02,254.0,260.0,254.0,257.0,0.00 %,7500.0,1921302.0,0.0,0.0,257.1,256.315,257.8354057876226,259.0939140712345,47.70982853644383,-1.2585082836118886,-1.7494928992768202,10.047703599649791,256.315,5.244874691233168,266.80474938246635,245.82525061753367,4575476.0
HPPL,2024-06-03,257.0,261.9,250.0,260.0,1.17 %,28280.0,7169442.7,0.011673151750972721,0.01160554612030789,257.6,256.315,258.1684202818345,259.16103154743934,50.7339248438874,-0.9926112656048076,-1.5981165725424178,10.18001048538909,256.315,5.244874691233168,266.80474938246635,245.82525061753367,4603756.0
HPPL,2024-06-04,258.0,260.0,253.0,257.0,-1.15 %,8972.0,2291700.7,-0.011538461538461497,-0.01160554612030789,257.0,256.565,257.9886633153984,259.0009551365179,47.75939034708023,-1.0122918211195042,-1.4809516222578352,9.95286687928987,256.565,5.146616159687655,266.8582323193753,246.2717676806247,4594784.0
HPPL,2024-06-05,252.8,255.5,250.0,251.1,-2.30 %,8551.0,2163313.0,-0.022957198443579796,-0.023224818731680502,256.41999999999996,256.435,256.92886895918326,258.41569920047954,42.48392664440284,-1.4868302412962748,-1.4821273460655233,9.741947816483451,256.435,5.254499325179955,266.9439986503599,245.9260013496401,4586233.0
HPPL,2024-06-06,251.1,258.0,250.4,253.9,1.12 %,11048.0,2802269.1,0.011150935882118684,0.01108922254709343,255.8,256.585,256.4628891193089,258.081202963407,45.55741321520641,-1.618313844098111,-1.509364645672041,9.58895154387749,256.585,5.12950956929352,266.84401913858704,246.32598086141294,4597281.0
HPPL,2024-06-09,258.9,269.0,250.0,251.2,-1.06 %,13920.0,3528123.1,-0.010634107916502655,-0.010691054116589237,254.63999999999996,256.885,255.65321387018446,257.5714842253768,43.162242318513485,-1.9182703551923623,-1.5911457875761053,10.261169290743386,256.885,4.57398536351866,266.0329707270373,247.73702927296267,4583361.0
HPPL,2024-06-10,256.2,265.0,254.0,260.0,3.50 %,29122.0,7540539.7,0.035031847133758065,0.03443219642148422,254.63999999999996,257.385,256.3219501978484,257.75137428275633,52.01685812358247,-1.4294240849079074,-1.5588014470424658,10.513942912833144,257.385,4.321339339212783,266.02767867842556,248.74232132157442,4612483.0
HPPL,2024-06-11,263.8,268.0,258.0,265.0,1.92 %,50381.0,13297889.7,0.019230769230769162,0.01904819497069441,256.23999999999995,258.235,257.6570347827948,258.2883095210707,56.19276358501906,-0.631274738275863,-1.3732961052891455,10.477232704773634,258.235,4.041010165578432,266.31702033115687,250.15297966884316,4662864.0
HPPL,2024-06-12,270.0,270.0,260.8,265.0,0.00 %,20813.0,5485321.1,0.0,0.0,259.02,258.78499999999997,258.78672173928794,258.78547177876914,56.19276358396574,0.0012499605188054375,-1.0983868921275552,10.386001797289802,258.78499999999997,4.180440042361487,267.14588008472293,250.424119915277,4662864.0
HPPL,2024-06-13,265.0,265.0,260.0,260.0,-1.89 %,11140.0,2905563.0,-0.018867924528301883,-0.019048194970694474,260.23999999999995,258.64,258.9733799332437,258.87543683219366,51.04105825907117,0.09794310105002069,-0.85912089349204,10.001287383197674,258.64,4.079267220107449,266.7985344402149,250.48146555978508,4651724.0
HPPL,2024-06-16,255.2,270.0,255.2,263.9,1.50 %,19521.0,5175530.9,0.014999999999999902,0.014888612493750559,262.78000000000003,258.78499999999997,259.73132148197544,259.2476266964756,54.54181549439304,0.4836947854998357,-0.5905577576936649,10.344052570112126,258.78499999999997,4.216792869666951,267.2185857393339,250.35141426066608,4671245.0
HPPL,2024-06-18,260.0,269.1,260.0,267.5,1.36 %,49918.0,13318291.2,0.013641530882910313,0.013549322826782973,264.28000000000003,259.35,260.9265027924408,259.8589136078478,57.55858678815615,1.0675891845929755,-0.25892836923633683,10.255191672246976,259.35,4.592499606095483,268.534999212191,250.16500078780905,4721163.0
HPPL,2024-06-19,271.7,271.7,265.1,267.9,0.15 %,18776.0,5005733.0,0.0014953271028037562,0.0014942102145018336,264.86,259.79499999999996,261.99934851668064,260.4545496368961,57.89295672188611,1.544798879784537,0.10181708056783789,9.994106552800762,259.79499999999996,4.972288999559755,269.7395779991195,249.85042200088046,4739939.0
HPPL,2024-06-20,269.0,269.0,263.1,265.0,-1.08 %,20033.0,5299059.0,-0.010824934677118203,-0.01088395056434072,264.86,259.945,262.4609872064221,260.7912496637927,54.53820114567505,1.6697375426293775,0.41540117298014584,9.701670370457848,259.945,5.086253403500058,270.1175068070001,249.7724931929999,4719906.0
HPPL,2024-06-23,270.0,280.0,267.1,277.0,4.53 %,80245.0,22181274.5,0.04528301886792452,0.04428768020111628,268.26000000000005,260.59499999999997,264.69775840543406,261.9918978368451,63.86838937874178,2.705860568588946,0.873493052101906,10.080122486853716,260.59499999999997,6.3141841161811225,273.2233682323622,247.96663176763772,4800151.0
HPPL,2024-06-24,279.0,285.6,272.1,279.0,0.72 %,37455.0,10363112.0,0.0072202166064982976,0.007194275634027231,271.28000000000003,261.45,266.8981032661365,263.25175725633807,65.15206208269731,3.6463460097984353,1.428063643641212,10.32439945207845,261.45,7.539126013871243,276.5282520277425,246.3717479722575,4837606.0
HPPL,2024-06-25,276.0,296.0,273.6,293.0,5.02 %,101545.0,28804144.6,0.05017921146953408,0.0489608271957017,276.38,263.225,270.9137796867309,265.4553307929056,72.51358686802115,5.4584488938252775,2.2341406936780253,11.18694234835856,263.225,10.251360628581587,283.7277212571632,242.72227874283686,4939151.0
HPPL,2024-06-26,295.0,297.0,285.4,295.8,0.96 %,112739.0,32923253.4,0.009556313993174026,0.009510941259632083,281.96,265.015,274.74242896569535,267.7030840675052,73.70977549172764,7.039344898190166,3.1951815345804535,11.21644646633295,265.015,12.530731696213431,290.07646339242683,239.9535366075731,5051890.0
HPPL,2024-06-27,301.0,308.0,290.1,307.0,3.79 %,240614.0,72913150.9,0.03786342123056108,0.037164197310497624,290.36,267.665,279.70513220174223,270.61396672917147,77.86025993646695,9.091165472570765,4.374378322178516,11.693843147309167,267.665,15.362849071032313,298.39069814206465,236.9393018579354,5292504.0
HPPL,2024-06-30,307.0,308.0,295.0,299.0,-2.61 %,85773.0,25853015.1,-0.026058631921824116,-0.026404174196510737,294.76000000000005,269.765,282.6735734014742,272.71663586034396,69.42883424502907,9.95693754113023,5.4908901659688585,11.787140065358512,269.765,16.645317818038798,303.05563563607757,236.4743643639224,5206731.0
HPPL,2024-07-01,304.9,304.9,293.7,300.0,0.33 %,49635.0,14764956.7,0.0033444816053511683,0.0033389012655146303,298.96000000000004,271.915,285.3391774935551,274.7376257966148,69.86807909838288,10.601551696940305,6.513022472163149,11.745201489261476,271.915,17.65610897709003,307.2272179541801,236.60278204581996,5256366.0
HPPL,2024-07-02,306.0,318.2,294.0,300.0,0.00 %,59703.0,17943041.2,0.0,0.0,300.36,273.915,287.5946886483928,276.60891277464333,69.8680790973018,10.985775873749446,7.407573152480408,12.634829954314228,273.915,18.481606076265102,310.87821215253024,236.9517878474698,5256366.0
HPPL,2024-07-03,305.0,305.0,285.2,290.0,-3.33 %,57405.0,16727738.3,-0.033333333333333326,-0.03390155167568134,299.2,275.565,287.9647365486401,277.6008451617068,59.888593352108494,10.36389138693329,7.998836799370985,13.146627814720356,275.565,18.3647051361349,312.29441027226983,238.8355897277302,5198961.0
HPPL,2024-07-04,284.2,294.0,284.2,288.0,-0.69 %,64823.0,18833137.9,-0.006896551724137945,-0.006920442844573795,295.4,277.40999999999997,287.9701616950031,278.3711529275063,58.10116405637948,9.599008767496855,8.31887119299616,12.90758297081176,277.40999999999997,17.615779409689942,312.64155881937984,242.1784411806201,5134138.0
HPPL,2024-07-07,293.7,293.7,285.0,291.0,1.04 %,63454.0,18204886.7,0.01041666666666674,0.010362787035546658,293.8,279.265,288.4362906650026,279.3066230810243,60.02830410063547,9.12966758397829,8.481030471192586,12.60704133003949,279.265,16.950617905219364,313.1662358104387,245.36376418956127,5197592.0
HPPL,2024-07-08,296.8,296.8,282.0,282.7,-2.85 %,28783.0,8224107.2,-0.02852233676975946,-0.028937002471947866,290.34,280.84000000000003,287.5537844088484,279.5579843342818,52.79340449554029,7.995800074566603,8.38398439186739,12.763681235036671,280.84000000000003,15.616603849422232,312.0732076988445,249.60679230115556,5168809.0
HPPL,2024-07-09,288.0,288.0,280.5,282.5,-0.07 %,13154.0,3730974.2,-0.0007074637424832053,-0.0007077141130490322,286.84,281.96500000000003,286.7762791151794,279.7759114206313,52.62880196496085,7.0003676945481175,8.107261052403537,12.387704003962625,281.96500000000003,14.826763674279778,311.6185273485596,252.31147265144048,5155655.0
HPPL,2024-07-10,288.0,288.0,280.7,286.0,1.24 %,45428.0,12902546.9,0.012389380530973382,0.012313260233356887,286.03999999999996,283.015,286.65685155899797,280.23695501910305,55.257837972876935,6.419896539894921,7.769788149901814,12.024296575108153,283.015,14.296200268098145,311.6074005361963,254.4225994638037,5201083.0
HPPL,2024-07-11,290.0,295.0,285.0,293.9,2.76 %,41121.0,11978231.8,0.027622377622377625,0.02724776260501908,287.21999999999997,284.46,287.7711820883829,281.2490324250954,60.576269947583576,6.522149663287507,7.5202604525789525,11.879703962600427,284.46,13.832509381517653,312.1250187630353,256.79498123696465,5242204.0
HPPL,2024-07-14,299.7,300.0,290.0,299.0,1.74 %,68113.0,20183965.9,0.017352841102415972,0.01720399996581494,288.82,286.40999999999997,289.498692536324,282.56391891212536,63.58558557980435,6.934773624198613,7.403163086902885,11.745439393843252,286.40999999999997,12.921825681677502,312.25365136335495,260.566348636645,5310317.0
HPPL,2024-07-15,300.0,306.0,293.2,306.0,2.34 %,133035.0,39840571.9,0.02341137123745818,0.02314152856169433,293.48,288.515,292.03735522304333,284.2999249186346,67.27763312834178,7.737430304408747,7.470016530404058,11.820765151425878,288.515,12.483558660990385,313.48211732198075,263.5478826780192,5443352.0
HPPL,2024-07-16,305.0,329.0,300.0,323.0,5.56 %,166216.0,52191743.1,0.05555555555555558,0.05406722127027579,301.58000000000004,291.28999999999996,296.8008390348828,287.1665971468839,74.13605615080377,9.63424188799894,7.902861601923034,13.047853354895459,291.28999999999996,13.67771526012707,318.6454305202541,263.93456947974585,5609568.0
HPPL,2024-07-17,329.4,329.4,314.0,324.0,0.31 %,118041.0,37857445.7,0.003095975232198178,0.0030911925696728796,309.18,294.09499999999997,300.98532533720856,289.8949973582258,74.47496404297851,11.09032797898277,8.540354877334982,13.215863829545782,294.09499999999997,14.36371433418051,322.822428668361,265.36757133163894,5727609.0
HPPL,2024-07-18,327.0,340.0,315.0,325.0,0.31 %,155948.0,50769377.1,0.0030864197530864335,0.0030816665374081144,315.4,297.09499999999997,304.67989066994573,292.49536792428313,74.83014714318787,12.184522745662605,9.269188451000506,14.057587841721084,297.09499999999997,14.232301104778786,325.55960220955757,268.6303977904424,5883557.0
HPPL,2024-07-21,329.0,330.0,316.0,327.0,0.62 %,151562.0,49097867.3,0.006153846153846176,0.006134988567515929,321.0,299.59499999999997,308.11375364380024,295.05126659655843,75.56256058920317,13.062487047241802,10.027848170248767,14.053474424455292,299.59499999999997,14.892791438892164,329.3805828777843,269.8094171222156,6035119.0
HPPL,2024-07-22,333.5,339.3,321.0,335.5,2.60 %,82327.0,26991652.1,0.025993883792049033,0.02566178551448319,326.9,302.41999999999996,312.32702231398486,298.0474690708874,78.43469552786082,14.279553243097439,10.878189184818503,14.356797679851343,302.41999999999996,16.09104360228846,334.6020872045769,270.23791279542303,6117446.0
HPPL,2024-07-23,330.0,345.0,330.0,339.0,1.04 %,82514.0,28082978.0,0.010432190760059523,0.010378150968713688,330.1,304.71999999999997,316.4305573426025,301.0809898804513,79.50294902904812,15.349567462151242,11.772464840285052,14.402740702719106,304.71999999999997,17.86362372621499,340.44724745242996,268.99275254757,6199960.0
HPPL,2024-07-24,344.8,344.8,325.0,325.2,-4.07 %,95831.0,31727553.2,-0.04070796460176995,-0.04155972970679478,330.34000000000003,306.19,317.7797023668175,302.8675832226401,65.68665404823302,14.912119144177382,12.40039570106352,14.788259223953457,306.19,18.295409260254488,342.780818520509,269.599181479491,6104129.0
HPPL,2024-07-25,331.7,331.7,320.1,326.0,0.25 %,54174.0,17564830.1,0.002460024600245969,0.0024570036930520837,330.54,307.14,319.04436354115325,304.58109557651863,66.05493611506486,14.46326796463461,12.812970153777739,14.560526422242493,307.14,18.825302122414964,344.7906042448299,269.48939575517005,6158303.0
HPPL,2024-07-28,332.5,342.0,319.5,342.0,4.91 %,87059.0,28793562.8,0.04907975460122693,0.04791335569589745,333.54,309.29,322.5759999194374,307.3528662745543,72.42862198826383,15.223133644883092,13.295002851998811,15.127631677796602,309.29,20.24840214619109,349.7868042923822,268.7931957076178,6245362.0
HPPL,2024-07-29,348.8,367.0,336.0,353.0,3.22 %,192635.0,67567667.6,0.032163742690058506,0.03165731987069164,337.04,311.94,327.25661531644704,310.7341354394021,75.79373187423776,16.52247987704493,13.940498257008036,16.2613722722397,311.94,22.329786573571013,356.599573147142,267.280426852858,6437997.0
HPPL,2024-07-30,360.0,372.3,347.0,367.0,3.97 %,108293.0,39045995.0,0.03966005665722383,0.03889379112127354,342.64,315.29,333.3709821908398,314.90197725870564,79.2627869938132,18.46900493213417,14.846199592033262,16.906988538508294,315.29,25.275698751341885,365.8413975026838,264.73860249731626,6546290.0
HPPL,2024-07-31,374.3,389.0,362.0,370.0,0.82 %,94697.0,35716851.1,0.008174386920980936,0.008141157583699866,351.6,319.29,339.0062156999414,318.9833122765793,79.92665392347783,20.022903423362095,15.881540358299029,17.627917928614846,319.29,27.311033051057155,373.91206610211435,264.6679338978857,6640987.0
HPPL,2024-08-01,370.0,377.0,359.2,370.0,0.00 %,159636.0,58324028.0,0.0,0.0,360.4,323.39,343.77449020764266,322.76232618201783,79.92665392255932,21.012164025624827,16.907665091764187,17.64020950514236,323.39,28.495796550592516,380.381593101185,266.398406898815,6640987.0
HPPL,2024-08-05,370.0,372.9,354.0,371.0,0.27 %,108838.0,39683984.0,0.002702702702702675,0.0026990569691649835,366.2,327.39,347.96303017569767,326.33548720557206,80.1720438358781,21.627542970125603,17.85164066743647,17.730194540489332,327.39,29.3130095062909,386.0160190125818,268.76398098741817,6749825.0
HPPL,2024-08-06,374.9,374.9,341.0,342.0,-7.82 %,66223.0,23485997.8,-0.07816711590296499,-0.08139132554483001,364.0,330.355,347.045640917898,327.4958214866408,58.020607576361726,19.54981943125722,18.19127642020062,18.885180644740096,330.355,27.49758793249621,385.3501758649924,275.3598241350076,6683602.0
HPPL,2024-08-07,347.0,363.0,336.3,360.0,5.26 %,84767.0,29810841.5,0.05263157894736836,0.05129329438755048,362.6,334.23,349.0386192382214,329.9035384135563,64.56501563917124,19.135080824665067,18.38003730109351,19.443382027258657,334.23,25.80763045058118,385.84526090116236,282.6147390988377,6768369.0
HPPL,2024-08-08,367.2,369.9,349.0,351.1,-2.47 %,63904.0,22687385.6,-0.0247222222222222,-0.025032948275769105,358.82,337.485,349.3557547400335,331.4736466792188,59.61620607690198,17.882108060814687,18.280451453037745,19.54742616816875,337.485,23.397261985564008,384.279523971128,290.690476028872,6704465.0
HPPL,2024-08-11,358.1,386.2,353.8,370.0,5.38 %,103927.0,38118630.2,0.05383081743093121,0.05243192246388343,358.82,341.29,352.531792472336,334.32745062890626,65.63932748601982,18.204341843429745,18.265229531116148,20.65832429901384,341.29,22.087407700937142,385.4648154018743,297.1151845981257,6808392.0
HPPL,2024-08-12,370.0,400.0,370.0,374.0,1.08 %,102756.0,39194047.4,0.0108108108108107,0.010752791776261697,359.41999999999996,345.04,355.8345936304382,337.266157989728,66.76897036365612,18.568435640710163,18.325870753034952,21.32558684908428,345.04,20.862290331954664,386.7645806639093,303.3154193360907,6911148.0
HPPL,2024-08-13,375.0,401.1,371.4,391.0,4.55 %,269292.0,103033114.5,0.045454545454545414,0.044451762570833796,369.21999999999997,349.29,361.2446561488323,341.2464425830815,71.11528544461822,19.998213565750802,18.66033931557812,21.923759217006836,349.29,21.146628448451427,391.58325689690287,306.9967431030972,7180440.0
HPPL,2024-08-14,398.0,420.0,398.0,419.0,7.16 %,199452.0,82068306.3,0.07161125319693085,0.06916335993677186,381.02,354.09000000000003,370.13009366439655,347.00596535470504,76.55444419988343,23.124128309691514,19.5530971144008,22.429204987220636,354.09000000000003,25.343885383180318,404.7777707663607,303.4022292336394,7379892.0
HPPL,2024-08-15,427.0,440.0,405.0,420.0,0.24 %,127646.0,53509280.1,0.0023866348448686736,0.0023837913552761975,394.8,358.89,377.8023869467971,352.4129308839861,76.72302836628458,25.389456062811007,20.72036890408284,23.327118916704876,358.89,28.26738682465549,415.42477364931096,302.355226350689,7507538.0
HPPL,2024-08-18,428.4,428.4,389.1,393.0,-6.43 %,133377.0,53420579.6,-0.06428571428571428,-0.06644509940815274,399.4,362.29,380.1404812626745,355.41938044813526,63.45590565592431,24.721100814539227,21.52051528617412,24.468038994083095,362.29,28.06535418025421,418.42070836050846,306.1592916394916,7374161.0
HPPL,2024-08-21,395.0,411.9,375.0,395.0,0.51 %,111672.0,43293233.7,0.0050890585241729624,0.005076153031860568,403.6,365.69,382.42656106841685,358.3512781927178,63.95314931244578,24.07528287569903,22.031468804079104,25.356036208791444,365.69,27.681437823927055,421.0528756478541,310.3271243521459,7485833.0
HPPL,2024-08-22,398.9,427.6,385.0,416.0,5.32 %,312667.0,128207183.1,0.05316455696202538,0.05179949536014147,408.6,369.71500000000003,387.59170551942964,362.62155388214615,68.75977385657919,24.970151637283493,22.619205370719982,26.587747908163486,369.71500000000003,28.88691699860219,427.48883399720444,311.9411660027956,7798500.0
HPPL,2024-08-25,424.0,424.0,402.0,403.0,-3.13 %,102294.0,41826398.3,-0.03125,-0.0317486983145803,405.4,372.915,389.9622123625943,365.61254989087604,63.146325908627695,24.34966247171826,22.965296790919638,26.260051629008952,372.915,28.85016236385786,430.61532472771574,315.2146752722843,7696206.0
HPPL,2024-08-27,395.0,410.0,395.0,396.4,-1.64 %,161717.0,65055422.4,-0.016377171215881003,-0.016512759490850168,400.68,376.475,390.9526412298875,367.8931017508111,60.448189962442285,23.059539479076363,22.984145328550987,25.455762226936887,376.475,26.98504215301307,430.44508430602616,322.5049156939739,7534489.0
HPPL,2024-08-28,390.0,413.0,389.5,394.0,-0.61 %,89577.0,35833087.7,-0.006054490413723412,-0.006072893157899008,400.88,379.875,391.4214656560587,369.82694606556583,59.4533706393297,21.594519590492837,22.706220180939358,25.316064925012824,379.875,24.456037355993963,428.78707471198794,330.96292528801206,7444912.0
HPPL,2024-08-29,394.0,403.0,385.0,385.0,-2.28 %,54286.0,21367554.5,-0.022842639593908642,-0.023107575010149605,398.88,382.025,390.43354786281884,370.950875986635,55.74820401814397,19.482671876183815,22.061510519988254,24.79348885894048,382.025,22.784063567139363,427.5931271342787,336.45687286572127,7390626.0
HPPL,2024-09-01,390.0,423.0,385.5,423.0,9.87 %,108046.0,43043654.8,0.09870129870129873,0.09412884475849377,400.28000000000003,385.525,395.443771268539,374.80636665429165,65.51912165087829,20.637404614247373,21.77668933884008,25.736811083301877,385.525,23.457304439743297,432.43960887948657,338.6103911205134,7498672.0
HPPL,2024-09-02,414.6,463.0,398.3,463.0,9.46 %,281504.0,119128431.7,0.09456264775413703,0.09035487503995603,412.28000000000003,390.325,405.8370372272253,381.33922838360337,72.42197554565269,24.497808843621954,22.320913239796454,28.519896005923172,390.325,28.702702513505248,447.7304050270105,332.9195949729895,7780176.0
HPPL,2024-09-03,453.8,453.8,416.7,422.0,-8.86 %,434939.0,184081271.3,-0.08855291576673863,-0.09272174005022223,417.4,392.925,408.3236468845752,384.3511373922253,59.31448201928894,23.9725094923499,22.651232490307144,29.78990343407152,392.925,29.11687654951716,451.15875309903436,334.69124690096567,7345237.0
HPPL,2024-09-04,415.0,415.0,380.3,389.8,-7.63 %,283396.0,111865447.4,-0.07630331753554498,-0.07937152696255131,416.56000000000006,393.91499999999996,405.47385505617905,384.7547568446531,51.440236697548634,20.71909821152593,22.264805634550903,30.640624617352124,393.91499999999996,28.628901021241255,451.1728020424825,336.65719795751744,7061841.0
HPPL,2024-09-05,383.0,390.0,370.5,372.0,-4.57 %,102226.0,38485869.5,-0.04566444330425867,-0.046739932800313966,413.96000000000004,393.965,400.32403120138224,383.80996004134545,47.672625462417926,16.514071160036792,21.114658739648085,29.844865716112686,393.965,28.587617396713398,451.14023479342677,336.7897652065732,6959615.0
HPPL,2024-09-08,377.0,388.0,372.0,375.0,0.81 %,185323.0,69931380.6,0.008064516129032251,0.008032171697264253,404.36,395.61499999999995,396.4280264011696,383.1573704086532,48.35912875009332,13.270655992516367,19.545858190221743,28.85594673639035,395.61499999999995,26.29052811224726,448.19605622449444,343.03394377550546,7144938.0
HPPL,2024-09-09,375.0,403.0,359.0,360.0,-4.00 %,120362.0,44583956.5,-0.040000000000000036,-0.040821994520255166,383.76,395.61499999999995,390.82371464714345,381.4420096376419,45.168309517876345,9.381705009501559,17.513027554077706,29.937664826648184,395.61499999999995,26.29052811224726,448.19605622449444,343.03394377550546,7024576.0
HPPL,2024-09-10,367.0,373.0,341.2,346.0,-3.89 %,60201.0,21370569.4,-0.03888888888888886,-0.0396652563924314,368.56,395.36,383.9277585475829,378.81667559040915,42.359052768222966,5.111082957173778,15.032638634696921,30.070688767601887,395.36,26.765460854180226,448.89092170836045,341.8290782916396,6964375.0
HPPL,2024-09-11,351.0,352.0,334.0,337.0,-2.60 %,42871.0,14605131.7,-0.026011560693641633,-0.026355844705362546,358.0,393.71,376.7081033864163,375.71914406519363,40.61043690029212,0.9889593212226941,12.223902772002077,29.20849671277318,393.71,29.30755067069933,452.32510134139864,335.0948986586013,6921504.0
HPPL,2024-09-12,343.7,359.8,336.4,353.6,4.93 %,153973.0,52639763.9,0.049258160237388715,0.04808340041112664,354.32,392.69,373.15301055773693,374.08068894925333,45.111161871208694,-0.9276783915163946,9.593586539298384,28.793604090432243,392.69,30.36552581291094,453.42105162582186,331.95894837417814,7075477.0
HPPL,2024-09-15,360.6,364.0,336.0,339.0,-4.13 %,62683.0,22047894.9,-0.04128959276018107,-0.04216622338303819,347.12,390.09000000000003,367.898701241162,371.48211939745676,42.08995634069904,-3.5834181562947833,6.958185600179751,28.7369180839728,390.09000000000003,32.65755171794667,455.40510343589335,324.7748965641067,7012794.0
HPPL,2024-09-16,345.7,345.7,321.1,328.0,-3.24 %,39767.0,13119141.0,-0.03244837758112096,-0.03298649899630654,340.71999999999997,385.54,361.76043951175245,368.26122166431185,39.9206618946212,-6.500782152559395,4.266392049631922,28.441423935117598,385.54,34.693490971496786,454.9269819429936,316.1530180570064,6973027.0
HPPL,2024-09-18,322.1,334.0,319.5,319.5,-2.59 %,22432.0,7277263.3,-0.02591463414634143,-0.026256334566554206,335.41999999999996,380.515,355.25883343302127,364.64927931880726,38.27889916345056,-9.390445885785994,1.5350244625483391,27.445607939752055,380.515,36.66197334396446,453.8389466879289,307.19105331207106,6950595.0
HPPL,2024-09-22,319.5,338.0,316.1,317.0,-0.78 %,35234.0,11318911.9,-0.007824726134585291,-0.007855499940308883,331.41999999999996,376.71500000000003,349.3728590587103,361.1197030729697,37.786681517551024,-11.746844014259409,-1.1213492328132106,27.049493086912623,376.71500000000003,39.15380300141452,455.0226060028291,298.40739399717097,6915361.0
HPPL,2024-09-23,322.0,323.3,300.1,301.3,-4.95 %,42019.0,13037338.1,-0.04952681388012614,-0.05079532774102502,320.96000000000004,372.03000000000003,341.9770345881395,356.6886139564534,34.76349143550735,-14.711579368313949,-3.8393952599133585,26.77452929499029,372.03000000000003,42.32796885474583,456.68593770949167,287.3740622905084,6873342.0
HPPL,2024-09-24,307.3,310.0,296.0,296.0,-1.76 %,42656.0,12942261.2,-0.017590441420511138,-0.017746991812195197,312.36,366.03000000000003,334.90364465150265,352.1931610707902,33.780931124092106,-17.289516419287565,-6.5294194917882,25.8620629167767,366.03000000000003,44.22947457355298,454.488949147106,277.5710508528941,6830686.0
HPPL,2024-09-25,301.9,310.0,296.0,307.8,3.99 %,27442.0,8308530.4,0.03986486486486496,0.03909076708071857,308.32000000000005,361.27000000000004,330.7338531666561,348.9047787692502,37.983672768389,-18.17092560259408,-8.857720713949377,25.01477270843551,361.27000000000004,45.15440294437649,451.57880588875304,270.96119411124704,6858128.0
HPPL,2024-09-26,312.0,314.0,295.0,295.0,-4.16 %,24449.0,7435686.6,-0.04158544509421702,-0.042474865064959025,303.41999999999996,356.2,325.2363372948629,344.9118321937502,35.36188419133852,-19.67549489888728,-11.021275550936958,24.585146086404404,356.2,46.66960015842592,449.53920031685186,262.8607996831481,6833679.0
HPPL,2024-09-29,300.0,300.0,290.1,293.0,-0.68 %,16477.0,4837675.1,-0.006779661016949157,-0.006802747322752523,298.62,351.15,320.2769007879609,341.0665112905094,34.95588448799876,-20.7896105025485,-12.974942541259267,23.53620708023266,351.15,47.81451552339357,446.7790310467871,255.52096895321284,6817202.0
HPPL,2024-09-30,294.0,301.7,294.0,298.0,1.71 %,15658.0,4682876.9,0.017064846416382284,0.016920877488337177,297.96,346.8,316.8496852821208,337.8763993430643,36.90618614898124,-21.026714060943505,-14.585296845196115,22.476478003073183,346.8,48.52507761863713,443.8501552372743,249.74984476272576,6832860.0
HPPL,2024-10-01,303.0,318.9,303.0,318.9,7.01 %,37776.0,11759308.0,0.07013422818791937,0.0677840875106074,302.53999999999996,341.59499999999997,317.16511831564065,336.4707401324669,44.40953365686062,-19.30562181682626,-15.529361839522146,22.363872431425097,341.59499999999997,45.4040976008489,432.40319520169777,250.78680479830217,6870636.0
HPPL,2024-10-02,313.0,320.0,308.0,313.0,-1.85 %,28114.0,8820415.2,-0.018501097522734322,-0.01867438347585864,303.58000000000004,334.09499999999997,316.52433088246516,334.7321667893212,42.8599661077873,-18.20783590685602,-16.065056652988922,21.62359582918045,334.09499999999997,35.631601512082874,405.35820302416573,262.8317969758342,6842522.0
HPPL,2024-10-06,306.8,322.0,306.8,321.5,2.72 %,15733.0,4993945.5,0.02715654952076685,0.026794353137520936,308.88,329.07,317.28981843900897,333.7520062864085,45.79443668609363,-16.462187847399548,-16.14448289187105,21.16476755566756,329.07,29.06339893912678,387.19679787825356,270.9432021217464,6858255.0
HPPL,2024-10-07,315.1,337.8,315.1,325.0,1.09 %,44009.0,14564458.7,0.010886469673405896,0.010827638652063393,315.28000000000003,325.83000000000004,318.476000217623,333.1037095244523,47.001382054254215,-14.627709306829331,-15.841128174862707,21.274427015977018,325.83000000000004,25.305940638100374,376.4418812762008,275.2181187237993,6902264.0
HPPL,2024-10-08,325.0,331.5,319.6,319.6,-1.66 %,22954.0,7499713.9,-0.016615384615384587,-0.016754968437617854,319.6,323.21000000000004,318.6489232610656,332.1034347448633,45.32455713761295,-13.454511483797717,-15.36380483664971,20.604825086264373,323.21000000000004,22.869513146962074,368.9490262939242,277.4709737060759,6879310.0
HPPL,2024-10-09,315.3,340.1,315.3,326.0,2.00 %,16766.0,5435085.3,0.02002503128911126,0.019827167474587917,321.02,320.76000000000005,319.7798581439786,331.65132846746604,47.705788567716304,-11.871470323487472,-14.665337934017263,20.904480437245493,320.76000000000005,19.38910165938662,359.5382033187733,281.9817966812268,6896076.0
HPPL,2024-10-15,332.5,337.0,325.0,334.9,2.73 %,19174.0,6334557.4,0.02730061349693247,0.026934598433451213,325.4,319.505,322.10603381413574,331.89197080320935,50.90775590711082,-9.785936989073605,-13.689457745028532,20.268446120299387,319.505,17.428756485524673,354.36251297104934,284.64748702895065,6915250.0
HPPL,2024-10-16,332.0,354.8,330.2,348.0,3.91 %,28062.0,9717388.9,0.03911615407584357,0.038370499974315464,330.7,319.605,326.0897209196533,333.08515815111974,55.25098494632431,-6.99543723146644,-12.350653642316114,20.577842825992292,319.605,17.593733184533633,354.79246636906726,284.4175336309328,6943312.0
HPPL,2024-10-17,348.0,352.9,343.0,344.0,-1.15 %,20675.0,7215288.0,-0.011494252873563204,-0.011560822401075971,334.5,319.95500000000004,328.84514847047586,333.8936649547405,53.689063964301916,-5.04851648426461,-10.890226210705816,19.815139766992843,319.95500000000004,18.022397614901607,355.9997952298032,283.91020477019686,6922637.0
HPPL,2024-10-20,344.0,346.0,328.1,328.1,-4.62 %,34573.0,11677743.1,-0.04622093023255802,-0.04732321740634228,336.2,318.68,328.7305102442488,333.4645045877227,47.893241394724,-4.733994343473853,-9.658979837259423,19.678344069350498,318.68,16.340411642052405,351.3608232841048,285.9991767158952,6888064.0
HPPL,2024-10-21,329.0,334.5,315.1,315.1,-3.96 %,31986.0,10327806.6,-0.03962206644315758,-0.04042839120382703,334.02,317.485,326.63350866821054,332.10417091455804,43.73605263587763,-5.470662246347501,-8.82131631907704,19.658462350111176,317.485,15.63485562857757,348.7547112571552,286.21528874284485,6856078.0
HPPL,2024-10-22,318.0,327.8,313.0,319.9,1.52 %,41376.0,13103963.5,0.015233259282767309,0.015118398192243332,331.02,317.08000000000004,325.5975842577166,331.2001582542204,45.61321345509973,-5.602573996503793,-8.17756785456239,19.311429325103234,317.08000000000004,15.451983350814029,347.9839667016281,286.176033298372,6897454.0
HPPL,2024-10-23,326.2,326.2,310.1,316.3,-1.13 %,23882.0,7512700.6,-0.01125351672397612,-0.01131731664386904,324.67999999999995,316.91999999999996,324.16718667960635,330.0964428279819,44.41630843103768,-5.9292561483755435,-7.727905513325021,19.082041516167287,316.91999999999996,15.442170559189462,347.8043411183789,286.03565888162103,6873572.0
HPPL,2024-10-24,316.5,330.0,310.0,324.2,2.50 %,23528.0,7549584.0,0.02497628833386023,0.024669478989972543,320.72,317.28000000000003,324.17223488274385,329.65966928516843,47.66191675051068,-5.487434402424583,-7.279811291144934,19.147609979298196,317.28000000000003,15.527822228440263,348.3356444568806,286.2243555431195,6897100.0
HPPL,2024-10-27,321.0,333.0,314.7,325.0,0.25 %,71556.0,23340976.9,0.002467612584824197,0.002464573028161772,320.1,318.46500000000003,324.2995833623217,329.31450859737816,47.99309159206704,-5.014925235056467,-6.826834079927242,19.087066409348324,318.46500000000003,15.143707221852784,348.7524144437056,288.17758555629445,6968656.0
HPPL,2024-10-28,320.3,341.0,320.3,334.7,2.98 %,27132.0,9087102.2,0.029846153846153856,0.02940942588754345,324.02000000000004,320.4,325.899647460426,329.71343388646125,51.96216710623191,-3.8137864260352217,-6.224224549148838,19.20227595153773,320.4,14.58427415512044,349.5685483102409,291.23145168975907,6995788.0
HPPL,2024-10-29,341.3,347.9,335.0,339.0,1.28 %,20505.0,6947276.5,0.012847325963549538,0.012765499163169424,327.84000000000003,321.96,327.91508631266817,330.4013276726493,53.650862750881444,-2.486241359981136,-5.476627911315298,18.77354195499932,321.96,14.832127291798983,351.6242545835979,292.29574541640204,7016293.0
HPPL,2024-10-30,341.0,341.0,330.1,332.0,-2.06 %,45716.0,15221049.2,-0.020648967551622377,-0.020865138463961676,330.98,323.81,328.54353457225767,330.5197478450457,50.53637700238198,-1.9762132727880157,-4.776544983609842,18.2111461010708,323.81,13.54399847670407,350.89799695340815,296.72200304659185,6970577.0
HPPL,2024-11-05,338.0,338.0,331.4,333.0,0.30 %,17119.0,5711024.5,0.003012048192771122,0.0030075210639553224,332.74,325.81,329.22914463806416,330.7034702268942,50.974222382363315,-1.4743255888300268,-4.116101104653879,17.381778522422884,325.81,11.563458779598761,348.9369175591975,302.6830824408025,6987696.0
HPPL,2024-11-06,335.0,339.1,332.5,335.0,0.60 %,26830.0,9033929.6,0.006006006006006093,0.005988041844622693,334.74,327.65999999999997,330.1169685399004,331.02173169156873,51.891438957756826,-0.9047631516683055,-3.4738335140567647,16.611651485106965,327.65999999999997,9.687669862692685,347.0353397253853,308.2846602746146,7014526.0
HPPL,2024-11-10,338.2,353.0,338.1,348.0,3.88 %,51111.0,17712371.9,0.0388059701492538,0.03807194794940797,337.4,329.115,332.8682041491465,332.279381195897,57.46226735853329,0.5888229532495188,-2.661302220595508,16.710819236170753,329.115,10.457446352270848,350.0298927045417,308.20010729545834,7065637.0
HPPL,2024-11-11,352.0,357.9,348.0,357.0,2.59 %,69394.0,24501871.2,0.02586206896551735,0.025533302005164845,341.0,331.315,336.58078812620084,334.11053814434905,60.84285553190529,2.4702499818517936,-1.634991780106048,16.224332147872843,331.315,11.468229570154712,354.2514591403094,308.3785408596906,7135031.0
HPPL,2024-11-12,360.0,361.9,350.9,351.0,-1.68 %,30717.0,10930564.0,-0.01680672268907568,-0.01694955831377332,344.8,332.79,338.79912841447765,335.3616093929158,57.558709907016286,3.4375190215618545,-0.6204896197724676,15.851165565881928,332.79,12.023087439548444,356.8361748790969,308.7438251209031,7104314.0
HPPL,2024-11-13,350.1,377.9,348.0,364.9,3.96 %,54509.0,19561839.6,0.039601139601139534,0.038837119976536084,351.17999999999995,334.78499999999997,342.8146471199426,337.5496383267739,62.595817404086354,5.265008793168704,0.5566100628157666,16.8546537397475,334.78499999999997,13.836080788251364,362.4571615765027,307.11283842349724,7158823.0
HPPL,2024-11-14,370.0,398.7,358.0,388.0,6.33 %,189698.0,73914645.1,0.06330501507262265,0.06138199618087149,361.78,338.205,349.76623987072065,341.2867021544203,69.14889399012282,8.479537716300342,2.141195593512682,18.557892758336965,338.205,17.777320708672697,373.7596414173454,302.6503585826546,7348521.0
HPPL,2024-11-17,395.7,418.0,395.7,407.0,4.90 %,174221.0,71432843.4,0.0489690721649485,0.04780784581932159,373.58,342.255,358.57143373676365,346.15435384668547,73.29337693210799,12.417079890078185,4.196372452825782,19.37518613274147,342.255,23.238318514222545,388.7316370284451,295.7783629715549,7522742.0
HPPL,2024-11-19,415.1,415.1,386.2,394.0,-3.19 %,193331.0,77918629.0,-0.03194103194103193,-0.032462276144661156,380.97999999999996,345.21,364.0219823926462,349.698475783968,66.69181654811622,14.323506608678201,6.221799283996267,20.055529980402795,345.21,25.86318049396056,396.9363609879211,293.48363901207887,7329411.0
HPPL,2024-11-20,401.8,404.9,388.2,401.0,1.78 %,67262.0,26821063.5,0.017766497461928932,0.01761051800863537,390.97999999999996,347.86,369.7109081783929,353.49858868885923,68.34515378473682,16.212319489533684,8.21990332510375,19.81584926751688,347.86,28.72140958276708,405.3028191655342,290.41718083446585,7396673.0
HPPL,2024-11-21,405.0,408.0,393.1,395.0,-1.50 %,31846.0,12669038.7,-0.014962593516209433,-0.015075662405447273,397.0,350.40999999999997,373.6015376894094,356.5727673044993,65.35082511620064,17.028770384910104,9.981676737065023,19.46471717697996,350.40999999999997,30.56545866100974,411.5409173220194,289.2790826779805,7364827.0
HPPL,2024-11-24,402.9,410.0,386.0,386.0,-2.28 %,66332.0,26460812.2,-0.02278481012658229,-0.023048395436291017,396.6,353.30499999999995,375.50899342950026,358.75256231898084,61.031445802747065,16.75643111051943,11.336627611755905,19.78866595005282,353.30499999999995,31.07883820561048,415.4626764112209,291.147323588779,7298495.0
HPPL,2024-11-25,393.7,398.0,380.3,389.0,0.78 %,71232.0,27776153.9,0.007772020725388629,0.007741974153615459,393.0,357.0,377.58453290188487,360.9931132583156,61.934604449352875,16.59141964356928,12.387586018118581,19.639475525049047,357.0,30.68810844610614,418.37621689221226,295.62378310778774,7369727.0
HPPL,2024-11-26,396.7,404.9,392.2,400.1,2.85 %,93376.0,37272622.4,0.02853470437018002,0.02813517224474312,394.22,361.01,381.0484509169795,363.8899196836255,65.15274312992591,17.158531233353983,13.341775061165663,19.372370130402683,361.01,30.824663740855236,422.6593274817105,299.3606725182895,7463103.0
HPPL,2024-11-27,400.1,432.0,400.1,428.0,6.97 %,242664.0,102059222.3,0.06973256685828533,0.06740867971860735,399.62,366.595,388.2717661605211,368.6388145218755,71.64225473231274,19.632951638645636,14.600010376661658,20.26720083537392,366.595,32.37759906250864,431.3501981250173,301.83980187498275,7705767.0
HPPL,2024-11-28,436.5,436.5,408.1,425.1,-0.68 %,290363.0,122063257.6,-0.006775700934579354,-0.0067987602170522625,405.64,371.64,393.93764828967176,372.8211245572921,70.17929987245918,21.116523732379676,15.903313047805263,20.84811506141864,371.64,33.27265986867819,438.1853197373564,305.0946802626436,7415404.0
HPPL,2024-12-01,433.6,433.6,414.0,419.3,-1.36 %,116623.0,49217364.4,-0.013643848506233902,-0.01373778118802755,412.3,376.35499999999996,397.83954855279916,376.2640042197149,67.2227015815093,21.57554433308428,17.037759304861066,20.758963985603025,376.35499999999996,32.9959243894708,442.34684877894153,310.3631512210584,7298781.0
HPPL,2024-12-02,425.0,431.0,419.1,425.0,1.36 %,114632.0,48810412.2,0.01359408538039597,0.013502514747699932,419.5,380.87,402.0180795446762,379.87407798121745,68.62178333594451,22.144001563458744,18.059007756580602,20.126180843774236,380.87,33.17369122472729,447.2173824494546,314.5226175505454,7413413.0
HPPL,2024-12-03,430.0,430.0,417.0,417.9,-1.67 %,79780.0,33833430.5,-0.016705882352941237,-0.016846999470547182,423.06000000000006,384.815,404.46145192241835,382.69081294557174,64.90541261728256,21.770638976846612,18.801334000633805,19.61716792636179,384.815,32.619210920138435,450.0534218402769,319.5765781597231,7333633.0
HPPL,2024-12-04,425.0,429.0,416.0,418.0,0.02 %,72156.0,30503074.7,0.00023929169657810334,0.0002392630708865802,421.06000000000006,389.115,406.54430547281555,385.3063082829368,64.93421755164624,21.23799718987874,19.28866663848279,19.144513074478805,389.115,30.914368572079137,450.94373714415826,327.28626285584176,7405789.0
HPPL,2024-12-05,426.3,426.3,409.0,416.0,-0.48 %,79420.0,32901322.9,-0.004784688995215336,-0.004796172263493055,419.23999999999995,393.265,407.999027707767,387.5799150767934,63.8062294518518,20.419112630973643,19.514755836980964,19.012762140587466,393.265,28.458395764229113,450.18179152845823,336.34820847154174,7326369.0
HPPL,2024-12-08,419.0,424.0,413.6,416.8,0.19 %,76972.0,32150668.0,0.0019230769230769162,0.0019212301778938723,418.73999999999995,397.35499999999996,409.3530234450336,389.74436581184574,64.07505570753023,19.608657633187875,19.533536196222347,18.397564844831216,397.35499999999996,25.352514149172688,448.06002829834534,346.6499717016546,7403341.0
HPPL,2024-12-09,424.0,424.0,414.0,416.4,-0.10 %,34675.0,14441367.2,-0.0009596928982725794,-0.0009601536983433704,417.02,400.775,410.4371736842592,391.7188572331905,63.81981608581733,18.718316451068745,19.370492247191628,17.797738784486132,400.775,22.832476293297354,446.4399525865947,355.11004741340525,7368666.0
HPPL,2024-12-10,419.5,419.5,410.0,411.0,-1.30 %,46164.0,19091910.4,-0.012968299711815456,-0.013053122244579106,415.64,403.475,410.52376234821935,393.14709003073193,60.32613656896418,17.37667231748742,18.97172826125079,17.205043157022835,403.475,20.452277572302304,444.37955514460464,362.5704448553954,7322502.0
HPPL,2024-12-11,413.0,414.0,409.0,413.0,0.49 %,31425.0,12950714.7,0.0048661800486617945,0.004854378464798143,414.64,406.575,410.9047219869548,394.6176759543814,61.17389526983892,16.287046032573414,18.434791815515315,16.33325436009263,406.575,16.371537400068885,439.31807480013777,373.8319251998622,7353927.0
HPPL,2024-12-12,415.0,418.8,408.0,408.0,-1.21 %,56982.0,23598251.9,-0.01210653753026636,-0.012180418556871072,413.03999999999996,408.73,410.4578416812695,395.60895921701984,57.846027990306595,14.848882464249641,17.71760994526218,15.938021905800301,408.73,13.108578950633905,434.9471579012678,382.5128420987322,7296945.0
HPPL,2024-12-16,410.0,410.0,388.0,388.0,-4.90 %,99248.0,39349204.6,-0.0490196078431373,-0.05026183478088831,407.28000000000003,408.73,407.0027891149203,395.0453326083517,46.86397244401912,11.957456506568576,16.56557925752346,16.37102034110028,408.73,13.108578950633905,434.9471579012678,382.5128420987322,7197697.0
HPPL,2024-12-17,388.0,394.4,380.1,386.0,-0.52 %,171973.0,66020210.1,-0.005154639175257714,-0.005167970158442561,401.2,407.68,403.771590789548,394.37530797069604,45.92501886951232,9.396282818851944,15.131719969789158,16.22309031673597,407.68,14.060905114227994,435.801810228456,379.558189771544,7025724.0
HPPL,2024-12-18,393.0,396.0,384.0,384.2,-0.47 %,51673.0,20061721.6,-0.004663212435233155,-0.004674119130374582,395.84,407.19,400.7605768219252,393.6215814543482,45.05017866951475,7.138995367577024,13.533175049346733,15.921441008397688,407.19,14.718119874200148,436.6262397484003,377.7537602515997,6974051.0
HPPL,2024-12-19,389.9,402.8,379.2,389.0,1.25 %,158217.0,61086065.5,0.012493492972410314,0.012416093283990128,391.03999999999996,406.59000000000003,398.95125731085983,393.2792420873595,47.900329102945264,5.6720152235003525,11.960943084177456,16.469909507797855,406.59000000000003,15.21978974886806,437.02957949773617,376.1504205022639,7132268.0
HPPL,2024-12-22,394.0,397.7,388.0,393.9,1.26 %,46374.0,18209765.6,0.012596401028277526,0.012517726358413793,388.21999999999997,406.53499999999997,398.1741408014968,393.3252241549624,50.71088388376433,4.848916646534349,10.538537796648836,15.98634454295515,406.53499999999997,15.265795098839417,437.0665901976788,376.00340980232113,7178642.0
HPPL,2024-12-23,393.0,420.0,393.0,409.0,3.83 %,89993.0,36340418.1,0.0383346026910385,0.03761808606594171,392.41999999999996,407.685,399.8396576012665,394.48631866200225,58.195151075518105,5.353338939264233,9.501498025171916,16.773034218458353,407.685,14.483721352272367,436.65244270454474,378.71755729545526,7268635.0
HPPL,2024-12-24,410.0,414.9,402.0,409.9,0.22 %,49116.0,20046161.7,0.0022004889975548725,0.0021980714674899914,397.2,408.73,401.387402585687,395.62807283518725,58.59866897292852,5.759329750499774,8.753064370237487,16.4963889171399,408.73,13.802597009630674,436.3351940192614,381.12480598073864,7317751.0
HPPL,2024-12-26,415.0,415.0,397.0,398.0,-2.90 %,35092.0,14043530.0,-0.029031471090509853,-0.029461222225854143,399.96000000000004,408.625,400.86626372635055,395.8037711436919,51.517856901631255,5.062492582658649,8.01495001272172,16.603789708772766,408.625,13.879476518255016,436.38395303651004,380.86604696348996,7282659.0
HPPL,2024-12-29,396.0,403.0,388.0,388.1,-2.49 %,35333.0,13920715.8,-0.024874371859296418,-0.025188966909577018,399.78000000000003,406.63,398.90222315306585,395.23312142934435,46.48535042524555,3.6691017237214965,7.145780354921675,16.489233301003285,406.63,13.815403302864576,434.26080660572916,378.99919339427083,7247326.0
HPPL,2024-12-31,384.2,399.0,380.5,399.0,2.81 %,84614.0,32788342.9,0.028085544962638487,0.027698378515002828,400.8,405.325,398.9172657449019,395.51214947161515,52.04028713249175,3.405116273286751,6.397647538594691,16.632859493788764,405.325,13.197801850458475,431.72060370091697,378.929396299083,7331940.0
HPPL,2025-01-01,405.0,415.0,390.0,399.0,0.00 %,90722.0,35745755.5,0.0,0.0,398.8,404.31,398.92999409184006,395.77050877001403,52.040287131958046,3.1594853218260255,5.750015095240958,17.23051238708957,404.31,12.842278040243372,429.99455608048675,378.62544391951326,7331940.0
HPPL,2025-01-02,391.1,403.9,391.1,401.9,0.73 %,47977.0,19159569.7,0.00726817042606509,0.007241884565291896,397.2,403.15500000000003,399.38691807771085,396.2245451574204,53.52872889576357,3.1623729202904656,5.23248666025086,16.914047216583167,403.15500000000003,11.886767299895704,426.9285345997914,379.38146540020864,7379917.0
HPPL,2025-01-05,395.0,408.0,395.0,405.5,0.90 %,49087.0,19838197.9,0.008957452102513086,0.00891757210031221,398.7,402.53499999999997,400.3273922196015,396.91161588650033,55.380016382639376,3.415776333101178,4.8691445948209235,16.634472415398655,402.53499999999997,11.390220874887142,425.31544174977427,379.75455825022567,7429004.0
HPPL,2025-01-06,402.0,417.0,402.0,415.0,2.34 %,77741.0,32109205.2,0.023427866831072786,0.023157646675230723,404.08000000000004,402.385,402.584716493509,398.251496191204,59.91782693646552,4.333220302304994,4.761959736317738,16.517724385727323,402.385,11.193902240424881,424.77280448084974,379.99719551915024,7506745.0
HPPL,2025-01-07,415.0,421.1,411.0,416.7,0.41 %,102978.0,42679167.4,0.0040963855421687345,0.004088018197709534,407.62,402.41999999999996,404.75629857143065,399.61805202889263,60.68828489436859,5.138246542538013,4.837217097561793,16.059315501032515,402.41999999999996,11.239713425817618,424.8994268516352,379.9405731483647,7609723.0
HPPL,2025-01-08,422.9,422.9,410.0,413.0,-0.89 %,93096.0,38403791.8,-0.008879289656827383,-0.008918945467374945,410.41999999999996,402.23,406.0245603296721,400.60930743415986,58.07190244760344,5.415252895512253,4.952824257151885,15.833650108101619,402.23,11.013680488125017,424.25736097625,380.20263902375,7516627.0
HPPL,2025-01-09,404.8,454.3,404.8,454.3,10.00 %,444725.0,198895304.4,0.10000000000000009,0.09531017980432493,420.9,404.125,413.4515510481841,404.5863957723702,72.38371478330014,8.86515527581389,5.735290460884286,18.23838938609436,404.125,15.800395564661036,435.7257911293221,372.5242088706779,7961352.0
HPPL,2025-01-12,445.3,499.7,445.3,474.0,4.34 %,281515.0,133449430.3,0.043363416244772246,0.042449548929718944,434.6,407.275,422.7666970407712,409.7281442336761,76.50365281891324,13.038552807095073,7.195942930126444,20.821361572801905,407.275,22.219239529356162,451.7134790587123,362.83652094128763,8242867.0
HPPL,2025-01-13,483.4,483.4,456.0,461.0,-2.74 %,337371.0,156039723.9,-0.02742616033755274,-0.027809278698427975,443.8,409.675,428.6487436498833,413.526059475626,69.17023414281681,15.122684174257245,8.781291178952605,21.29126431760177,409.675,25.2551167301275,460.185233460255,359.164766539745,7905496.0
HPPL,2025-01-15,461.0,479.4,457.0,462.0,0.22 %,140482.0,65659344.9,0.002169197396963085,0.002166848085090293,452.86,412.375,433.77970616528586,417.11672173669075,69.41311921781133,16.66298442859511,10.357629828881107,21.370459723487354,412.375,27.82265027672192,468.02030055344386,356.72969944655614,8045978.0
HPPL,2025-01-16,462.0,470.0,457.0,457.0,-1.08 %,134719.0,62288885.1,-0.010822510822510845,-0.010881500187534173,461.66,415.825,437.3520590629342,420.071038645084,66.5883464264293,17.281020417850186,11.742307946674924,20.772569743238257,415.825,28.898276674164276,473.6215533483285,358.02844665167146,7911259.0
HPPL,2025-01-19,463.9,467.0,458.2,461.0,0.88 %,92765.0,42829722.6,0.00875273522975939,0.008714652102443909,463.0,419.575,440.9902038224827,423.102813560263,67.72009228803492,17.887390262219753,12.97132440978389,20.0031004758641,419.575,29.679957352070765,478.93491470414153,360.21508529585844,8004024.0
HPPL,2025-01-20,461.0,507.0,461.0,487.0,5.64 %,377646.0,182058247.0,0.05639913232104132,0.05486608008594138,465.6,424.715,448.0686340036392,427.83593848172495,73.90699265214721,20.232695521914252,14.423598632209963,21.860021870445234,424.715,32.0389939226969,488.7929878453938,360.63701215460617,8381670.0
HPPL,2025-01-21,488.0,525.0,480.0,514.0,5.54 %,282077.0,141496881.6,0.05544147843942504,0.053959142372575306,476.2,430.965,458.2119210800024,434.21846155715275,78.51271262502466,23.993459522849662,16.337570810337905,23.512877451127718,430.965,36.57612501417096,504.1172500283419,357.81274997165804,8663747.0
HPPL,2025-01-22,514.0,528.9,505.0,505.0,-1.75 %,325186.0,167648116.5,-0.017509727626459193,-0.017664836179805334,484.8,436.52,465.41008706769435,439.4615384788451,73.83433585716723,25.948548588849235,18.25976636604017,23.54052906176145,436.52,39.00651227679302,514.5330245535861,358.50697544641395,8338561.0
HPPL,2025-01-23,494.9,523.0,494.9,517.0,2.38 %,228930.0,117375143.8,0.023762376237623783,0.023484445233069327,496.8,441.91999999999996,473.3469967495875,445.2051282211529,75.89665533068369,28.1418685284346,20.236186798519057,23.86620555734992,441.91999999999996,42.330238041276786,526.5804760825536,357.25952391744636,8567491.0
HPPL,2025-01-26,527.3,564.0,520.0,544.0,5.22 %,367098.0,198335257.4,0.05222437137330749,0.05090637234751344,513.4,448.625,484.2166895573433,452.5232668714379,79.76178140162554,31.693422685905375,22.527633975996324,25.51861944611064,448.625,47.31809351277538,543.2611870255507,353.9888129744493,8934589.0
HPPL,2025-01-27,554.8,576.0,540.0,555.5,2.11 %,388938.0,216477272.9,0.021139705882353033,0.020919362223742147,527.1,456.5,495.18335270236736,460.15117302910915,81.14838901887958,35.03217967325821,25.028543115448706,26.26728948567417,456.5,51.38098153166598,559.2619630633319,353.73803693666804,9323527.0
HPPL,2025-01-28,544.4,585.0,544.4,581.0,4.59 %,338045.0,194412321.7,0.045904590459045824,0.04488214777222647,540.5,466.145,508.38591382508,469.10293798991586,83.79902177666044,39.282975835164166,27.8794296593918,27.29105452241173,466.145,55.78212763204137,577.7092552640827,354.5807447359172,9661572.0
HPPL,2025-02-02,592.0,603.0,569.0,569.0,-2.07 %,516476.0,298141676.1,-0.02065404475043031,-0.02087032272558033,553.3,474.645,517.7111578519907,476.5027203610332,78.22495505259295,41.20843749095752,30.545231225704946,27.770264913668036,474.645,57.92325662369264,590.4915132473852,358.79848675261474,9145096.0
HPPL,2025-02-03,580.0,596.9,563.1,589.0,3.51 %,324084.0,189201201.3,0.03514938488576447,0.034545749525255756,567.7,484.145,528.6786720286075,484.83585218614184,80.54739462832904,43.842819842465644,33.20474894905709,28.20096027697746,484.145,60.39208274181398,604.9291654836279,363.36083451637205,9469180.0
HPPL,2025-02-04,595.59,600.7,562.0,579.0,-1.70 %,243224.0,140114719.9,-0.01697792869269954,-0.017123706078591514,574.7,493.0,536.4204147934371,491.8109742464276,76.17277946436081,44.60944054700951,35.48568726864758,28.950891685764788,493.0,60.681168500002045,614.3623370000041,371.6376629999959,9225956.0
HPPL,2025-02-05,579.0,613.0,579.0,605.0,4.49 %,457187.0,271469187.9,0.04490500863557867,0.0439259804578463,584.6,502.975,546.9711202098314,500.19534652447,79.31792342971312,46.7757736853614,37.74370455199035,29.31154227963873,502.975,61.92508950761065,626.8251790152214,379.1248209847787,9683143.0
HPPL,2025-02-06,592.9,615.0,587.1,599.0,-0.99 %,247722.0,147419991.2,-0.00991735537190086,-0.009966859915392147,588.2,512.175,554.9755632544727,507.5142097448796,76.79860500738388,47.461353509593096,39.6872343435109,29.210717831093103,512.175,61.83510223505968,635.8452044701194,388.5047955298806,9435421.0
HPPL,2025-02-09,587.1,635.0,587.1,592.0,-1.17 %,224657.0,134998065.9,-0.011686143572620988,-0.01175496323144362,592.8,520.9399999999999,560.6716304460923,513.7724164304441,73.85145490757685,46.89921401564823,41.12963027793837,30.545666557443596,520.9399999999999,59.98599310189204,640.9119862037841,400.96801379621587,9210764.0
HPPL,2025-02-10,590.0,600.0,582.2,589.5,-0.42 %,195896.0,115380817.3,-0.004222972972973027,-0.004231914906580119,592.9,529.765,565.1067642236166,519.381867065226,72.77728879198187,45.724897158390604,42.04868365402882,29.63526180334048,529.765,56.12949571725037,642.0239914345008,417.50600856549926,9014868.0
HPPL,2025-02-11,589.0,594.0,580.1,588.0,-0.25 %,124926.0,73095587.3,-0.0025445292620864812,-0.0025477720787986644,594.7,536.45,568.6288004969064,524.4646917270611,72.09967593210352,44.16410876984526,42.47176867719211,28.5113145316733,536.45,54.60983620672586,645.6696724134517,427.23032758654836,8889942.0
HPPL,2025-02-12,588.0,611.0,584.1,599.0,1.87 %,273017.0,163213097.6,0.018707482993197244,0.018534650216822393,593.5,542.7,573.3012927281516,529.9858256732047,74.01070123639302,43.31546705494691,42.64050835274307,28.396220636553778,542.7,54.2381202127213,651.1762404254426,434.22375957455745,9162959.0
HPPL,2025-02-13,607.0,618.0,600.0,602.0,0.50 %,209333.0,127530071.0,0.005008347245408995,0.00499584719337167,594.1,549.75,577.7164784622821,535.320208956671,74.52322602674397,42.396269505611144,42.59166058331668,27.72506201965708,549.75,52.18451575141396,654.119031502828,445.3809684971721,9372292.0
HPPL,2025-02-16,608.0,656.0,606.0,627.3,4.20 %,491268.0,306444358.0,0.042026578073089516,0.04116744979387637,601.16,558.0150000000001,585.344712545008,542.1335268117324,78.39309928347035,43.211185733275556,42.715565613308456,29.60184330396729,558.0150000000001,50.62191407097851,659.2588281419571,456.7711718580431,9863560.0
HPPL,2025-02-17,628.0,639.0,611.0,611.1,-2.58 %,233431.0,145460886.7,-0.0258249641319942,-0.026164283201827693,605.4799999999999,565.72,589.3070644611605,547.2421544553077,70.96038486471936,42.06491000585277,42.585434491817324,29.487425925112483,565.72,45.94941841449736,657.6188368289947,473.8211631710053,9630129.0
HPPL,2025-02-18,598.9,624.7,598.9,613.0,0.31 %,156894.0,96657353.5,0.003109147439044335,0.0031043240353415625,610.4799999999999,573.32,592.9521314671358,552.1131059771368,71.30403280737195,40.83902548999902,42.23615269145366,29.224038359033027,573.32,39.88770553228794,653.095411064576,493.54458893542414,9787023.0
HPPL,2025-02-20,614.0,619.9,605.1,619.0,0.98 %,148962.0,91162607.2,0.00978792822185981,0.009740336748384804,614.4799999999999,579.9200000000001,596.9594958568073,557.0676907195711,72.41420594497797,39.89180513723613,41.76728318061016,28.19374990481638,579.9200000000001,35.536394983452624,650.9927899669053,508.8472100330948,9935985.0
HPPL,2025-02-23,607.0,613.0,595.1,600.0,-3.07 %,154681.0,93904728.8,-0.030694668820678506,-0.031175617468449726,614.0799999999999,584.22,597.4272657249908,560.2478617773808,63.973873910175755,37.17940394761001,40.84970733401013,27.88705348304378,584.22,32.18518129101847,648.590362582037,519.8496374179631,9781304.0
HPPL,2025-02-24,588.0,614.0,586.0,593.0,-1.17 %,210501.0,125248009.3,-0.011666666666666714,-0.011735256218420965,607.22,588.6200000000001,596.7461479211461,562.6739460901674,61.14616870310024,34.072201830978656,39.49420623340384,27.895121091397797,588.6200000000001,26.253733569049793,641.1274671380997,536.1125328619005,9570803.0
HPPL,2025-02-25,603.0,603.0,580.0,590.0,-0.51 %,168915.0,98834936.9,-0.005059021922428353,-0.00507186209796034,603.0,592.2700000000001,595.7082790102005,564.6980982316365,59.92369930644346,31.01018077856395,37.79740114243586,27.545469584869384,592.2700000000001,20.13368740245804,632.5373748049162,552.002625195084,9401888.0
HPPL,2025-02-27,600.0,607.0,583.2,590.0,0.00 %,195087.0,116984896.4,0.0,0.0,598.4,594.57,594.8300822394004,566.5723131774413,59.923699306013404,28.257769061959152,35.88947472634052,27.277936043092996,594.57,16.656438615960344,627.8828772319207,561.2571227680794,9401888.0
HPPL,2025-03-02,600.0,610.0,592.0,603.9,2.36 %,93709.0,56180509.5,0.023559322033898322,0.023286084414090375,595.3799999999999,596.99,596.2254542025696,569.3373270161494,63.81148582829961,26.888127186420206,34.089205218356454,26.758083468586353,596.99,13.982617027802426,624.9552340556048,569.0247659443952,9495597.0
HPPL,2025-03-03,615.5,615.5,591.5,595.0,-1.47 %,116812.0,70094292.1,-0.014737539327703275,-0.014847215768225746,594.3799999999999,597.69,596.0369227867897,571.2382657556939,59.81062871812946,24.798657031095786,32.231095580904324,26.56107750654447,597.69,13.481445338682015,624.6528906773641,570.727109322636,9378785.0
HPPL,2025-03-04,606.9,620.2,594.0,615.0,3.36 %,265259.0,162414148.9,0.03361344537815136,0.03306086226088821,598.78,599.99,598.9543192811298,574.4798756997166,65.10529283127343,24.474443581413198,30.6797651810061,26.53528625607701,599.99,12.191364501968568,624.3727290039371,575.6072709960629,9644044.0
HPPL,2025-03-05,615.0,665.0,610.0,640.0,4.07 %,425400.0,268125781.2,0.04065040650406515,0.03984590854719978,608.78,602.5400000000001,605.2690393917252,579.3332182404782,70.36155802427075,25.935821151246955,29.730976375054272,28.568480094928653,602.5400000000001,14.821620054886898,632.1832401097739,572.8967598902262,10069444.0
HPPL,2025-03-06,649.0,652.0,625.1,630.2,-1.53 %,151262.0,95782897.3,-0.015312499999999951,-0.01543094703054326,616.8199999999999,605.1,609.1045717929982,583.1011280004428,66.15477914621559,26.003443792555345,28.985469858554488,28.449302945290892,605.1,14.9627607922167,635.0255215844335,575.1744784155666,9918182.0
HPPL,2025-03-09,618.0,649.0,613.3,615.0,-2.41 %,266713.0,166133071.7,-0.024119327197715035,-0.024414961516656387,619.0400000000001,605.6,610.0115607479215,585.4640074078175,60.14805081051354,24.54755334010406,28.097886554864402,28.96720987777012,605.6,15.12544040242135,635.8508808048427,575.3491191951573,9651469.0
HPPL,2025-03-10,627.0,627.0,600.0,615.0,0.00 %,138274.0,84036606.0,0.0,0.0,623.0400000000001,606.4,610.779012940549,587.6518587109421,60.1480508101266,23.12715422960696,27.103740089812916,28.826694886500825,606.4,15.181013072042065,636.7620261440841,576.0379738559159,9651469.0
HPPL,2025-03-11,608.5,609.5,580.0,586.0,-4.72 %,128097.0,75872564.4,-0.047154471544715415,-0.04830247822950522,617.24,606.1,606.9668571035415,587.5294988064278,50.085413741447404,19.437358297113747,25.570463731273087,29.267645251750768,606.1,15.535697433189759,637.1713948663795,575.0286051336205,9523372.0
HPPL,2025-03-12,580.0,601.7,576.0,600.0,2.39 %,118444.0,70677799.9,0.023890784982935065,0.023609865639133667,609.24,606.625,605.8950329337658,588.4532396355813,54.079450425206716,17.441793298184507,23.94472964465537,29.01281344805429,606.625,15.11697808143425,636.8589561628685,576.3910438371315,9641816.0
HPPL,2025-03-16,588.0,605.0,580.0,590.0,-1.67 %,87166.0,50975546.7,-0.01666666666666672,-0.01680711831638129,601.2,606.725,603.449643251648,588.5678144773901,50.943766547163655,14.881828774257883,22.132149470575875,28.72618391605041,606.725,14.993397669740641,636.7117953394813,576.7382046605187,9554650.0
HPPL,2025-03-17,579.0,598.0,575.0,576.0,-2.37 %,68309.0,39564902.6,-0.023728813559321993,-0.024014876203873853,593.4,605.575,599.226621212933,587.6368652568427,46.848272458305644,11.589755956090244,20.02367076767875,28.317170779189667,605.575,16.430295349199824,638.4355906983997,572.7144093016004,9486341.0
HPPL,2025-03-18,587.0,633.0,577.0,633.0,9.90 %,113172.0,66472633.4,0.09895833333333326,0.09436276144828488,597.0,607.125,604.4225256417125,590.9970974600396,60.700834021843086,13.425428181672828,18.704022250477568,30.365944294961835,607.125,17.502537409994165,642.1300748199883,572.1199251800117,9599513.0
HPPL,2025-03-19,620.4,644.0,574.0,604.4,-4.52 %,226339.0,138395016.3,-0.04518167456556088,-0.04623419174559174,600.68,605.98,604.4190601583721,591.9899050555923,53.20770679154352,12.42915510277976,17.449048820938007,33.196948273893135,605.98,16.850131968836283,639.6802639376726,572.2797360623274,9373174.0
HPPL,2025-03-20,616.0,616.0,593.3,608.61,0.70 %,123709.0,74955711.1,0.00696558570483119,0.0069414380827632,602.4019999999999,605.8554999999999,605.0638201340072,593.2210231996224,54.105811330240684,11.84279693438475,16.327798443627355,32.447166254329346,605.8554999999999,16.819481960507307,639.4944639210145,572.2165360789853,9496883.0
HPPL,2025-03-23,617.9,617.9,583.1,584.67,-3.93 %,121843.0,71711184.5,-0.03933553507172094,-0.04013008297930538,601.336,604.439,601.9263093441599,592.5876140737245,48.41517536362951,9.338695270435437,14.929977808988971,32.615225807591536,604.439,17.370053752571017,639.179107505142,569.6988924948579,9375040.0
HPPL,2025-03-24,596.0,596.0,574.2,585.12,0.08 %,43277.0,25278543.2,0.0007696649391966126,0.0007693688990287181,603.16,602.745,599.3407232912123,592.0344574756707,48.52476973220983,7.306265815541565,13.405235410299492,31.842709678477853,602.745,17.52661870289558,637.7982374057912,567.6917625942089,9418317.0
HPPL,2025-03-25,573.5,585.9,563.0,569.47,-2.67 %,77647.0,44269435.7,-0.02674665025977574,-0.027110850688890523,590.454,601.2185,594.7452274002566,590.3630161811766,44.94821220150337,4.382211219079977,11.60063057205559,31.203944701443717,601.2185,19.042268019188043,639.303036038376,563.1339639616239,9340670.0
HPPL,2025-03-26,580.0,592.5,570.0,586.58,3.00 %,40801.0,23796578.3,0.030045480885735776,0.029602957466431584,586.89,600.8974999999999,593.4890385694479,590.0827927603486,49.34415141214257,3.4062458090992322,9.961753619464318,30.62009150848345,600.8974999999999,19.241173745488265,639.3798474909764,562.4151525090234,9381471.0
HPPL,2025-03-27,588.0,594.0,580.0,588.7,0.36 %,74237.0,43620239.4,0.003614170275154205,0.003607654855603402,582.908,600.8325,592.7522634049174,589.9803636669895,49.878195952823354,2.7718997379278107,8.523782843157017,29.43294211502035,600.8325,19.282077272591053,639.3966545451821,562.2683454548179,9455708.0
HPPL,2025-03-30,594.8,618.0,580.7,601.16,2.12 %,197076.0,120082410.5,0.021165279429250727,0.02094440603167775,586.206,601.3905,594.0457613426223,590.8084848768422,53.0135553770183,3.2372764657801554,7.466481567681645,29.99487482109032,601.3905,19.112834617190206,639.6161692343804,563.1648307656195,9652784.0
HPPL,2025-04-01,613.0,627.9,597.9,619.59,3.07 %,347130.0,212901958.9,0.03065739570164361,0.03019684690177476,593.1,602.175,597.9756442129881,592.940448960039,57.271234795992825,5.035195252949052,6.980224304735127,29.995240905298154,602.175,19.538523216263847,641.2520464325277,563.0979535674722,9999914.0
HPPL,2025-04-02,630.1,644.5,608.0,640.92,3.44 %,355885.0,224906390.5,0.03442599138139735,0.033846675172010995,607.39,604.471,604.5824681802206,596.4944897778139,61.60733075993286,8.087978402406748,7.201775124269451,30.459866554919717,604.471,21.272153752310633,647.0153075046213,561.9266924953787,10355799.0
HPPL,2025-04-03,645.0,670.0,632.0,652.93,1.87 %,530423.0,340249341.2,0.018738688135804704,0.018565281840913456,620.6600000000001,606.3675000000001,612.0205499986482,600.6748979424202,63.83284185178841,11.345652056228005,8.030550510661163,30.998447515282596,606.3675000000001,23.800781250973046,653.9690625019462,558.765937498054,10886222.0
HPPL,2025-04-07,651.0,655.0,618.0,624.75,-4.32 %,334081.0,214068619.8,-0.04315929732130541,-0.04411835626553093,627.8700000000001,605.605,613.9789269219332,602.4582388355743,55.67747253441533,11.52068808635886,8.728578025800703,31.427129835619553,605.605,22.893586438100506,651.392172876201,559.817827123799,10552141.0
HPPL,2025-04-08,637.2,637.2,605.0,620.99,-0.60 %,178590.0,109990317.4,-0.006018407362945122,-0.006036590970819918,631.836,605.1445000000001,615.0575535493281,603.830961884791,54.673758667454145,11.226591664537068,9.228180753547976,31.48233484736102,605.1445000000001,22.46137350510034,650.0672470102008,560.2217529897994,10373551.0
HPPL,2025-04-09,625.0,630.0,615.0,617.56,-0.55 %,281745.0,174664740.3,-0.005523438380650392,-0.005538748970516059,631.4300000000001,605.2725,615.4425453109699,604.8479276711028,53.7223300480709,10.594617639867124,9.501468130811807,30.305025215406665,605.2725,22.527689132051687,650.3278782641034,560.2171217358966,10091806.0
HPPL,2025-04-10,619.0,620.1,596.9,600.78,-2.72 %,177939.0,107723485.1,-0.027171448928039355,-0.027547418825959423,623.402,604.5615,613.1867691092822,604.5465996954656,49.21064422088786,8.64016941381658,9.329208387412763,29.797523414306195,604.5615,22.428701836071927,649.4189036721439,559.7040963278562,9913867.0
HPPL,2025-04-13,593.2,614.8,593.2,602.57,0.30 %,257854.0,156082207.7,0.0029794600352874845,0.0029750302409853983,613.3299999999999,605.3900000000001,611.5534200155464,604.4001849032089,49.69596909831826,7.153235112337484,8.894013732397706,29.211986027570035,605.3900000000001,22.00908329229551,649.4081665845911,561.3718334154091,10171721.0
HPPL,2025-04-15,612.0,630.0,611.5,625.56,3.82 %,482328.0,300952874.4,0.0381532436065517,0.03744340737926285,613.492,606.668,613.7082784746931,605.9675786140823,55.56845387054729,7.740699860610789,8.663350958040322,29.08470131131503,606.668,22.417927882056578,651.5038557641132,561.8321442358869,10654049.0
HPPL,2025-04-16,638.0,670.0,626.0,661.99,5.82 %,486024.0,315770203.7,0.05823582070464872,0.056603201514719315,621.692,610.2675,621.1362356324327,610.1173876056317,62.94950211836772,11.018848026800924,9.134450371792443,30.181508360506818,610.2675,25.20680753390614,660.6811150678124,559.8538849321877,11140073.0
HPPL,2025-04-17,663.0,711.0,600.0,667.89,0.89 %,2531957.0,1582511705.6,0.008912521337180346,0.008873039235527493,631.758,614.862,628.3291224582123,614.3968403755849,63.9927653712989,13.932282082627353,10.094016713959427,35.95425776332776,614.862,26.946518298655665,668.7550365973113,560.9689634026886,13672030.0
HPPL,2025-04-20,655.0,655.0,616.0,618.91,-7.33 %,330336.0,207437445.6,-0.07333542948689153,-0.07616362300433628,635.384,614.1575,626.8800266954104,614.731148495912,51.123070631071734,12.148878199498427,10.504989011067227,37.0925250659472,614.1575,26.62967772101366,667.4168554420273,560.8981445579727,13341694.0
HPPL,2025-04-21,606.6,620.0,599.9,601.78,-2.77 %,586127.0,355566698.5,-0.027677691425247564,-0.028067936302665783,635.226,614.0264999999999,623.0184841268857,613.7718041628814,47.523358603351525,9.24667996400433,10.253327201654647,35.878773275522406,614.0264999999999,26.686587854473373,667.3996757089467,560.6533242910532,12755567.0
HPPL,2025-04-22,600.0,606.0,580.0,581.41,-3.38 %,694617.0,409498326.7,-0.03384957958057766,-0.034435742171998754,626.396,612.6665,616.6171788765955,611.3746334841494,43.59255370441755,5.242545392446118,9.251170839812941,35.173146612985086,612.6665,27.652744277040117,667.9719885540803,557.3610114459198,12060950.0
HPPL,2025-04-23,589.5,589.5,570.0,578.11,-0.57 %,129854.0,74819379.1,-0.005675856968404336,-0.005692025855118835,609.62,612.3385000000001,610.6929975109655,608.9105865593975,42.972439096681775,1.7824109515679538,7.757418862163943,34.05363614062901,612.3385000000001,28.038513977230973,668.415527954462,556.2614720455381,11931096.0
HPPL,2025-04-24,589.0,591.6,567.0,574.23,-0.67 %,156035.0,90336422.6,-0.006711525488228842,-0.006734149058013728,590.888,611.794,605.0833055862016,606.3416542216644,42.21211417843499,-1.2583486354627667,5.954265362638602,33.378376416298366,611.794,28.693010775573356,669.1800215511466,554.4079784488533,11775061.0
HPPL,2025-04-27,585.7,585.7,568.4,570.61,-0.63 %,293488.0,168362335.1,-0.00630409417829092,-0.006324048888449472,581.2280000000001,611.851,599.7797201114014,603.6948650200596,41.474795892289904,-3.915144908658249,3.980383308379232,32.22992095799135,611.851,28.60550589252301,669.062011785046,554.639988214954,11481573.0
HPPL,2025-04-28,575.0,576.0,559.0,561.41,-1.61 %,165041.0,93587264.2,-0.016123096335500686,-0.01625448765721039,573.154,610.5925,593.8766862481089,600.5626527963516,39.5825165724268,-6.685966548242732,1.8471133370548394,31.142069460991966,610.5925,30.280460066532335,671.1534201330646,550.0315798669353,11316532.0
HPPL,2025-04-29,565.0,601.0,563.6,564.69,0.58 %,168346.0,95989416.9,0.005842432446874879,0.005825431623728084,569.8100000000001,609.392,589.3864268253228,597.905419255881,40.62265810320522,-8.518992430558228,-0.22610781646777411,31.745493070921114,609.392,31.639542980244826,672.6710859604897,546.1129140395104,11484878.0
HPPL,2025-04-30,573.0,621.0,568.1,604.56,7.06 %,619165.0,359427966.9,0.07060511076874021,0.068224012708268,575.1,609.562,591.72082269835,598.3983511628528,51.54314710487827,-6.677528464502757,-1.5163919460747708,33.50010070871246,609.562,31.602096299534857,672.7661925990698,546.3578074009303,12104043.0
HPPL,2025-05-04,592.5,660.0,577.0,645.85,6.83 %,422606.0,256548846.9,0.0682976048696573,0.06606635796556011,589.424,610.875,600.0483884370655,601.9132881137526,59.790795613994256,-1.8648996766871733,-1.5860934921972514,37.03580780094728,610.875,32.57132747805902,676.017654956118,545.732345043882,12526649.0
HPPL,2025-05-05,633.0,633.0,581.3,581.3,-9.99 %,207695.0,121399819.6,-0.09994580785012008,-0.10530030397071974,591.5620000000001,607.894,597.1640209852093,600.3863778831044,46.47349219210305,-3.2223568978951107,-1.9133461733368233,39.00110724373676,607.894,32.40466785736487,672.7033357147297,543.0846642852703,12318954.0
HPPL,2025-05-06,570.0,573.0,547.5,551.17,-5.18 %,281487.0,156954248.3,-0.05183210046447617,-0.05322368319441304,589.5139999999999,602.8059999999999,590.0880177567155,596.7407202621337,41.794147845412795,-6.6527025054181195,-2.8612174397530827,38.62959958346985,602.8059999999999,32.94557192510822,668.6971438502163,536.9148561497835,12037467.0
HPPL,2025-05-07,540.2,570.1,540.0,543.39,-1.41 %,206098.0,113292790.7,-0.014115427182176066,-0.01421599733995688,585.2539999999999,598.7379999999999,582.9037073326054,592.7888150575311,40.65581946102468,-9.88510772492566,-4.265995496787598,38.02034247036486,598.7379999999999,35.04925325428526,668.8365065085704,528.6394934914294,11831369.0
HPPL,2025-05-08,543.0,553.0,521.4,525.22,-3.34 %,266969.0,142037912.3,-0.03343823036861182,-0.03401007173819636,569.386,593.9495,574.0292908198969,587.7837176458621,38.049312336495824,-13.754426825965197,-6.163681762623118,37.56174657962452,593.9495,38.24553850483944,670.4405770096788,517.4584229903211,11564400.0
HPPL,2025-05-11,533.9,533.9,505.0,508.14,-3.25 %,168426.0,86464903.0,-0.03251970602795029,-0.033060222273175975,541.8439999999999,588.4784999999999,563.892476847605,581.8841830054279,35.730363062291616,-17.99170615782282,-8.52928664166306,36.943050395365624,588.4784999999999,42.30147493694486,673.0814498738896,503.8755501261102,11395974.0
HPPL,2025-05-13,505.6,542.0,505.6,526.1,3.53 %,382303.0,200229031.4,0.0353445900736018,0.03473430857519893,530.8040000000001,584.7445,558.0782496402812,577.7520213013221,39.87961083061559,-19.67377166104086,-10.758183645538619,36.90426108141094,584.7445,44.40233285418262,673.5491657083653,495.9398342916348,11778277.0
HPPL,2025-05-14,534.2,534.2,503.0,506.93,-3.64 %,123884.0,63601369.3,-0.03643793955521768,-0.03711838173885648,521.956,579.9625,550.209288157161,572.5059456493723,37.12458547861903,-22.29665749221124,-13.065878414873143,36.496813861310166,579.9625,47.428491090315916,674.8194821806318,485.1055178193682,11654393.0
HPPL,2025-05-15,501.0,511.0,497.0,499.71,-1.42 %,94355.0,47425267.2,-0.01424259759730151,-0.014344996840779103,513.22,573.67,542.4401669022132,567.1136533790484,36.11269308102699,-24.67348647683525,-15.387400027265567,34.8898985855023,573.67,49.36928205397829,672.4085641079565,474.9314358920434,11560038.0
HPPL,2025-05-18,507.0,507.0,488.0,488.9,-2.16 %,89145.0,44255413.1,-0.02163254687718874,-0.021869960572526204,505.95599999999996,565.0155,534.2032181480265,561.3200494250448,34.592402431865025,-27.116831277018264,-17.73328627721611,33.75490582939499,565.0155,48.23010486745087,661.4757097349017,468.5552902650982,11470893.0
HPPL,2025-05-19,489.0,500.0,489.0,492.95,0.83 %,86795.0,43016815.5,0.008283902638576368,0.008249779436450444,502.918,556.2685,527.8565692021763,556.2556013194859,35.68483378570336,-28.399032117309616,-19.86643544523481,32.13669827015249,556.2685,44.29375069083894,644.8560013816779,467.6809986183221,11557688.0
HPPL,2025-05-20,490.0,520.0,490.0,508.99,3.25 %,90807.0,45939438.2,0.03253879703823914,0.03202062097105761,499.496,550.7724999999999,524.9540200941492,552.7544456661906,39.961724859114625,-27.800425572041377,-21.453233470596125,31.9840769651416,550.7724999999999,42.90992363138971,636.5923472627793,464.9526527372205,11648495.0
HPPL,2025-05-21,519.1,538.0,500.0,501.65,-1.44 %,62905.0,32189883.7,-0.014420715534686379,-0.014525704620486248,498.43999999999994,545.766,521.3687862335108,548.9689311723987,38.693689638864996,-27.600144938887865,-22.68261576425447,32.41378575334577,545.766,42.48462476063221,630.7352495212643,460.79675047873553,11585590.0
HPPL,2025-05-22,510.0,510.0,490.1,492.47,-1.83 %,86013.0,42846409.9,-0.018299611282766803,-0.018469120320376998,496.992,541.3190000000001,516.922819120663,544.7838251596283,37.10776273413957,-27.861006038965343,-23.718293819196646,31.519943913821074,541.3190000000001,43.205979228015956,627.730958456032,454.90704154396815,11499577.0
HPPL,2025-05-25,490.0,514.0,488.1,494.71,0.45 %,431164.0,212394063.5,0.004548500416268864,0.004538187249387946,498.154,537.149,513.5054623328687,541.0746529255817,37.77792127874941,-27.569190592713085,-24.488473173899933,31.118519348548137,537.149,43.491934751401764,624.1328695028035,450.16513049719646,11930741.0
HPPL,2025-05-26,500.0,507.5,491.0,491.97,-0.55 %,68786.0,34134897.8,-0.0055385983707625375,-0.005553993277168719,497.95799999999997,533.036,510.1923142816581,537.4372712273905,37.254981005418145,-27.244956945732383,-25.039769928266427,30.07433939508041,533.036,43.68983109433805,620.415662188676,445.65633781132385,11861955.0
HPPL,2025-05-27,490.1,494.7,483.1,486.79,-1.05 %,104997.0,51200371.5,-0.010529097302681034,-0.010584920438261484,493.51800000000003,528.845,506.59195823832613,533.6856215068431,36.23382500189935,-27.093663268516934,-25.45054859631653,28.754743724003237,528.845,43.915482763086715,616.6759655261735,441.0140344738266,11756958.0
HPPL,2025-05-28,483.1,502.0,481.3,489.66,0.59 %,97071.0,47434923.7,0.00589576614145737,0.0058784541240041255,491.12000000000006,525.2574999999999,503.98704158627595,530.4244643581881,37.25992480371181,-26.43742277191211,-25.64792343143565,28.179404886574435,525.2574999999999,44.04567293102198,613.3488458620438,437.16615413795597,11854029.0
HPPL,2025-06-02,499.4,509.3,486.1,487.63,-0.41 %,93136.0,45843051.3,-0.004145733774455818,-0.004154351153873872,490.15200000000004,521.4045,501.47057364992577,527.2545040353593,36.80874559394327,-25.783930385433564,-25.675124822235237,27.823733108961974,521.4045,43.784399585976686,608.9732991719534,433.8357008280466,11760893.0
HPPL,2025-06-03,488.0,497.0,480.1,481.0,-1.36 %,52257.0,25257929.6,-0.013596374300186564,-0.01368965144957147,487.41,515.2265,498.32125462686025,523.8282444771846,35.30509588616761,-25.506989850324373,-25.641497827853065,27.043466458321834,515.2265,39.986005482830215,595.1985109656604,435.25448903433954,11708636.0
HPPL,2025-06-04,483.0,490.0,477.1,485.67,0.97 %,77949.0,37671319.9,0.009708939708939823,0.009662110815763084,486.15,507.2174999999999,496.37490776118943,521.001707849245,37.24956232444377,-24.626800088055575,-25.43855827989357,26.03321885415599,507.2174999999999,26.06362495993055,559.344749919861,455.09025008013884,11786585.0
HPPL,2025-06-05,492.0,500.0,483.0,497.08,2.35 %,127089.0,62849845.5,0.023493318508452266,0.023221598016269707,488.20799999999997,503.0065000000001,496.4833834902372,519.2297294900417,41.84837461549704,-22.746345999804475,-24.900115823875755,25.387988936001992,503.0065000000001,19.42169169143613,541.8498833828723,464.1631166171278,11913674.0
HPPL,2025-06-08,492.0,540.0,487.4,536.61,7.95 %,253584.0,131788098.8,0.0795244226281484,0.07652059473547031,497.59799999999996,502.2785,502.6567091071238,520.5171569352237,54.33484549822005,-17.86044782809995,-23.492182224720594,27.331704012001854,502.2785,17.719618706523327,537.7177374130466,466.83926258695334,12167258.0
HPPL,2025-06-09,536.0,566.1,519.2,544.86,1.54 %,232084.0,126470230.1,0.01537429418013092,0.015257307256527939,509.044,502.35200000000003,509.14952309064324,522.3203304955775,56.43719771535731,-13.170807404934294,-21.427907260763334,28.729439439716007,502.35200000000003,17.90124006287781,538.1544801257556,466.5495198742444,12399342.0
HPPL,2025-06-10,555.0,576.3,546.1,559.51,2.69 %,420234.0,236380838.1,0.026887640861872786,0.026532519763449017,524.746,504.0665,516.8972887690059,525.0751208292385,59.9621978247347,-8.177832060232618,-18.77789222065719,28.92305090830772,504.0665,21.489207640099224,547.0449152801984,461.0880847198016,12819576.0
HPPL,2025-06-11,551.0,562.1,535.5,540.34,-3.43 %,189009.0,103073007.2,-0.03426212221408009,-0.034862829638863634,535.68,505.67650000000003,520.5038597276204,526.2058526196653,53.82466493604466,-5.701992892044927,-16.162712354934737,28.757118700571457,505.67650000000003,22.965954499038837,551.6084089980777,459.74459100192234,12630567.0
HPPL,2025-06-12,535.0,563.8,535.0,557.1,3.10 %,317586.0,175665721.3,0.03101750749528076,0.030546185972392552,547.684,507.22649999999993,526.1340351541403,528.4943079811716,57.883531911410635,-2.360272827031281,-13.402224449354048,28.760181650530637,507.22649999999993,25.340287514451614,557.9070750289031,456.5459249710967,12948153.0
HPPL,2025-06-15,546.0,580.0,546.0,568.36,2.02 %,306315.0,174438719.7,0.020211811164961402,0.02001026374310474,554.034,510.29799999999994,532.6303374381188,531.4473222047885,60.40189434410267,1.1830152333302522,-10.485176512817187,29.134454389778448,510.29799999999994,28.790539308659675,567.8790786173192,452.7169213826806,13254468.0
HPPL,2025-06-16,578.0,590.0,559.0,568.45,0.02 %,366715.0,212419411.1,0.00015835034133293568,0.0001583378052410144,558.7520000000001,513.735,538.1410547553313,534.1882613007301,60.4222650472049,3.952793454601192,-7.597582519333511,29.267707647651417,513.735,31.44108768373149,576.617175367463,450.852824632537,13621183.0
HPPL,2025-06-17,561.2,575.0,558.0,572.24,0.67 %,138213.0,78505707.9,0.006667253056557243,0.006645125225012739,561.298,517.902,543.3870463314342,537.0069086117871,61.32455946255627,6.380137719647109,-4.802038471537388,28.391442815676317,517.902,33.43578127504893,584.773562550098,451.0304374499022,13759396.0
HPPL,2025-06-18,561.0,580.0,559.0,560.47,-2.06 %,155738.0,88033381.4,-0.02056829302390606,-0.020782766359962394,565.324,521.278,546.0151930496751,538.7449153812844,56.980037465067504,7.2702776683906905,-2.3875752435517725,27.86348261455658,521.278,34.184147387799364,589.6462947755988,452.9097052244013,13603658.0
HPPL,2025-06-19,565.0,570.0,546.0,554.18,-1.12 %,141197.0,77990782.2,-0.011222723785394573,-0.011286173717331491,564.74,523.5375,547.271317195879,539.8882549826707,54.74783600855826,7.383062213208291,-0.43344775219975995,27.587519570659683,523.5375,34.816815791242384,593.1711315824848,453.90386841751524,13462461.0
HPPL,2025-06-22,550.0,564.0,545.0,559.08,0.88 %,172388.0,95984471.2,0.00884189252589418,0.00880303189387109,562.884,526.409,549.0880376272822,541.3098657246951,56.18774929361105,7.7781719025871325,1.2088761787576185,26.974125315612564,526.409,35.28179714063428,596.9725942812686,455.8454057187314,13634849.0
HPPL,2025-06-23,570.1,575.0,550.0,560.49,0.25 %,477746.0,268787586.8,0.0025220004292765275,0.002518825523149922,561.292,529.81,550.8421856846235,542.7306164117547,56.6155473671401,8.111569272868792,2.5894147975798534,26.833116364497382,529.81,35.116064549901544,600.042129099803,459.57787090019684,14112595.0
HPPL,2025-06-24,550.0,613.0,550.0,604.58,7.87 %,412718.0,238597683.7,0.07866331245874147,0.07572260093622551,567.76,535.3035,559.1095417331429,547.3120522331062,67.35097124215004,11.797489500036704,4.431029738071224,29.41646519560471,535.3035,37.82549533886791,610.9544906777357,459.65250932226417,14525313.0
HPPL,2025-06-25,592.5,592.5,549.0,550.03,-9.02 %,201131.0,112025422.5,-0.09022792682523417,-0.09456117988256857,565.672,538.2065,557.7126891588132,547.5133816973206,50.6510950125438,10.199307461492594,5.5846852827554985,31.285289110204378,538.2065,36.530537517464936,611.2675750349299,465.1454249650701,14324182.0
HPPL,2025-06-26,558.0,558.0,530.0,540.51,-1.73 %,480771.0,259536115.1,-0.017308146828354798,-0.017459683897794346,562.938,540.8925,555.0661215959188,546.9946126827043,48.39579712124375,8.07150891321453,6.082050008847305,31.050625602332637,540.8925,34.46774310094576,609.8279862018916,471.9570137981085,13843411.0
HPPL,2025-06-29,530.0,540.6,524.0,527.86,-2.34 %,79765.0,42300148.4,-0.02340382231596083,-0.023682041263486584,556.694,542.8025,550.8805644273159,545.5772339654669,45.49688532238605,5.3033304618489865,5.9263060994476415,30.01843805930888,542.8025,32.48043619666176,607.7633723933235,477.84162760667647,13763646.0
HPPL,2025-06-30,527.0,534.9,515.2,518.65,-1.74 %,67735.0,35508771.1,-0.01744780813094393,-0.01760181515439495,548.326,544.3535,545.9220160538827,543.582624042099,43.455944842591606,2.339392011783616,5.208923281914836,29.28140676935824,544.3535,30.379895061478727,605.1132901229576,483.5937098770426,13695911.0
HPPL,2025-07-01,528.9,533.0,517.1,524.62,1.15 %,107568.0,56320579.6,0.01151065265593365,0.011444909113393792,532.3340000000001,546.5345,542.6447828148238,542.1779852241658,45.17284012330815,0.46679759065796134,4.260498143663461,28.325592000118366,546.5345,26.96628723247496,600.4670744649499,492.60192553505004,13803479.0
HPPL,2025-07-02,523.0,536.0,518.2,522.53,-0.40 %,96033.0,50498710.9,-0.003983835919332157,-0.003991792532573099,526.8340000000001,548.3775,539.5502008433124,540.7225789112647,44.661573416151015,-1.1723780679523088,3.173922901340307,27.57376400010991,548.3775,23.64232152527183,595.6621430505437,501.0928569494564,13707446.0
HPPL,2025-07-03,520.0,530.0,519.4,520.02,-0.48 %,101913.0,53332244.0,-0.00480355194917037,-0.0048151260843492475,522.7360000000001,549.5245000000001,536.5455545597258,539.1890545474673,44.01724820629941,-2.6434999877415066,2.0104383235239442,26.36135228581635,549.5245000000001,21.48026033237099,592.485020664742,506.5639793352581,13605533.0
HPPL,2025-07-06,530.4,530.4,512.1,513.02,-1.35 %,52287.0,26969127.4,-0.013461020729971906,-0.013552441608711368,519.768,548.345,532.9262384736141,537.2506060624697,42.18922520368287,-4.32436758885558,0.7434771410480394,25.785541408258034,548.345,22.83187972064535,594.0087594412907,502.6812405587093,13553246.0
HPPL,2025-07-07,522.0,522.9,500.0,502.11,-2.13 %,175053.0,88072911.9,-0.021266227437526708,-0.02149561157194073,516.4599999999999,546.2075,528.1852787084428,534.6475982059906,39.440019225612595,-6.46231949754781,-0.6976821866711306,25.579431307668173,546.2075,25.067017305176712,596.3415346103534,496.07346538964657,13378193.0
HPPL,2025-07-08,501.0,508.0,496.3,500.97,-0.23 %,42603.0,21374456.9,-0.002270418832526655,-0.002273000141205552,511.73,543.2805000000001,523.9983127532977,532.1529613018431,39.15291826074122,-8.154648548545424,-2.1890754590459895,24.588043357120448,543.2805000000001,26.790493301073937,596.8614866021479,489.69951339785223,13335590.0
HPPL,2025-07-09,496.4,514.9,496.4,506.56,1.12 %,45173.0,22953450.9,0.011158352795576532,0.011096557640196554,508.53599999999994,541.5915,521.3154954066365,530.2571863905955,41.40532752327402,-8.941690983959006,-3.539598564028593,24.153183117326133,541.5915,28.022147495548328,597.6357949910966,485.54720500890335,13380763.0
HPPL,2025-07-10,502.0,524.0,502.0,505.81,-0.15 %,45584.0,23236816.5,-0.0014805748578647915,-0.0014816719918794056,505.6940000000001,539.0269999999999,518.9300345748462,528.4462836949958,41.18504439843475,-9.51624912014961,-4.734928675252797,23.99938432323141,539.0269999999999,28.862508206999653,596.7520164139993,481.30198358600063,13335179.0
HPPL,2025-07-13,515.9,525.0,496.0,498.15,-1.51 %,52581.0,26444633.6,-0.015144026413080103,-0.015259868209902726,502.71999999999997,535.5165,515.7331061787161,526.2021145324036,38.90827438308737,-10.469008353687514,-5.881744610939741,24.35657115728631,535.5165,29.372270538351138,594.2610410767022,476.7719589232977,13282598.0
HPPL,2025-07-14,500.1,505.0,493.0,494.77,-0.68 %,95900.0,47642795.1,-0.006785104888085924,-0.006808228368440138,501.25199999999995,531.8325,512.5080129204521,523.8738097522255,37.91233530011406,-11.365796831773423,-6.978555055106478,23.47395893176586,531.8325,29.643584532686546,591.119669065373,472.5453309346269,13186698.0
HPPL,2025-07-15,501.0,509.0,495.1,503.3,1.72 %,81044.0,40824049.4,0.01724033389251578,0.01709340565988924,501.718,528.3855,511.09139554807484,522.3498238446532,41.95069365111986,-11.258428296578359,-7.834529703400854,22.813676150925446,528.3855,28.690546118506223,585.7665922370124,471.0044077629875,13267742.0
HPPL,2025-07-16,509.0,509.0,494.1,496.29,-1.39 %,221705.0,111394347.5,-0.013928074706934246,-0.014025980495280012,499.66399999999993,525.1765,508.81425777144796,520.4194665228271,39.6672748887976,-11.60520875137911,-8.588665512996506,22.248413568716483,525.1765,28.50166537607461,582.1798307521492,468.1731692478508,13046037.0
HPPL,2025-07-17,500.0,526.0,500.0,524.19,5.62 %,161458.0,83638649.3,0.05621713111285742,0.054693780732022426,503.34,523.677,511.1797565758406,520.6987652989139,51.080306388940215,-9.519008723073341,-8.774734155011874,22.781384028093875,523.677,27.672286934941592,579.0215738698832,468.33242613011686,13207495.0
HPPL,2025-07-20,527.0,532.0,516.6,518.31,-1.12 %,102351.0,53803204.2,-0.011217306701768681,-0.011280695164256574,507.37199999999996,521.6385,512.2767171026343,520.5218197212166,48.97748511762382,-8.245102618582337,-8.668807847725967,22.254142311801452,521.6385,26.399438246600376,574.4373764932008,468.8396235067993,13105144.0
HPPL,2025-07-21,515.0,521.4,510.0,514.65,-0.71,72958.0,37586132.1,-0.007061411124616446,-0.007086460882231878,511.34799999999996,519.3465,512.6418375483829,520.0868701122376,47.662225082807915,-7.445032563854738,-8.424052790951722,21.478846432387062,519.3465,24.789653248021292,568.9258064960426,469.7671935039574,13032186.0
HPPL,2025-07-22,516.0,543.5,516.0,539.6,4.85 %,173055.0,91842485.3,0.048479549208199746,0.0473410663610324,518.608,516.0975000000001,516.789247156324,521.5322871409608,56.281231604411964,-4.743039984636766,-7.68785022968873,22.005357401502273,516.0975000000001,15.577220167833243,547.2519403356665,484.9430596643336,13205241.0
HPPL,2025-07-23,550.3,554.9,538.0,543.04,0.64 %,73724.0,40119346.4,0.006375092661230486,0.006354857712260623,527.958,515.7479999999999,520.8278245168895,523.1254510564452,57.324727705873244,-2.297626539555722,-6.609805491662129,21.64068901568068,515.7479999999999,14.83663091275655,545.421261825513,486.0747381744868,13278965.0
HPPL,2025-07-24,542.0,551.0,535.0,544.15,0.20 %,82374.0,44687432.1,0.0020440483205657056,0.0020419620962091726,531.9499999999999,515.9300000000001,524.415851514291,524.6828250522641,57.675771405187234,-0.26697353797305823,-5.341239100924315,21.237782657417775,515.9300000000001,15.174842754731788,546.2796855094637,485.58031449053647,13361339.0
HPPL,2025-07-27,552.0,560.0,533.0,538.72,-1.0,151268.0,82927975.2,-0.009978866121473806,-0.010028988729306259,536.0319999999999,516.473,526.6164897428616,525.7226157891334,55.280163511684734,0.893873953728189,-4.094216489993815,21.64936961045936,516.473,15.805401175390752,548.0838023507814,484.86219764921844,13210071.0
HPPL,2025-07-28,533.0,540.0,528.7,535.83,-0.54,64291.0,34347274.5,-0.0053645678645678485,-0.005379008828262457,540.268,517.332,528.0339528593445,526.4713109158643,53.99471041028073,1.5626419434802301,-2.962844803299006,20.910128923997974,517.332,16.386130078411362,550.1042601568228,484.5597398431773,13145780.0
HPPL,2025-07-29,545.0,546.5,531.6,534.62,-0.23,59065.0,31794445.8,-0.0022581789000243324,-0.002260732430940631,539.2719999999999,517.8320000000001,529.0471908809837,527.0749175146891,53.43446208066158,1.972273366294644,-1.9758211693802763,20.48083400085526,517.8320000000001,16.768328416809563,551.3686568336192,484.295343166381,13086715.0
HPPL,2025-07-30,535.0,541.0,514.0,517.11,-3.28,88642.0,46778671.9,-0.03275223523250159,-0.03330059631915163,534.086,517.5609999999999,527.210699976217,526.336775476564,45.996711712201275,0.8739244996530715,-1.4058720355736067,20.946488715079884,517.5609999999999,16.732164392642265,551.0253287852845,484.0966712147154,12998073.0
HPPL,2025-07-31,520.0,525.4,511.0,514.91,-0.43,57006.0,29572910.3,-0.004254413954477898,-0.004263489724060073,528.238,517.3054999999999,525.3182845952606,525.4903476634852,45.146426252769224,-0.17206306822458828,-1.159110242103803,20.478882378288464,517.3054999999999,16.73165404568575,550.7688080913714,483.8421919086284,12941067.0
HPPL,2025-08-03,507.5,520.0,507.5,508.94,-1.16,41501.0,21248564.0,-0.011594259190926492,-0.01166199670054148,522.2819999999999,517.1015,522.798548503682,524.2643959847085,42.832509044250344,-1.465847481026458,-1.2204576898883341,19.908962208410717,517.1015,16.811337739103266,550.7241754782065,483.47882452179346,12899566.0
HPPL,2025-08-04,509.0,518.0,507.1,513.22,0.84,39837.0,20375546.7,0.008409635713443775,0.008374471733657945,517.76,517.6569999999999,521.3249256569618,523.4462925784338,45.00858212651092,-2.121366921472031,-1.4006395362050736,19.265464907809953,517.6569999999999,16.46998836797867,550.5969767359572,484.7170232640426,12939403.0
HPPL,2025-08-05,513.0,520.0,506.0,507.43,-1.13 %,33563.0,17186882.1,-0.011281711546705209,-0.011345832775366384,512.322,517.9799999999999,519.18724478666,522.2599005355869,42.64375569949015,-3.072655748926877,-1.7350427787494342,18.889360271537814,517.9799999999999,16.186412105261343,550.3528242105226,485.6071757894772,12905840.0
HPPL,2025-08-06,509.9,510.0,502.0,503.04,-0.87 %,26019.0,13168589.5,-0.008651439607433531,-0.00868908056731266,509.508,517.804,516.70305328102,520.8362041996174,40.88952524574568,-4.133150918597494,-2.2146644067190464,18.11154882357083,517.804,16.335570616530898,550.4751412330618,485.13285876693817,12879821.0
HPPL,2025-08-07,505.0,510.0,502.2,504.7,0.33 %,29459.0,14871596.8,0.0032999363867682874,0.0032945035454295035,507.466,517.7484999999999,514.8564296993246,519.6409298144606,41.863413171160445,-4.784500115135984,-2.728631548402434,17.375009621887198,517.7484999999999,16.3802892702844,550.5090785405687,484.9879214594311,12909280.0
HPPL,2025-08-11,504.5,535.3,499.8,514.31,1.90 %,107824.0,54794762.2,0.019041014464038053,0.018862003149959564,508.53999999999996,518.5565,514.7723635917363,519.2460461245006,47.27880361233615,-4.473682532764315,-3.0776417452748106,18.669651791752393,518.5565,15.7490658954171,550.0546317908343,487.05836820916585,13017104.0
HPPL,2025-08-12,510.0,518.8,507.0,510.08,-0.82 %,41442.0,21145426.4,-0.008224611615562538,-0.008258620334380662,507.912,519.322,514.0504615007,518.5670797449079,45.27947893366556,-4.516618244207962,-3.365437045061441,18.17896237805579,519.322,14.880156549801725,549.0823130996034,489.5616869003966,12975662.0
HPPL,2025-08-13,509.0,519.0,509.0,512.13,0.40 %,61160.0,31367544.0,0.004018977415307434,0.004010922898975663,508.85200000000003,519.7635,513.7550058852077,518.0902590230629,46.461116622318784,-4.335253137855261,-3.5594002636202053,17.594750779623237,519.7635,14.50604965447809,548.7755993089562,490.75140069104384,13036822.0
HPPL,2025-08-14,513.0,528.9,510.0,513.17,0.20 %,150830.0,78196270.8,0.00203073438384771,0.0020286752300372178,510.878,520.6075,513.6650049797911,517.7257953917249,47.08538865960644,-4.0607904119337945,-3.6596782932829233,17.687982866793003,520.6075,13.526399869155318,547.6602997383106,493.55470026168933,13187652.0
HPPL,2025-08-17,523.0,523.0,498.9,506.6,-1.28 %,32524.0,16644034.2,-0.012802774908899472,-0.012885436723233558,511.258,519.728,512.5780811367463,516.9016623997453,43.62476488951525,-4.323581262999028,-3.7924588872261444,18.145984090593505,519.728,13.849209971739983,547.4264199434799,492.02958005652,13155128.0
HPPL,2025-08-18,501.0,514.0,500.0,502.36,-0.84,56576.0,28559687.5,-0.008369522305566535,-0.008404743417648863,508.86800000000005,518.9305,511.00606865416995,515.8245022219863,41.50469292789348,-4.818433567816385,-3.9976538233441925,17.849842369836825,518.9305,14.38407067591672,547.6986413518335,490.1623586481666,13098552.0
HPPL,2025-08-19,511.8,512.4,501.1,502.91,0.11,23188.0,11743978.0,0.0010948323911139646,0.0010942334992159561,507.434,518.3435000000001,509.76051963045154,514.8678724277652,41.89913354329188,-5.107352797313638,-4.219593618138082,17.38199648627705,518.3435000000001,14.801441350485955,547.946382700972,488.74061729902814,13121740.0
HPPL,2025-08-20,500.1,507.0,496.1,497.01,-1.17,73187.0,36558223.0,-0.011731721381559423,-0.011801081030586287,504.41,516.214,507.7989012257667,513.5450670627455,38.87109509901814,-5.746165836978776,-4.5249080619062205,16.91899673725726,516.214,14.645198027422259,545.5043960548446,486.92360394515555,13048553.0
HPPL,2025-08-21,504.0,504.0,495.0,495.15,-0.37,38557.0,19168280.0,-0.003742379428985365,-0.003749399651244066,500.8059999999999,513.8195000000001,505.8529164218026,512.1824695025422,37.94019826169906,-6.329553080739572,-4.8858370656728916,16.353354113167455,513.8195000000001,13.925629334708304,541.6707586694167,485.96824133058345,13009996.0
HPPL,2025-08-24,488.0,502.9,487.1,488.07,-1.43,26001.0,12733058.9,-0.014298697364435009,-0.014401908778123034,497.1,511.0155,503.11708312614064,510.396360650502,34.54855857774079,-7.279277524361362,-5.364525157410586,16.31382881936978,511.0155,13.11967003553775,537.2548400710755,484.77615992892447,12983995.0
HPPL,2025-08-25,489.0,495.0,485.1,489.54,0.3,33823.0,16516133.2,0.003011863052430952,0.003007336479575114,494.53599999999994,508.5565,501.0283011067344,508.8514450467611,35.831192844949115,-7.823143940026739,-5.856248913933817,15.855698189414793,508.5565,12.232642385688235,533.0217847713765,484.0912152286236,13017818.0
HPPL,2025-08-26,485.3,495.0,485.3,490.84,0.27,14700.0,7225137.9,0.0026555541937327565,0.002652034439583087,492.122,506.30699999999996,499.46087016723675,507.5172639321862,37.006868492452284,-8.056393764949462,-6.296277884136947,15.41600546159945,506.30699999999996,11.03091068432799,528.368821368656,484.245178631344,13032518.0
HPPL,2025-08-27,490.0,504.9,490.0,501.18,2.11,149640.0,74868001.0,0.021065927797245587,0.020847108887522905,492.956,504.63499999999993,499.72535167996955,507.04783697424654,45.551806246822814,-7.322485294276987,-6.501519366164955,15.379147928628061,504.63499999999993,8.82784857853995,522.2906971570799,486.97930284292005,13182158.0
HPPL,2025-08-28,502.0,509.0,493.0,494.85,-1.26,36715.0,18377324.0,-0.012630192745121449,-0.012710631653169725,492.896,503.52200000000005,498.9752975753588,506.14429349467275,41.812510592400756,-7.168995919313943,-6.6350146767947535,15.423494505154629,503.52200000000005,8.571779032895869,520.6655580657917,486.3784419342083,13145443.0
HPPL,2025-08-31,490.0,497.5,488.0,489.89,-1.00 %,44461.0,21804399.3,-0.010023239365464343,-0.010073810235552231,493.26000000000005,502.271,497.57755948684206,504.9402717543266,39.103781281455,-7.3627122674845396,-6.780554194932711,15.000387754786441,502.271,8.647717617922419,519.5664352358449,484.9755647641552,13100982.0
HPPL,2025-09-01,497.0,497.0,484.0,491.9,0.41 %,182826.0,89900339.3,0.004102961889403733,0.004094567694146164,493.73199999999997,501.41900000000004,496.70408879655866,503.97432569845057,40.778109861366296,-7.270236901891906,-6.878490736324551,14.85750291515884,501.41900000000004,8.794260628349038,519.0075212566982,483.83047874330197,13283808.0
HPPL,2025-09-02,501.7,501.7,483.1,484.69,-1.47,21896.0,10654001.5,-0.01465745070136204,-0.014765932481133613,492.50199999999995,499.99249999999995,494.855767443242,502.54585712819494,36.86282904021527,-7.690089684952966,-7.040810526050235,15.124824135504634,499.99249999999995,9.08827809233121,518.1690561846624,481.8159438153375,13261912.0
HPPL,2025-09-03,484.0,489.9,480.5,483.87,-0.17 %,18349.0,8865706.9,-0.001691803008108228,-0.00169323572295957,489.03999999999996,498.81450000000007,493.1656493750509,501.1624603038842,36.43436897544106,-7.99681092883327,-7.232010606606842,14.71590812582573,498.81450000000007,9.58673451617145,517.987969032343,479.6410309676572,13243563.0
HPPL,2025-09-04,480.0,487.7,476.1,483.71,-0.03,20713.0,9970937.8,-0.000330667328001355,-0.0003307220104970675,486.812,497.84799999999996,491.7109340865815,499.8696854665594,36.345599360129306,-8.1587513799779,-7.417358761281054,14.493343259695317,497.84799999999996,10.099016940140359,518.0460338802807,477.64996611971924,13222850.0
HPPL,2025-09-07,482.0,491.0,477.0,478.38,-1.1,20974.0,10128133.5,-0.01101899898699632,-0.011080157844244735,484.51000000000005,496.53200000000004,489.6600211501844,498.27785691348095,33.42410668586322,-8.617835763296569,-7.657454161684157,14.458104455431366,496.53200000000004,10.84636422223866,518.2247284444774,474.8392715555227,13201876.0
HPPL,2025-09-08,475.1,479.0,465.0,465.92,-2.6,44269.0,20842966.6,-0.026046239391278814,-0.026391450174192532,479.31399999999996,494.1125,486.0077102040022,495.8809786235934,27.798710288841363,-9.873268419591227,-8.100617013265571,14.42538270861484,494.1125,12.006985631153805,518.1264712623076,470.0985287376924,13157607.0
HPPL,2025-09-18,456.7,458.1,419.4,419.4,-9.98,7220.0,3129605.0,-0.09984546703296715,-0.10518882710044701,466.256,489.57849999999996,475.76037017261723,490.2157209477717,16.579364267626318,-14.455350775154443,-9.371563765643346,16.717855372285214,489.57849999999996,20.072290214947383,529.7230804298947,449.4339195701052,13150387.0
HPPL,2025-09-21,411.1,460.0,411.1,453.64,8.16,52651.0,23442834.3,0.08164043872198379,0.07847881347931014,460.21000000000004,486.654,472.3572362999069,487.50640828497376,36.79802123456478,-15.149171985066857,-10.527085409528048,19.016579988550554,486.654,20.859166204243273,528.3723324084865,444.93566759151344,13203038.0
HPPL,2025-09-23,459.0,469.9,455.0,465.1,2.53,26640.0,12392273.7,0.025262322546512728,0.024948504282921682,456.488,484.2505,471.24073840761355,485.8466743379387,41.87577384054495,-14.605935930325131,-11.342855513687466,18.819681417939798,484.2505,20.407599068392557,525.0656981367852,443.4353018632149,13229678.0
HPPL,2025-09-24,463.0,471.0,460.1,462.2,-0.62,27749.0,12947452.6,-0.006235218232638173,-0.006254738389771009,453.25200000000007,482.0305,469.849855575673,484.0950688314247,40.9785606984434,-14.245213255751707,-11.923327062100315,18.253989888086956,482.0305,20.262862445200327,522.5562248904007,441.50477510959934,13201929.0
HPPL,2025-09-25,457.0,466.9,453.0,455.0,-1.56,18872.0,8692355.5,-0.015577672003461718,-0.015700278889329948,451.06800000000004,479.6625,467.56526241018486,481.9398785476155,38.75823853662884,-14.374616137430621,-12.413584877166377,17.942990610366458,479.6625,20.527643973547,520.717787947094,438.607212052906,13183057.0
HPPL,2025-09-28,460.0,466.0,458.5,466.0,2.42,17636.0,8143950.5,0.02417582417582409,0.023888215174695374,460.38800000000003,477.817,467.32445280861793,480.7591468033477,43.7708673881063,-13.434693994729741,-12.61780670067905,17.447062709625996,477.817,19.979462376188998,517.775924752378,437.858075247622,13200693.0
HPPL,2025-10-07,457.2,465.0,447.0,448.0,-3.86,147548.0,66713117.0,-0.03862660944206009,-0.03939240171066072,459.26000000000005,475.3665,464.35146006883053,478.332543336433,38.25325958868911,-13.981083267602457,-12.890462014063733,17.55798680179557,475.3665,20.50029865634788,516.3670973126957,434.36590268730424,13053145.0
HPPL,2025-10-08,450.0,451.9,429.3,439.0,-2.01,75720.0,32909778.7,-0.0200892857142857,-0.020293819339813796,454.0400000000001,472.559,460.4512354428566,475.41902160780836,35.82179627454501,-14.967786164951747,-13.305926844241336,17.91813060166731,472.559,21.470269505319482,515.499539010639,429.61846098936104,12977425.0
HPPL,2025-10-09,447.7,465.0,435.0,439.0,0.0,43541.0,19413299.1,0.0,0.0,449.4,470.1055,457.15104537472484,472.7213163035263,35.82179627427256,-15.570270928801449,-13.758795661153359,18.78112127297679,470.1055,22.388553342924116,514.8826066858483,425.32839331415175,12977425.0
HPPL,2025-10-12,435.0,435.0,411.1,432.0,-1.59,65000.0,27230727.4,-0.015945330296127547,-0.016073824831061023,444.8,467.2285,453.2816537786133,469.7049225032651,33.87930674683987,-16.42326872465179,-14.291690273853046,19.432469753478447,467.2285,23.432417777391983,514.093335554784,420.36366444521605,12912425.0
HPPL,2025-10-13,432.0,446.0,412.0,443.4,2.64,30330.0,13086222.8,0.026388888888888795,0.02604670893810069,440.28000000000003,464.85650000000004,451.76139935113434,467.7564097252455,39.62158857277883,-15.995010374111132,-14.632354293904664,20.473007628229986,464.85650000000004,23.317322062308218,511.4911441246165,418.2218558753836,12942755.0
HPPL,2025-10-14,435.0,439.6,427.0,430.0,-3.02,12142.0,5253042.1,-0.03022101939557953,-0.030687088494602898,436.68,461.2975,448.4134917586522,464.95963863448657,35.69724977863417,-16.54614687583438,-15.015112810290606,20.182078511927845,461.2975,22.91000927541341,507.11751855082684,415.4774814491732,12930613.0
HPPL,2025-10-15,423.0,430.0,421.8,423.0,-1.63,16611.0,7042436.9,-0.016279069767441867,-0.016413029641330144,433.48,457.70500000000004,444.5037237957826,461.8515172541542,33.81317355759437,-17.347793458371598,-15.481648939906805,19.326215761075858,457.70500000000004,23.004929792033465,503.71485958406697,411.6951404159331,12914002.0
HPPL,2025-10-16,423.0,465.0,416.5,465.0,9.93,39564.0,16754427.2,0.09929078014184389,0.09466522654107827,438.68,456.4605,447.6569970579699,462.08473819829095,50.64498716384276,-14.427741140321075,-15.270867379989658,21.410057492427583,456.4605,21.81462123751855,500.08974247503716,412.8312575249629,12953566.0
HPPL,2025-10-19,455.7,511.0,432.5,511.0,9.89,86371.0,38262021.2,0.09892473118279566,0.09433218461634808,454.48,457.41549999999995,457.4020744336668,465.7080909243435,62.033220159062566,-8.306016490676654,-13.877897202127059,25.487910528682757,457.41549999999995,23.777515578899568,504.9705311577991,409.8604688422008,13039937.0
HPPL,2025-10-26,500.8,557.0,465.0,550.0,7.63,220333.0,104815357.1,0.07632093933463802,0.07354868802281221,475.8,460.68100000000004,471.6479091361796,471.9519360410588,68.64003458617569,-0.30402690487920836,-11.16312314267749,30.238774062348277,460.68100000000004,31.082874096595305,522.8467481931907,398.51525180680943,13260270.0
HPPL,2025-10-28,540.0,605.0,495.0,515.0,-6.36,485109.0,249460317.8,-0.0636363636363636,-0.06575137756278042,492.8,462.2375,478.3174615767673,475.14068151949886,58.7580564752741,3.176780057268445,-8.295142502688304,35.93600448646626,462.2375,33.02401548394342,528.2855309678869,396.18946903211315,12775161.0
HPPL,2025-10-29,514.0,566.0,505.1,560.0,8.74,278169.0,145077510.4,0.08737864077669899,0.08376988306545874,520.2,466.052,490.8840059495724,481.4265569624989,65.61281515055505,9.457448987073462,-4.744624204735951,37.719147023147244,466.052,39.42117806458231,544.8943561291646,387.2096438708354,13053330.0
HPPL,2025-10-30,548.8,592.0,518.0,539.0,-3.75,316678.0,167757171.7,-0.03749999999999998,-0.03822121282019774,535.0,469.08299999999997,498.2864665727151,485.69125644675825,60.55466070332547,12.59521012595684,-1.276657338597393,40.31063652149387,469.08299999999997,42.61964472918087,554.3222894583618,383.84371054163825,12736652.0
HPPL,2025-11-02,539.0,539.0,510.1,518.9,-3.73,196715.0,101691866.6,-0.03729128014842309,-0.03800438453530329,536.58,471.73199999999997,501.457779407682,488.151163376628,56.097023887314116,13.306616031053977,1.639997335332881,39.495591055672875,471.73199999999997,44.035651298267794,559.8033025965356,383.6606974034644,12539937.0
HPPL,2025-11-03,513.1,518.0,495.5,506.9,-2.31,146250.0,73642313.4,-0.023125843129697454,-0.02339744089539029,527.96,476.10699999999997,502.2950441141924,489.53996608947034,53.56199048218629,12.755078024722081,3.8630134732107213,38.34590598026767,476.10699999999997,42.894589660057555,561.896179320115,390.31782067988485,12393687.0
HPPL,2025-11-04,496.9,509.3,490.0,490.0,-3.33,104316.0,51886253.7,-0.033339909252318,-0.03390835437363137,522.96,477.925,500.4034988658551,489.5740426754355,50.126406428311334,10.829456190419592,5.256302016652496,36.98548412453427,477.925,42.66214734151245,563.2492946830249,392.6007053169751,12289371.0
HPPL,2025-11-05,497.9,499.0,480.0,491.0,0.2,99437.0,48452657.5,0.0020408163265306367,0.002038736689848309,509.16,479.21999999999997,498.9568067326466,489.6796691439218,50.329427452669336,9.277137588724827,6.060469131066963,35.700806687067534,479.21999999999997,42.64544894580091,564.5108978916018,393.9291021083982,12388808.0
HPPL,2025-11-06,497.0,497.0,478.5,484.0,-1.43,104770.0,50550254.6,-0.014256619144602856,-0.014359221077888876,498.16,480.30999999999995,496.6557595430087,489.2589529110387,48.83095656905017,7.39680663196998,6.327736631247567,34.47217763799128,480.30999999999995,42.465749666481514,565.241499332963,395.3785006670369,12284038.0
HPPL,2025-11-09,493.6,493.6,461.0,464.5,-4.03,112257.0,52762780.3,-0.04028925619834711,-0.041123348462738504,487.2799999999999,480.78499999999997,491.70871961331505,487.4249563991099,44.82701785293146,4.28376321420518,5.918941947839089,34.338450663849045,480.78499999999997,42.220165735537705,565.2253314710754,396.34466852892456,12171781.0
HPPL,2025-11-10,466.3,472.8,458.2,460.4,-0.88,51406.0,23849917.5,-0.008826695371367155,-0.008865881406165723,477.98,480.50499999999994,486.8919935189589,485.42310777695354,44.00991514519884,1.468885742005341,5.028930706672339,32.928561330716974,480.50499999999994,42.341773264204775,565.1885465284095,395.8214534715904,12120375.0
HPPL,2025-11-11,464.0,476.0,459.0,470.2,2.13,58547.0,27478143.3,0.02128583840139009,0.021062459258241552,474.02,481.61499999999995,484.32399451604215,484.29547016384583,46.519264204953416,0.028524352196313885,4.0288494357771345,31.790806949951477,481.61499999999995,41.73138759406092,565.0777751881218,398.1522248118781,12178922.0
HPPL,2025-11-12,460.8,487.0,460.8,485.0,3.15,132491.0,63346187.3,0.031475967673330496,0.030990754831514058,472.82,483.91499999999996,484.427995359728,484.3476575591165,50.152656519708955,0.08033780061151674,3.239147108744011,31.391463596383513,483.91499999999996,40.508794041988665,564.9325880839773,402.89741191602263,12311413.0
HPPL,2025-11-13,475.3,528.0,475.3,499.0,2.89,339036.0,168043998.2,0.028865979381443196,0.02845720481403537,475.82,486.91499999999996,486.66984222746214,485.43301625844117,53.37925644205631,1.2368259690209698,2.838682880799403,32.91350191092755,486.91499999999996,39.20827349585435,565.3315469917087,408.4984530082913,12650449.0
HPPL,2025-11-16,491.0,506.9,479.0,489.0,-2.0,145676.0,71714973.7,-0.02004008016032066,-0.02024360627664666,480.71999999999997,489.765,487.0283280386218,485.6972372763344,50.84745874190913,1.3310907622873742,2.5371644570969973,32.55539463157558,489.765,37.0168706203766,563.7987412407532,415.73125875924677,12504773.0
HPPL,2025-11-17,480.0,535.0,480.0,489.6,0.12,158530.0,77185766.8,0.0012269938650306678,0.0012262417232442935,486.55999999999995,492.075,487.4239698788338,485.98633081142077,50.99763781861719,1.4376390674130448,2.317259379160207,34.158580729320185,492.075,35.37641014484391,562.8278202896878,421.3221797103122,12663303.0
HPPL,2025-11-18,490.2,494.0,474.0,476.0,-2.78,106544.0,51154027.6,-0.02777777777777779,-0.028170876966696335,487.71999999999997,494.375,485.6664360513209,485.2466026031674,47.458103140958,0.4198334481534971,1.9377741929588652,33.147253534368744,494.375,32.50717936895905,559.3893587379181,429.3606412620819,12556759.0
HPPL,2025-11-19,480.0,483.8,470.0,477.1,0.23,81500.0,38510769.6,0.002310924369747891,0.0023082582906413115,486.14000000000004,497.08000000000004,484.34852281265614,484.6431505584883,47.77383810789608,-0.2946277458321447,1.4912938052006635,31.76530685334241,497.08000000000004,28.224021124219696,553.5280422484394,440.63195775156066,12638259.0
HPPL,2025-11-20,468.0,478.9,468.0,478.0,0.19,71986.0,34096722.1,0.0018863969817648485,0.001884619969394672,481.94000000000005,497.73,483.37182699532445,484.1510653319336,48.04890993129131,-0.7792383366091258,1.0371873768387057,30.27492779238938,497.73,27.588882200117773,552.9077644002356,442.55223559976446,12710245.0
HPPL,2025-11-23,480.0,489.5,479.0,479.4,0.29,79642.0,38499917.1,0.0029288702928869093,0.002924589508827888,480.02,496.15,482.7607766883515,483.7991345666052,48.503277986877315,-1.0383578782536915,0.6220783258202263,28.933861521504426,496.15,27.693577062663245,551.5371541253264,440.7628458746735,12789887.0
HPPL,2025-11-24,474.0,487.0,474.0,482.0,0.54,58466.0,28187557.3,0.0054234459741344665,0.005408792050316452,478.5,492.75,482.64373412091277,483.6658653394492,49.38858038560609,-1.0221312185364582,0.29323641694888936,27.79572855568268,492.75,24.752405518388272,542.2548110367766,443.2451889632234,12848353.0
HPPL,2025-11-25,481.0,488.0,479.6,480.0,-0.41,54061.0,26077998.3,-0.004149377593360981,-0.004158010148663677,479.3,491.0,482.23700579461854,483.39431975874925,48.69509296691209,-1.157313964130708,0.0031263407329698845,26.410319373133916,491.0,24.33018484796655,539.6603696959331,442.3396303040669,12794292.0
HPPL,2025-11-26,480.0,485.0,477.3,478.1,-0.4,72212.0,34710321.7,-0.003958333333333286,-0.003966188269878881,479.5,486.90500000000003,481.6005433646772,483.0021479247678,48.00547103085987,-1.4016045600906182,-0.27781983943174776,25.073867989338638,486.90500000000003,18.234192144356037,523.3733842887121,450.43661571128797,12722080.0
HPPL,2025-11-27,468.9,515.0,468.9,480.3,0.46,102213.0,49685651.1,0.004601547793348537,0.004590993038720875,479.96000000000004,483.96999999999997,481.4004597701115,482.80198881922945,48.907737393305446,-1.4015290491179258,-0.5025616813689834,26.575734561528737,483.96999999999997,13.523239256902036,511.01647851380403,456.9235214861959,12824293.0
HPPL,2025-11-30,486.9,518.0,480.0,480.0,-0.06,98871.0,47831420.1,-0.0006246096189881367,-0.0006248047688420847,480.08000000000004,482.025,481.1850044208636,482.5944340918791,48.78341979278483,-1.4094296710155163,-0.68393527929829,27.391753521419542,482.025,10.747527255359254,503.52005451071847,460.5299454892815,12725422.0
HPPL,2025-12-01,480.0,489.6,479.1,489.0,1.88,64112.0,31076225.7,0.018750000000000044,0.018576385572935457,481.48,481.13,482.3873114330384,483.0689204554436,52.67024690115146,-0.6816090224052118,-0.6834700279196744,26.185199698461005,481.13,9.201092612434111,499.5321852248682,462.7278147751318,12789534.0
HPPL,2025-12-02,493.9,494.0,480.1,484.9,-0.84,80082.0,38967070.7,-0.008384458077709711,-0.008419805363565533,482.46000000000004,480.875,482.77387890487864,483.2045559772626,50.779643962439884,-0.4306770723839577,-0.632911436812531,25.30768543428522,480.875,9.011038552181802,498.8970771043636,462.8529228956364,12709452.0
HPPL,2025-12-03,488.0,488.0,478.0,478.2,-1.38,65413.0,31459860.9,-0.013817281913796609,-0.013913629087082185,482.48,480.235,482.070205227205,482.833848127095,47.762489404484775,-0.7636428998899873,-0.6590577294280223,24.214279331836277,480.235,8.70337351408936,497.6417470281787,462.8282529718213,12644039.0
HPPL,2025-12-07,483.9,483.9,470.0,470.3,-1.65,48991.0,23155274.8,-0.016520284399832663,-0.016658266073222017,480.4799999999999,479.55,480.25940442301965,481.9054149324954,44.411734848329154,-1.6460105094757296,-0.8564482854375639,23.47754509384797,479.55,8.927691986732425,497.40538397346484,461.6946160265352,12595048.0
HPPL,2025-12-08,475.0,475.0,466.0,468.0,-0.49,45962.0,21560391.1,-0.004890495428449992,-0.0049024930333556255,478.0799999999999,479.725,478.37334220409355,480.875384196755,43.4558849697274,-2.502041992661475,-1.1855670268823462,22.443434730001684,479.725,8.64704847724703,497.0190969544941,462.43090304550594,12549086.0
HPPL,2025-12-09,468.2,472.9,466.0,466.0,-0.43,33188.0,15549606.0,-0.004273504273504258,-0.004282661792000848,473.4799999999999,480.005,476.46975109577147,479.7735038858843,42.59734343684019,-3.30375279011281,-1.609204179528439,21.33318939214442,480.005,8.059024036475522,496.12304807295106,463.8869519270489,12515898.0
HPPL,2025-12-10,474.5,474.5,464.1,468.0,0.43,18744.0,8754114.5,0.0042918454935623185,0.004282661792000949,470.1,479.895,475.1667124656528,478.9013924869299,43.793219312709304,-3.7346800212771427,-2.03429934787818,20.55224729270553,479.895,8.213434117312818,496.32186823462564,463.4681317653743,12534642.0
HPPL,2025-12-11,469.7,469.9,461.0,461.0,-1.5,41855.0,19464281.2,-0.014957264957264904,-0.015070252920998166,466.66,478.695,472.98721824016775,477.575363413824,40.604740193198985,-4.588145173656244,-2.545068513033793,19.719943914655133,478.695,9.130370085280308,496.9557401705606,460.4342598294394,12492787.0
HPPL,2025-12-14,466.0,468.8,458.0,459.0,-0.43,62661.0,28848101.5,-0.004338394793926281,-0.004347832936103398,464.4,476.695,470.83533851091113,476.1994105683556,39.71503065504265,-5.364072057444446,-3.1088692219159233,19.08280506360834,476.695,8.824336861888662,494.34367372377733,459.04632627622266,12430126.0
HPPL,2025-12-15,459.1,462.9,455.2,456.6,-0.52,24531.0,11252150.5,-0.005228758169934622,-0.005242475964849983,462.12,475.075,468.64528643230943,474.747602378107,38.62141278971765,-6.102315945797557,-3.70755856669225,18.26974755906489,475.075,9.401616602282088,493.87823320456414,456.27176679543584,12405595.0
HPPL,2025-12-16,455.0,465.5,455.0,465.0,1.84,33377.0,15453752.7,0.018396846254927768,0.0182296714916612,461.91999999999996,473.84499999999997,468.0844731350311,474.0255577575065,44.39297140270043,-5.941084622475387,-4.154263777848878,17.714765590560255,473.84499999999997,9.002015856082176,491.84903171216433,455.8409682878356,12438972.0
HPPL,2025-12-17,466.0,473.0,466.0,467.3,0.49,22766.0,10703412.0,0.004946236559139727,0.004934044119024117,461.78000000000003,473.40999999999997,467.963784960411,473.5273682939875,45.893212993541,-5.563583333576503,-4.436127688994404,17.020853762663094,473.40999999999997,9.102047195953656,491.61409439190726,455.2059056080927,12461738.0
HPPL,2025-12-18,465.0,468.5,461.0,461.0,-1.35,31475.0,14627240.1,-0.013481703402525191,-0.013573406709732016,461.78000000000003,472.6049999999999,466.89243342804,472.5994150870255,42.510067293055975,-5.706981658985455,-4.690298482992614,16.340792779615732,472.6049999999999,9.463307255394582,491.53161451078904,453.67838548921077,12430263.0
HPPL,2025-12-21,462.0,468.4,461.1,465.4,0.95,51507.0,23956660.5,0.009544468546637708,0.009499207871542804,463.06000000000006,471.975,466.6628282852646,472.0661250805791,45.53019210830353,-5.403296795314532,-4.832898145456998,15.702164723928894,471.975,9.504562616227885,490.98412523245577,452.9658747675443,12481770.0
HPPL,2025-12-22,465.4,484.0,465.0,481.8,3.52,152778.0,72945689.1,0.03523850451224764,0.03463183931257974,468.1,472.09499999999997,468.99162393368545,472.7871528523881,55.01586817725216,-3.7955289187026438,-4.625424300106127,15.937724386505401,472.09499999999997,9.617718024535769,491.3304360490715,452.8595639509284,12634548.0
HPPL,2025-12-23,485.0,488.0,476.0,480.0,-0.37,79877.0,38398496.6,-0.0037359900373599153,-0.003742986278834392,471.1,471.995,470.68522025158,473.32143782628526,53.90627166646585,-2.636217574705256,-4.227582955025953,15.656458358897874,471.995,9.519203582316434,491.0334071646329,452.95659283536713,12554671.0
HPPL,2025-12-24,475.0,483.0,471.0,472.0,-1.67,63811.0,30343902.6,-0.01666666666666672,-0.01680711831638129,472.03999999999996,471.59499999999997,470.8874940590292,473.22355354285673,49.16061232075276,-2.336059483827512,-3.8492782607862654,15.395282761833741,471.59499999999997,9.33135489679871,490.25770979359737,452.93229020640257,12490860.0
HPPL,2025-12-28,472.0,480.0,472.0,476.0,0.85,51670.0,24571909.0,0.008474576271186418,0.008438868645864604,475.03999999999996,471.48999999999995,471.67403343456317,473.42921624338584,51.46151459178168,-1.755182808822667,-3.4304591703935463,14.867048278845617,471.48999999999995,9.265891044124615,490.0217820882492,452.9582179117507,12542530.0
HPPL,2025-12-29,475.1,475.9,466.2,468.0,-1.68,50563.0,23784702.6,-0.01680672268907568,-0.01694955831377332,475.56000000000006,470.875,471.10879752155347,473.02705207720913,46.89064580048289,-1.9182545556556647,-3.1280182474459703,14.505116258928075,470.875,9.05619154295252,488.98738308590504,452.76261691409496,12491967.0
HPPL,2025-12-31,476.0,476.8,466.0,469.0,0.21,35011.0,16430425.7,0.002136752136752129,0.0021344725286326196,473.0,470.325,470.78436713362214,472.7287519233418,47.51815483426316,-1.9443847897196633,-2.8912915559007093,14.24046509757607,470.325,8.803341171905332,487.9316823438107,452.7183176561893,12526978.0
HPPL,2026-01-01,478.0,478.0,462.0,462.1,-1.47,32947.0,15289128.6,-0.014712153518123605,-0.014821450570058603,469.41999999999996,468.98,469.44831065152647,471.94143696605727,43.682900220585154,-2.493126314530798,-2.8116585076267273,14.366146162034923,468.98,7.79740847633787,484.57481695267575,453.3851830473243,12494031.0
HPPL,2026-01-04,462.1,466.0,460.0,461.0,-0.24,30328.0,13984583.9,-0.002380437134819391,-0.0023832748795722678,467.21999999999997,467.785,468.14857055129164,471.13096015375675,43.08586801666485,-2.982389602465105,-2.845804726594403,13.768564293318143,467.785,7.022016129703755,481.82903225940754,453.7409677405925,12463703.0
HPPL,2026-01-05,465.0,469.0,460.0,468.0,1.52,35668.0,16594263.6,0.015184381778741818,0.015070252920998173,465.62,467.275,468.1257135434006,470.8990371794044,47.960167618433914,-2.773323636003795,-2.8313085084762815,13.427952558081133,467.275,6.582422766215414,480.4398455324308,454.11015446756915,12499371.0
HPPL,2026-01-06,468.0,473.1,460.1,466.5,-0.32,61712.0,28803732.4,-0.0032051282051281937,-0.0032102756302482102,465.32,467.08500000000004,467.8756037674928,470.57318257352256,47.03066393385041,-2.697578806029753,-2.8045625679869763,13.397384518218196,467.08500000000004,6.5452493820474125,480.17549876409487,453.9945012359052,12437659.0
HPPL,2026-01-07,462.0,469.7,460.3,461.4,-1.09,35679.0,16546842.8,-0.010932475884244397,-0.01099267454774525,463.8,466.755,466.87935703403235,469.8936875680764,43.914354817425775,-3.0143305340440634,-2.8465161611983936,13.11185705263118,466.755,6.66202711362447,480.07905422724895,453.43094577275104,12401980.0
HPPL,2026-01-08,470.6,470.6,458.2,461.5,0.02,47766.0,22043404.5,0.00021673168617253324,0.00021670820325357147,463.68,466.53000000000003,466.0517636441812,469.27193293340406,43.99271914519436,-3.220169289222838,-2.9212467868032825,13.061010120300384,466.53000000000003,6.764076939362549,480.05815387872514,453.0018461212749,12449746.0
HPPL,2026-01-12,459.6,465.0,456.5,457.0,-0.98,39288.0,18067449.1,-0.009750812567713929,-0.0097986630487021,462.88,465.98,464.6591846219995,468.362900864263,41.20280598065339,-3.7037162422635106,-3.0777406778953282,12.735223683136072,465.98,7.07817996228278,480.13635992456557,451.82364007543447,12410458.0
HPPL,2026-01-13,458.0,477.0,458.0,474.0,3.72,121159.0,56855592.8,0.03719912472647713,0.0365239308008719,464.08000000000004,466.63,466.09623314169187,468.78046376320646,53.26162063904896,-2.684230621514587,-2.9990386666191804,13.254136277197782,466.63,7.192766834560432,481.0155336691209,452.2444663308791,12531617.0
HPPL,2026-01-14,473.0,489.3,471.0,478.5,0.95,126745.0,60783256.3,0.009493670886076,0.00944888919793251,466.48,467.605,468.00450496604697,469.50042941037634,55.84324721818584,-1.4959244443293755,-2.6984158221612193,13.6145551145408,467.605,7.422049298474003,482.44909859694803,452.760901403052,12658362.0
HPPL,2026-01-18,472.2,488.0,472.2,484.0,1.15,163636.0,78893308.5,0.011494252873563315,0.01142869582362285,471.0,468.975,470.4653503558859,470.5744716762744,58.8360087358233,-0.10912132038851041,-2.1805569218066774,13.77065832064503,468.975,7.802825061916055,484.58065012383213,453.3693498761679,12821998.0
HPPL,2026-01-20,488.0,493.0,479.3,480.1,-0.81,150196.0,72883941.8,-0.0080578512396694,-0.008090491179737017,474.71999999999997,469.73,471.9476041472881,471.2800663669207,55.94073423343002,0.6675377803673541,-1.6109379813718712,13.765611297741813,469.73,8.121971500327005,485.973943000654,453.48605699934603,12671802.0
HPPL,2026-01-21,481.0,488.0,475.0,475.1,-1.04,89167.0,42765855.8,-0.010414496979795906,-0.010469107344019058,478.34,470.12000000000006,472.4325881246284,471.56302441381547,52.38182242173391,0.8695637108129404,-1.114837642934909,13.710924776474542,470.12000000000006,8.186162908065354,486.49232581613074,453.7476741838694,12582635.0
HPPL,2026-01-22,470.1,484.0,470.1,477.1,0.42,62608.0,29899311.8,0.004209640075773624,0.004200804329185785,478.96000000000004,470.925,473.15065149007023,471.9731707535328,53.65200083912019,1.1774807365374045,-0.6563739670404463,13.724430149583503,470.925,8.03229501184938,486.9895900236988,454.86040997630124,12645243.0
HPPL,2026-01-25,480.0,492.0,480.0,485.0,1.66,142491.0,69373278.9,0.016558373506602386,0.01642277841542187,480.26000000000005,471.9049999999999,474.9736281839056,472.93812106808593,58.37509880306544,2.035507115819655,-0.11799775046842598,13.808399424613253,471.9049999999999,8.504517375427818,488.91403475085554,454.8959652491443,12787734.0
HPPL,2026-01-26,485.0,523.0,460.1,505.0,4.12,1378983.0,659330960.8,0.04123711340206193,0.0404095383378767,484.46000000000004,473.06499999999994,479.59307000176625,475.3130750630425,67.42539363159088,4.279994938723746,0.7616007873700085,17.314942322855163,473.06499999999994,11.108710427763178,495.2824208555263,450.84757914447357,14166717.0
HPPL,2026-01-27,505.0,512.0,488.0,488.0,-3.37,140522.0,70003550.8,-0.03366336633663369,-0.03424302342221268,486.03999999999996,473.465,480.88644384764837,476.2528472805949,56.23339980282315,4.633596567053473,1.5359999433067015,17.792446442651226,473.465,11.508407681686117,496.4818153633722,450.44818463662773,14026195.0
HPPL,2026-01-28,488.0,492.0,473.0,475.0,-2.66,180238.0,86375487.7,-0.026639344262295084,-0.02700060181850597,486.0200000000001,473.61499999999995,479.9808371018563,476.1600437783286,49.470822853391205,3.8207933235277096,1.9929586193509032,17.87870026817614,473.61499999999995,11.507858870743236,496.6307177414864,450.5992822585135,13845957.0
HPPL,2026-01-29,476.0,483.0,471.0,473.0,-0.42,325567.0,154932728.9,-0.004210526315789442,-0.004219415542708211,485.2,473.465,478.90686216310917,475.9259664614153,48.50439312525341,2.9808957016938393,2.1905460358194904,17.458793106163558,473.465,11.494679547260453,496.4543590945209,450.47564090547905,13520390.0
HPPL,2026-02-01,481.8,481.8,468.1,470.0,-0.63,136096.0,64406103.1,-0.006342494714587699,-0.006362693787828657,482.2,473.56499999999994,477.536575676477,475.48700598279197,47.02056058285005,2.0495696936850436,2.162350767392601,17.190307884294732,473.56499999999994,11.453258557214962,496.47151711442984,450.65848288557004,13384294.0
HPPL,2026-02-02,472.1,479.0,470.0,470.2,0.04,106235.0,50111348.7,0.00042553191489358433,0.00042544140186483246,475.23999999999995,473.625,476.4078717262498,475.0953759099925,47.13666581467607,1.3124958162572966,1.9923797771655403,16.605285892559394,473.625,11.431207285298873,496.48741457059776,450.76258542940224,13490529.0
HPPL,2026-02-03,472.1,477.0,471.0,472.0,0.38,81527.0,38525952.4,0.0038281582305401685,0.0038208494795862157,472.03999999999996,474.12,475.7297376145191,474.86608880554866,48.23617282907873,0.8636488089704244,1.7666335835265172,15.904908328805153,474.12,11.115877691013536,496.3517553820271,451.88824461797293,13572056.0
HPPL,2026-02-04,478.4,478.4,470.1,472.0,0.0,96626.0,45673668.9,0.0,0.0,471.43999999999994,474.66999999999996,475.15593182767,474.65378593106357,48.23617282847848,0.5021458966064074,1.5137360461424954,15.361700591033353,474.66999999999996,10.696782595444333,496.06356519088865,453.27643480911127,13572056.0
HPPL,2026-02-05,462.6,479.7,462.6,475.0,0.64,102278.0,48743980.8,0.006355932203389925,0.006335818449085924,471.84,475.02,475.1319423157208,474.6794314176514,50.23681641309338,0.45251089806936307,1.3014910165278688,15.485864834530968,475.02,10.580946132179932,496.1818922643598,453.85810773564015,13674334.0
HPPL,2026-02-08,480.0,483.9,472.0,473.0,-0.42,134090.0,64051735.6,-0.004210526315789442,-0.004219415542708211,472.43999999999994,475.34499999999997,474.8039511902253,474.555029090418,48.880465375394365,0.2489220998073165,1.0909772331837584,15.22973163206447,475.34499999999997,10.403818883846501,496.15263776769297,454.537362232307,13540244.0
HPPL,2026-02-09,482.4,482.4,465.0,466.0,-1.48,77738.0,36440107.4,-0.014799154334038,-0.014909754366287038,471.6,475.575,473.4494971609598,473.9213232318685,44.36555965151689,-0.47182607090866213,0.7784165723652743,15.38475080120272,475.575,10.126457010149501,495.827914020299,455.322085979701,13462506.0
HPPL,2026-02-10,465.0,481.1,464.1,473.7,1.65,108086.0,51006034.5,0.01652360515021467,0.0163885758040603,471.93999999999994,476.18500000000006,473.48803605927367,473.90492891839676,49.852611272529025,-0.41689285912309515,0.5393546860676004,15.500125743973955,476.18500000000006,9.587067769683689,495.35913553936746,457.01086446063266,13570592.0
HPPL,2026-02-11,483.1,483.1,463.1,469.0,-0.99,93926.0,43955887.5,-0.009921891492505774,-0.009971441483426702,471.34,476.785,472.7975689732316,473.5416008503674,46.8173638776408,-0.7440318771357965,0.282677373426921,15.821545333690102,476.785,8.653218141823192,494.09143628364643,459.4785637163536,13476666.0
HPPL,2026-02-12,470.4,476.0,465.0,468.0,-0.21,103001.0,48484328.0,-0.002132196162046962,-0.002134472528632681,469.93999999999994,476.485,472.05948143888827,473.13111189848837,46.1732195785318,-1.071630459600101,0.011815806821516617,15.477149238426524,476.485,8.856473992419373,494.1979479848388,458.77205201516125,13373665.0
HPPL,2026-02-16,469.1,473.0,466.0,469.0,0.21,39752.0,18649876.7,0.002136752136752129,0.0021344725286326196,469.14,476.01000000000005,471.58879198675163,472.8251036097115,46.95912729815084,-1.2363116229598745,-0.23780967913476161,14.871638578538915,476.01000000000005,8.996367688039626,494.0027353760793,458.0172646239208,13413417.0
HPPL,2026-02-17,467.0,470.0,461.3,461.4,-1.62,66233.0,30734014.7,-0.016204690831556512,-0.01633742270662608,468.21999999999997,474.88,470.0212855272514,471.9787996386218,41.946482046842824,-1.9575141113704149,-0.5817505655818923,14.43080725150042,474.88,9.352264009571465,493.5845280191429,456.1754719808571,13347184.0
HPPL,2026-02-22,464.0,465.0,459.0,460.0,-0.3,63676.0,29318087.4,-0.0030342436064152434,-0.0030388562565125924,465.48,473.875,468.4795492922896,471.09148114687207,41.07663883307219,-2.6119318545824513,-0.9877868233820042,13.828606733536105,473.875,9.829594144831203,493.5341882896624,454.2158117103376,13283508.0
HPPL,2026-02-23,461.0,464.5,458.5,459.9,-0.02,37482.0,17277750.6,-0.00021739130434783593,-0.00021741493726256113,463.66,473.11499999999995,467.15961863193735,470.26248254340004,41.01121970165948,-3.1028639114626912,-1.4108022409981418,13.269420538283526,473.11499999999995,10.30596531393854,493.72693062787704,452.50306937212287,13246026.0
HPPL,2026-02-24,457.0,502.0,456.1,502.0,9.15,75407.0,35222901.7,0.09154163948684513,0.08759104514585121,470.46000000000004,474.36,472.519677303947,472.6134097624074,65.74533475626318,-0.09373245846040845,-1.1473882844905952,15.600176214120417,474.36,12.151473811391737,498.66294762278346,450.05705237721656,13321433.0
HPPL,2026-02-25,500.0,500.0,464.0,472.0,-5.98,197826.0,92996085.4,-0.05976095617529875,-0.06162113410617376,471.06000000000006,473.71000000000004,472.43972694949355,472.5679720022291,49.74022803152801,-0.12824505273556497,-0.9435596381395892,17.20016362739753,473.71000000000004,11.897407944125602,497.50481588825124,449.91518411174883,13123607.0
HPPL,2026-02-26,472.0,472.9,459.2,463.0,-1.91,128179.0,59432079.7,-0.01906779661016944,-0.019251931499321254,471.38,471.61,470.9874612649561,471.85923333539733,46.113401917517315,-0.8717720704412386,-0.9292021245999191,16.950151939726275,471.61,9.561044866898696,490.7320897337974,452.4879102662026,12995428.0
HPPL,2026-03-01,462.5,466.1,454.0,465.0,0.43,64699.0,29835575.9,0.004319654427645814,0.004310351501122263,472.38,470.46000000000004,470.06631337803975,471.35114197721975,47.037586876468886,-1.2848285991800026,-1.000327419515936,16.603712515460117,470.46000000000004,8.842088345819533,488.14417669163913,452.77582330836094,13060127.0
HPPL,2026-03-03,455.7,478.9,455.7,478.9,2.99,56334.0,26509179.9,0.029892473118279472,0.029454401761207272,476.17999999999995,470.65500000000003,471.42534208911053,471.9103166455738,53.06270634078054,-0.48497455646327126,-0.8972568469054031,17.074875907212967,470.65500000000003,8.989261136987883,488.6335222739758,452.67647772602425,13116461.0
HPPL,2026-03-09,488.4,510.0,488.4,505.0,5.45,13424.0,6764360.0,0.05449989559406987,0.053066621926796266,476.7799999999999,472.25499999999994,476.5906740754012,474.3614043014572,61.840920599570985,2.2292697739439973,-0.2719515227355231,18.076670485269183,472.25499999999994,11.828176662418112,495.91135332483617,448.5986466751637,13129885.0
HPPL,2026-03-10,515.0,527.0,495.0,523.0,3.56,608028.0,310277389.2,0.035643564356435675,0.035023034789563104,486.9799999999999,474.9049999999999,483.7305703714933,477.96426324209,66.49481790214409,5.7663071294032875,0.935700207692239,19.07119402203567,474.9049999999999,16.363839306274304,507.63267861254855,442.1773213874513,13737913.0
HPPL,2026-03-11,523.0,529.8,515.0,516.0,-1.34,221900.0,115880017.7,-0.013384321223709361,-0.013474698583360159,497.5799999999999,477.195,488.6950980066482,480.7817252241574,63.263481214657276,7.9133727824907965,2.331234722651951,18.766108734747405,477.195,18.707596965136272,514.6101939302725,439.77980606972744,13516013.0
HPPL,2026-03-12,516.5,522.0,510.0,518.0,0.39,292661.0,150841664.2,0.003875968992248069,0.003868476777920332,508.17999999999995,479.495,493.20354446716385,483.5386344668124,63.80468817272236,9.664910000351426,3.7979697781918462,18.28281525369402,479.495,20.751372180360928,520.9977443607219,437.99225563927814,13808674.0
HPPL,2026-03-15,528.3,528.3,516.0,517.0,-0.19,264655.0,137778039.3,-0.0019305019305019266,-0.001932367751053924,515.8,481.745,496.86453762606175,486.01725413593743,63.30252931974522,10.847283490124312,5.207832520578339,17.85547130700159,481.745,22.27929118685999,526.30358237372,437.18641762628005,13544019.0
HPPL,2026-03-16,517.0,557.0,510.0,510.1,-1.33,288627.0,148847254.9,-0.013346228239845215,-0.013436089579548213,516.82,483.5,498.9007626066676,487.8011612369791,59.8050118865355,11.099601369688514,6.386186290400374,19.937223356501477,483.5,23.08779581919606,529.6755916383921,437.3244083616079,13255392.0
HPPL,2026-03-17,510.1,514.0,499.5,508.0,-0.41,264029.0,133373459.4,-0.004116839835326402,-0.004125337350398974,513.82,485.25,500.3006452825649,489.2973715157214,58.74126811491681,11.003273766843506,7.309603785689001,19.548850259608514,485.25,23.5714256094654,532.3928512189308,438.1071487810692,12991363.0
HPPL,2026-03-19,498.0,521.0,498.0,510.0,0.39,326016.0,168045013.1,0.003937007874015741,0.003929278139889557,512.6200000000001,487.45,501.79285370063184,490.8308995515939,59.48046359190952,10.961954149037922,8.040073858358786,19.795360955350763,487.45,23.732977279003716,534.9159545580075,439.9840454419926,13317379.0
HPPL,2026-03-22,520.0,520.0,509.0,513.9,0.76,476637.0,244492237.8,0.00764705882352934,0.007617968279812389,511.8,489.4599999999999,503.65549159284234,492.5397218070314,60.94968504511122,11.115769785810926,8.655213043849216,19.167120887111423,489.4599999999999,24.20479291378836,537.8695858275767,441.0504141724232,13794016.0
HPPL,2026-03-23,520.0,525.0,512.0,522.0,1.58,564569.0,293221382.8,0.015761821366024664,0.015638893884454948,512.8,492.10999999999996,506.477723655482,494.7219646361402,63.879134671954326,11.755759019341781,9.275322238947728,18.72661225231775,492.10999999999996,24.7422055775444,541.5944111550888,442.62558884491114,14358585.0
HPPL,2026-03-24,388.9,419.4,388.9,419.4,9.98,237588.0,99622180.3,-0.1965517241379311,-0.21884246941481922,494.66,489.67999999999995,493.08115078540783,489.142559848278,31.571552509590873,3.9385909371298453,8.207975978584152,26.896139948580768,489.67999999999995,29.216714754605963,548.1134295092119,431.24657049078803,14120997.0
HPPL,2026-03-25,427.7,444.0,412.0,418.2,-0.29,479027.0,203016416.7,-0.0028612303290415086,-0.0028653314732863936,476.7,487.14,481.56097374149897,483.8875554150722,31.37170345268109,-2.32658167357323,6.101064448152676,27.260701380824997,487.14,33.064059036957225,553.2681180739145,421.01188192608555,13641970.0
HPPL,2026-03-26,420.0,420.0,408.3,410.9,-1.75,174045.0,71662955.4,-0.017455762792922047,-0.017609911105169133,456.88,484.61499999999995,470.69005470434524,478.48106982877056,30.122526792835345,-7.791015124425314,3.3226485336370786,26.149222710766068,484.61499999999995,36.84525642538045,558.3055128507608,410.92448714923904,13467925.0
HPPL,2026-03-29,411.0,412.0,395.1,399.0,-2.9,171787.0,69236116.2,-0.028960817717206044,-0.029388458999500523,433.9,481.56499999999994,459.6608155190613,472.59358317478757,28.154451897030995,-12.932767655726252,0.07156529576441217,25.48856394571135,481.56499999999994,41.25138945027637,564.0677789005526,399.0622210994472,13296138.0
HPPL,2026-03-30,392.3,404.8,384.0,387.0,-3.01,145945.0,57295249.5,-0.03007518796992481,-0.03053672386008165,406.9,477.91999999999996,448.4822285161288,466.25331775443294,26.289163624186642,-17.771089238304114,-3.4969656110492933,25.153666521017684,477.91999999999996,46.19142777615178,570.3028555523035,385.5371444476964,13150193.0
HPPL,2026-03-31,388.0,398.8,387.0,396.0,2.33,100374.0,39402737.2,0.023255813953488413,0.02298951822469878,402.21999999999997,472.62,440.40803951364745,461.0493682911416,30.03317366216004,-20.641328777494152,-6.925838244338266,24.199833198087852,472.62,49.26221569048958,571.1444313809792,374.0955686190208,13250567.0
HPPL,2026-04-01,462.1,466.0,460.0,461.0,-0.24,30328.0,13984583.9,0.16414141414141414,0.15198383174216798,410.78000000000003,472.07,443.5760334346247,461.04571138068667,49.84666512472992,-17.46967794606195,-9.034606184683003,27.47127368393872,472.07,49.33086041691513,570.7317208338302,373.40827916616973,13280895.0
HPPL,2026-04-02,478.4,478.4,470.1,472.0,0.0,96626.0,45673668.9,0.02386117136659438,0.02358094258890688,423.0,472.52,447.9489513677594,461.8571401673024,52.30804138418166,-13.90818879954304,-10.009322707655011,26.751896992228808,472.52,49.284796417295,571.08959283459,373.95040716540996,13377521.0
HPPL,2026-04-05,375.0,375.0,361.0,361.0,-1.53,33705.0,12246775.3,-0.23516949152542377,-0.2681010272526745,415.4,467.32,434.5721896188733,454.3862408956504,34.11409193126141,-19.814051276777093,-11.970268421479428,32.76961863564104,467.32,55.24595341217817,577.8119068243564,356.82809317564363,13343816.0
HPPL,2026-04-06,380.0,382.0,374.0,379.5,0.93,35336.0,13338496.5,0.05124653739612195,0.04997663850280376,413.9,462.35,426.0995450621235,448.839111940417,37.985636378385635,-22.739566878293488,-14.12412811284224,31.928931590238108,462.35,58.5232432457356,579.3964864914713,345.3035135085288,13379152.0
HPPL,2026-04-07,383.1,390.6,379.0,385.7,0.7,74340.0,28596102.6,0.016337285902503274,0.01620526837849747,411.84,456.38500000000005,419.8842304371815,444.16214068557133,39.27351374468955,-24.277910248389844,-16.154884539951762,30.476865048078245,456.38500000000005,60.00833516665212,576.4016703333043,336.3683296666958,13453492.0
HPPL,2026-04-08,380.0,392.7,380.0,392.7,1.81,59135.0,22957399.0,0.01814882032667886,0.01798609636978192,398.17999999999995,449.87,415.70204113915355,440.35013026441794,40.76913399144514,-24.64808912526439,-17.85352545701429,29.207088973215512,449.87,59.46618765049448,568.802375300989,330.93762469901105,13512627.0
HPPL,2026-04-09,388.0,398.8,388.0,398.8,1.55,79113.0,31150528.9,0.015533486121721563,0.015414076503719473,383.53999999999996,444.01000000000005,413.1017271177453,437.272342837424,42.10722010990709,-24.170615719678665,-19.116943509547166,27.89229690370012,444.01000000000005,58.371089635733235,560.7521792714665,327.2678207285336,13591740.0
HPPL,2026-04-10,394.0,402.0,390.1,402.0,0.8,66397.0,26227653.3,0.008024072216650024,0.00799205053133787,391.73999999999995,438.21000000000004,411.3937690996307,434.6595767013185,42.83677426884902,-23.26580760168781,-19.946716327975295,26.749989982007254,438.21000000000004,56.360688987605315,550.9313779752107,325.4886220247894,13658137.0
HPPL,2026-04-13,398.0,405.9,395.0,405.9,0.97,87376.0,34851695.1,0.009701492537313339,0.009654735225830893,397.02,432.65500000000003,410.54857385353364,432.529237686406,43.76686378941175,-21.98066383287238,-20.353505828954713,25.617847840435306,432.65500000000003,53.59346459567746,539.8419291913549,325.4680708086451,13745513.0
HPPL,2026-04-15,398.0,411.0,398.0,409.9,0.99,120884.0,49173203.0,0.009854644000985457,0.009806403665439823,401.86,427.645,410.4487932606823,430.85299785778335,44.7596247953454,-20.404204597101057,-20.36364558258398,24.716572994689926,427.645,50.57094521560519,528.7868904312104,326.50310956878957,13866397.0
HPPL,2026-04-16,409.0,413.0,394.0,413.0,0.76,157117.0,63608979.3,0.0075628202000488365,0.007534365450740923,405.91999999999996,422.895,410.8412866051927,429.53055357202163,45.561751425903374,-18.68926696682894,-20.028769859432973,24.308246352212077,422.895,46.95871058706541,516.8124211741308,328.97757882586916,14023514.0
HPPL,2026-04-17,410.0,411.9,400.0,410.0,-0.73,111827.0,45263136.8,-0.007263922518159771,-0.007290433262679232,408.15999999999997,417.895,410.71185789670153,428.08384590002004,44.882535372891255,-17.371988003318506,-19.49741348821008,23.500514469911213,417.895,42.28741849720426,502.4698369944085,333.32016300559144,13911687.0
HPPL,2026-04-20,390.0,424.3,390.0,424.3,3.49,123366.0,49775102.5,0.034878048780487836,0.034283592509925714,412.62,413.4150000000001,412.802341297209,427.8035610185371,48.80060229348725,-15.001219721328084,-18.59817473483368,24.271906293488982,413.4150000000001,35.83510885033857,485.0852177006772,341.74478229932294,14035053.0
HPPL,2026-04-21,443.0,443.0,400.0,404.0,-4.78,71033.0,28745621.6,-0.047843506952627846,-0.049025874247129085,412.23999999999995,407.515,411.4481349437923,426.0403342764232,44.01707276785865,-14.592199332630912,-17.796979654393127,25.609627272525486,407.515,25.131952298133324,457.7789045962666,357.25109540373336,13964020.0
HPPL,2026-04-22,404.0,409.9,393.0,409.9,1.46,70623.0,28192114.9,0.014603960396039506,0.01449834954914171,412.23999999999995,407.04,411.209960337055,424.84475395965114,45.68353483630362,-13.634793622596135,-16.96454244803373,24.987511038773665,407.04,24.98484593339834,457.0096918667967,357.07030813320335,14034643.0
HPPL,2026-04-23,430.3,430.3,388.0,391.0,-4.61,82327.0,32506155.0,-0.04610880702610387,-0.04720566752492605,407.84,405.68,408.1007356698158,422.33773514782513,41.429118403375874,-14.236999478009352,-16.419033854028854,26.224117393146976,405.68,25.085487521879983,455.85097504375995,355.50902495624007,13952316.0
HPPL,2026-04-24,388.0,391.0,380.0,382.0,-2.3,55568.0,21500795.5,-0.023017902813299185,-0.02328695137879054,402.23999999999995,404.235,404.0852378744595,419.34975476650476,39.54073396902306,-15.264516892045265,-16.188130461632138,25.13668043649362,404.235,25.596140231228624,455.42728046245725,353.0427195375428,13896748.0
HPPL,2026-04-27,382.0,403.0,382.0,392.9,2.85,66864.0,25843562.0,0.028534031413612437,0.028134517957838775,395.96,403.93,402.3644320476196,417.3905136726896,42.93335782218266,-15.026081625070049,-15.955720694319721,24.84120326245836,403.93,25.697943804696784,455.3258876093936,352.5341123906064,13963612.0
HPPL,2026-04-28,392.9,392.8,380.5,387.3,-1.43,56621.0,21755812.1,-0.01425299058284546,-0.014355540043707524,392.62,403.94500000000005,400.0468271172166,415.16158673397183,41.640545556081726,-15.114759616755236,-15.787528478806825,23.952545886568476,403.94500000000005,25.687627064608485,455.320254129217,352.5697458707831,13906991.0
HPPL,2026-04-29,387.3,390.0,371.0,373.0,-3.69,45068.0,16978974.5,-0.036922282468370815,-0.03762116687689101,385.24,402.795,395.8857767914909,412.0385062351591,38.456068091671675,-16.152729443668193,-15.8605686717791,23.598792608956444,402.795,26.561992533850084,455.9189850677002,349.67101493229984,13861923.0
HPPL,2026-04-30,373.0,375.0,362.0,366.6,-1.72,42793.0,15750010.8,-0.0171581769436997,-0.017307084238210868,380.36,398.075,391.3802726697231,408.67269095848064,37.088983708531394,-17.292418288757517,-16.146938595174785,22.841735994030984,398.075,23.93185226077355,445.9387045215471,350.2112954784529,13819130.0
HPPL,2026-05-01,465.0,469.0,460.0,468.0,1.52,35668.0,16594263.6,0.2765957446808509,0.24419696051204198,397.56000000000006,397.875,403.1679230282273,413.06730644303764,60.84114361345566,-9.899383414810359,-14.8974275591019,28.524469137314483,397.875,23.289637971467478,444.45427594293494,351.29572405706506,13854798.0
HPPL,2026-05-02,462.6,479.7,462.6,475.0,0.64,102278.0,48743980.8,0.014957264957264904,0.014846508116994419,413.98,403.575,414.2190117931154,417.654913373183,61.91027005155231,-3.4359015800675934,-12.60512236329504,27.708435627506304,403.575,27.380782254018758,458.3365645080375,348.8134354919625,13957076.0
HPPL,2026-05-04,386.0,386.0,360.0,380.0,-0.78,153612.0,56812779.7,-0.19999999999999996,-0.2231435513142097,412.52,403.6,408.9545484403284,414.865660530725,44.25217241575089,-5.911112090396614,-11.266320308715356,33.94354736839871,403.6,27.357862335694843,458.3157246713897,348.88427532861033,13803464.0
HPPL,2026-05-05,360.2,368.0,355.1,368.0,1.94,32691.0,11860525.6,-0.03157894736842104,-0.03208831455150051,411.52,402.715,402.65384868027786,411.39413012104166,42.59934883534685,-8.740281440763795,-10.761112535125044,33.29757969922738,402.715,28.239469858597293,459.19393971719455,346.2360602828054,13770773.0
HPPL,2026-05-06,373.0,380.0,373.0,374.2,-1.4,32920.0,12371967.2,0.016847826086956452,0.016707475671058243,413.0400000000001,401.79,398.27633349869666,408.63900937133485,43.7679622121273,-10.362675872638192,-10.681425202627674,31.776324006425423,401.79,28.88049605930397,459.55099211860795,344.0290078813921,13803693.0
HPPL,2026-05-07,358.0,370.0,358.0,370.0,1.37,33180.0,12065415.3,-0.011223944414751386,-0.011287408201719027,393.44,400.35,393.926128345051,405.77686052901373,43.127417033095355,-11.850732183962748,-10.915286598894689,30.663729434537892,400.35,29.742553247562856,459.83510649512573,340.8648935048743,13770513.0
HPPL,2026-05-08,361.0,379.8,361.0,379.8,2.65,31358.0,11694470.5,0.026486486486486438,0.026141792739915327,374.4,399.23999999999995,391.75287783042774,403.8526486379757,45.14472993512514,-12.09977080754794,-11.15218344062534,29.81632018921376,399.23999999999995,30.089959857241976,459.4199197144839,339.060080285516,13801871.0
HPPL,2026-05-11,389.9,389.9,378.0,382.8,0.79,23480.0,8941391.6,0.00789889415481837,0.007867861200613738,374.96,398.085,390.37551201036194,402.2931931833108,45.778774096883005,-11.917681172948846,-11.305282987090042,28.536583032841346,398.085,30.263705464152373,458.6124109283047,337.55758907169525,13825351.0
HPPL,2026-05-12,375.0,382.8,371.4,373.0,-2.56,28232.0,10643104.6,-0.025600835945663536,-0.02593423993498366,375.96000000000004,396.24,387.70235631646005,400.12332702158403,43.990043062509656,-12.420970705123977,-11.52842053069683,27.312541387638397,396.24,30.628098554310473,457.49619710862095,334.98380289137907,13797119.0
HPPL,2026-05-13,362.0,373.7,362.0,373.7,0.19,14981.0,5541207.1,0.0018766756032171372,0.001874916847622649,375.86,394.275,385.5481476523893,398.1660435385037,44.15788457812584,-12.617895886114411,-11.746315601780346,26.19735985994994,394.275,30.756648831892523,455.78829766378504,332.7617023362149,13812100.0
HPPL,2026-05-14,363.0,379.8,363.0,372.0,-0.45,10536.0,3909529.4,-0.004549103559004508,-0.004559482218291614,376.26000000000005,392.375,383.4638172443294,396.2278180912071,43.81449467086595,-12.764000846877707,-11.94985265079982,25.52611986995352,392.375,30.907465883963475,454.18993176792696,330.56006823207304,13801564.0
HPPL,2026-05-15,366.0,375.0,365.0,371.0,-0.27,18183.0,6767574.2,-0.0026881720430107503,-0.0026917916657114146,374.5,389.71,381.546306899048,394.35909082519174,43.59971229007732,-12.812783926143766,-12.12243890586861,24.417111307813983,389.71,30.301813390237907,450.3136267804758,329.1063732195242,13783381.0
HPPL,2026-05-18,365.0,375.0,365.0,373.9,0.78,17437.0,6511802.9,0.00781671159029651,0.007786319375632909,372.71999999999997,388.20500000000004,380.36995199150215,392.84360261591826,44.450157535077714,-12.47365062441611,-12.192681249578111,23.387317642970128,388.20500000000004,30.302205495552702,448.80941099110544,327.60058900889464,13800818.0
HPPL,2026-05-19,368.0,378.3,365.1,377.0,0.83,23945.0,8998937.8,0.008290986894891716,0.008256805464942762,373.52,386.56,379.8514978389633,391.6700024221465,45.39796955055851,-11.818504583183199,-12.11784591629913,22.65965209704369,386.56,29.953479720533267,446.46695944106654,326.65304055893347,13824763.0
HPPL,2026-05-20,377.0,382.5,373.0,381.0,1.06,17029.0,6475092.3,0.010610079575596787,0.010554187678690171,374.98,386.06,380.0281904791228,390.8796318723579,46.66257316663942,-10.851441393235064,-11.864565011686317,21.719676947254854,386.06,29.95892626844083,445.97785253688164,326.14214746311836,13841792.0
HPPL,2026-05-21,380.2,381.9,377.2,377.9,-0.81,26175.0,9922485.5,-0.00813648293963265,-0.008169764771257786,376.16,385.85499999999996,379.70077655925775,389.91817765959064,45.77769009401281,-10.217401100332893,-11.535132229415632,20.50398573673665,385.85499999999996,30.00216614986643,445.85933229973284,325.8506677002671,13815617.0
HPPL,2026-05-22,373.1,381.5,373.1,381.0,0.82,29364.0,11157064.9,0.008203228367293036,0.008169764771257781,378.16,385.26,379.9006570886027,389.25757190702836,46.86286568305398,-9.35691481842565,-11.099488747217636,19.639415326969743,385.26,29.973082661122962,445.2061653222459,325.3138346777541,13844981.0
HPPL,2026-05-25,381.3,388.0,381.0,386.0,1.31,16114.0,6216505.6,0.013123359580052396,0.0130379943381298,380.58000000000004,385.195,380.83901753651,389.01627028428555,48.64800579428276,-8.177252747775526,-10.515041547329215,18.736599946471905,385.195,29.96983527341739,445.1346705468348,325.2553294531652,13861095.0
HPPL,2026-05-26,387.0,387.0,382.2,384.9,-0.28,17119.0,6577163.5,-0.002849740932642564,-0.002853809175130503,382.15999999999997,385.78999999999996,381.46378406935463,388.7113613743385,48.26385340636628,-7.2475773049838494,-9.861548698860142,17.741128521723915,385.78999999999996,29.832795447468666,445.4555908949373,326.1244091050626,13843976.0
HPPL,2026-05-27,389.5,389.5,383.0,385.0,0.03,34466.0,13252917.3,0.0002598077422708567,0.00025977399808392555,382.96,386.71000000000004,382.0078172894539,388.4364457169801,48.303819246601,-6.428628427526178,-9.17496464459335,16.93819077017221,386.71000000000004,29.491620576199303,445.6932411523986,327.72675884760145,13878442.0
HPPL,2026-06-01,383.9,385.0,373.0,376.5,-2.21,26528.0,10044449.2,-0.02207792207792203,-0.022325287047835908,382.68,382.13500000000005,381.16046078338405,387.5522645527593,45.113699913897726,-6.391803769375258,-8.618332469549733,16.585462858017053,382.13500000000005,22.481484194308592,427.09796838861723,337.17203161138286,13851914.0
HPPL,2026-06-02,375.1,379.8,374.3,379.5,0.8,25297.0,9511443.5,0.007968127490039834,0.007936549595736342,382.38,377.36,380.90500527824804,386.9558005118142,46.45773078468202,-6.050795233566134,-8.104825022353014,15.793644082444406,377.36,5.281287721761056,387.92257544352213,366.7974245564779,13877211.0
HPPL,2026-06-03,379.0,383.0,373.6,376.0,-0.92,24879.0,9388104.3,-0.00922266139657446,-0.009265453445790123,380.38,377.16,380.15038908159454,386.1442597331613,45.07105638190351,-5.993870651566738,-7.682634148195759,15.33695521941266,377.16,5.251706489576192,387.6634129791524,366.65658702084767,13852332.0
HPPL,2026-06-04,373.0,387.9,365.6,383.0,0.79,87503.0,33262513.0,0.018617021276595702,0.018445845790751432,380.0,377.91,380.58879076134923,385.911351604779,48.389031992758895,-5.3225608434297556,-7.210619487242559,15.834315560883182,377.91,4.936320811891791,387.7826416237836,368.03735837621645,13939835.0
HPPL,2026-06-05,357.0,370.0,357.0,365.0,-0.82,10408.0,3817092.4,-0.04699738903394257,-0.0481376355981545,376.0,377.45,378.1905152596032,384.3623625970176,41.45469675465032,-6.171847337414363,-7.00286505727692,16.560435877962956,377.45,5.673808708723052,388.7976174174461,366.1023825825539,13929427.0
HPPL,2026-06-07,357.0,366.0,357.0,358.8,-1.13,23643.0,8486811.5,-0.01698630136986301,-0.01713222339785045,372.46,376.89,375.2073590658181,382.46885425649776,39.36230825084541,-7.261495190679682,-7.054591083957472,16.020404743822745,376.89,6.873664463582816,390.63732892716564,363.14267107283433,13905784.0
HPPL,2026-06-08,385.1,388.0,376.5,388.0,0.39,110658.0,42404875.2,0.08138238573021184,0.07824020943863241,374.15999999999997,377.3,377.1754576710768,382.8785687560165,51.72168411468097,-5.703111084939678,-6.784295084153914,16.961804404978263,377.3,7.288419076288309,391.8768381525766,362.7231618474234,14016442.0
HPPL,2026-06-09,378.0,378.0,367.1,373.9,-0.29,19676.0,7276416.2,-0.0363402061855671,-0.0370169576402055,373.74,376.855,376.67154110629576,382.2134895889041,46.76495335977781,-5.541948482608348,-6.535825763844802,17.243104090336956,376.855,7.206172427347147,391.26734485469433,362.4426551453057,13996766.0
HPPL,2026-06-10,365.0,374.3,365.0,368.2,-1.52,20529.0,7589646.0,-0.015244717838994393,-0.015362113184090562,370.78000000000003,376.615,375.3682270899426,381.17545332305934,44.89197892988998,-5.807226233116751,-6.390105857699192,16.675739512455745,376.615,7.418133897844101,391.45126779568824,361.7787322043118,13976237.0
HPPL,2026-06-11,366.0,369.9,366.0,366.5,-0.46,22293.0,8186509.2,-0.004617055947854443,-0.004627747472271315,371.08000000000004,376.255,374.00388446072066,380.08838270653644,44.32183069709308,-6.08449824581578,-6.3289843353225095,15.763186690137477,376.255,7.734983754620322,391.7249675092406,360.78503249075936,13953944.0
HPPL,2026-06-12,363.1,369.0,363.1,367.0,0.14,15077.0,5543901.4,0.0013642564802183177,0.0013633267278641253,372.71999999999997,376.005,372.9263637744559,379.1188728764226,44.54491354709217,-6.192509101966664,-6.301689288651341,15.058673355127656,376.005,7.95735178111739,391.91970356223476,360.09029643776523,13969021.0
HPPL,2026-06-15,366.9,370.0,366.9,367.2,0.05,11383.0,4196751.3,0.0005449591280652921,0.0005448106917650241,368.56,375.815,372.0453847322319,378.235993404095,44.640460837770334,-6.19060867186306,-6.279473165293685,14.204482401189969,375.815,8.126711965392467,392.06842393078495,359.56157606921505,13980404.0
HPPL,2026-06-16,366.5,369.8,366.5,367.0,-0.05,17970.0,6615176.5,-0.0005446623093681158,-0.000544810691765051,367.17999999999995,375.46999999999997,371.2691716965039,377.40369759638423,44.55778373323195,-6.134525899880316,-6.250483712211011,13.425590801104972,375.46999999999997,8.355527637755559,392.1810552755111,358.75894472448886,13962434.0
HPPL,2026-06-17,367.0,371.9,366.5,371.7,1.28,36621.0,13540096.6,0.012806539509536696,0.012725229248636095,367.88,375.205,371.33545297396483,376.9812014781336,47.04009550039785,-5.6457485041687505,-6.129536670602559,12.85233431531176,375.205,8.388430315495858,391.9818606309917,358.42813936900825,13999055.0
HPPL,2026-06-18,370.0,373.0,369.0,371.0,-0.19,26816.0,9930606.2,-0.0018832391713747842,-0.001885014695771335,368.78000000000003,374.705,371.2838448241241,376.5381495167903,46.70469696014238,-5.25430469266621,-5.95449027501529,12.220024721360922,374.705,8.322605551023818,391.35021110204764,358.05978889795233,13972239.0
HPPL,2026-06-19,371.0,373.0,366.0,367.0,-1.08,15080.0,5564824.0,-0.010781671159029615,-0.010840214552864833,368.78000000000003,374.15999999999997,370.6247917742589,375.83161992295396,44.741559435274404,-5.206828148695081,-5.804957849751249,11.847165812692285,374.15999999999997,8.458157071884637,391.07631414376925,357.2436858562307,13957159.0
HPPL,2026-06-22,370.0,370.0,365.0,369.0,0.54,19508.0,7154727.4,0.005449591280654031,0.005434795985956995,369.14,373.56,370.3748238089883,375.32557400273515,45.96455143055728,-4.950750193746842,-5.634116318550367,11.358082540357122,373.56,8.37259942029207,390.3051988405841,356.8148011594159,13976667.0
HPPL,2026-06-23,360.1,369.0,360.1,369.0,0.0,17289.0,6297055.4,0.0,0.0,369.54,372.71,370.1633124537593,374.85701296549547,45.96455143000951,-4.693700511736154,-5.446033157187525,11.182505216045898,372.71,7.892361397015498,388.49472279403096,356.925277205969,13976667.0
HPPL,2026-06-24,358.0,368.4,358.0,364.0,-1.36,16382.0,5902907.3,-0.013550135501354976,-0.01364277640378649,368.0,371.66499999999996,369.21511053779636,374.05278978286617,43.192851314849186,-4.837679245069808,-5.324362374763982,11.169469129185478,371.66499999999996,7.570460251603309,386.8059205032066,356.5240794967933,13960285.0
HPPL,2026-06-25,367.7,367.7,357.8,360.1,-1.07,13777.0,4977677.2,-0.010714285714285676,-0.01077209698191107,365.82,370.41999999999996,367.8127858396739,373.01924979895017,41.11049426271425,-5.206463959276277,-5.300782691666441,11.078792762815086,370.41999999999996,7.304836177424275,385.0296723548485,355.8103276451514,13946508.0
HPPL,2026-06-26,365.0,365.0,358.6,360.5,0.11,23227.0,8349965.3,0.0011108025548458578,0.0011101860701741963,364.52,369.62,366.68774186433944,372.09189796199087,41.42242257627351,-5.404156097651423,-5.321457372863438,10.744593279756865,369.62,7.478009867538986,384.576019735078,354.66398026492203,13969735.0
HPPL,2026-06-29,355.1,359.0,354.2,357.0,-0.97,19196.0,6835843.1,-0.009708737864077666,-0.009756174945364685,362.12,368.495,365.1973200390564,370.973979594436,39.45321272666152,-5.776659555379581,-5.412497809366666,10.427122331202805,368.495,7.604809766129327,383.7046195322587,353.28538046774133,13950539.0
HPPL,2026-06-30,355.0,359.8,353.0,358.0,0.28,31914.0,11401083.0,0.0028011204481792618,0.002797204621061219,359.91999999999996,367.59499999999997,364.0900400330477,370.01294406892225,40.32609881885047,-5.922904035874524,-5.514579054668238,10.16804216468832,367.59499999999997,7.7338949811217645,383.0627899622435,352.1272100377564,13982453.0
HPPL,2026-07-01,358.0,371.0,358.0,362.0,1.12,14075.0,5087916.5,0.011173184357541999,0.011111225425070849,359.52,366.54499999999996,363.76849541257883,369.4193926564095,43.81532421092912,-5.650897243830684,-5.541842692500728,10.370324867210583,366.54499999999996,6.9144756622819035,380.3739513245638,352.7160486754361,13996528.0
HPPL,2026-07-02,366.0,366.0,358.4,363.8,0.5,9926.0,3571329.1,0.004972375690607711,0.004960054258250799,360.26000000000005,366.485,363.77334227218205,369.0031413485273,45.3635152176487,-5.229799076345273,-5.479433969269637,10.172444519552686,366.485,6.933767488099519,380.352534976199,352.617465023801,14006454.0
HPPL,2026-07-03,360.0,367.0,359.2,362.9,-0.25,11019.0,3992306.7,-0.002473886750962162,-0.0024769518649973253,360.74,366.69,363.6389819226156,368.551056804192,44.70027395953388,-4.912074881576416,-5.365962151730993,10.002984196727496,366.69,6.752847352672693,380.1956947053454,353.1843052946546,13995435.0
HPPL,2026-07-04,383.1,390.6,379.0,385.7,0.7,74340.0,28596102.6,0.06282722513089012,0.06093255099515752,366.47999999999996,366.575,367.03298470375165,369.82134889277035,60.46855997959541,-2.7883641890186937,-4.850442559188533,11.267056754104107,366.575,6.38013982688502,379.33527965377004,353.81472034622993,14069775.0
HPPL,2026-07-05,358.0,370.0,358.0,370.0,1.37,33180.0,12065415.3,-0.0407052113041223,-0.0415568595759119,368.88,366.38,367.48944859548214,369.8345823081207,49.91413560117185,-2.3451337126385283,-4.349380789878532,12.440838414525242,366.38,6.201578746371563,378.7831574927431,353.9768425072569,14036595.0
HPPL,2026-07-06,357.0,366.0,357.0,358.8,-1.13,23643.0,8486811.5,-0.030270270270270294,-0.0307378754536291,368.24,365.90999999999997,366.15261035002334,369.01720584085245,44.012360671983906,-2.8645954908291174,-4.052423730068649,12.48077852777344,365.90999999999997,6.409113576945457,378.7282271538909,353.09177284610905,14012952.0
HPPL,2026-07-07,359.0,363.5,359.0,361.9,0.86,24662.0,8883115.9,0.008639910813823759,0.008602800385055601,367.86,365.67999999999995,365.49836260386587,368.49000540819674,45.918421694694395,-2.9916428043308656,-3.8402675449210926,11.92500863293248,365.67999999999995,6.469084373515421,378.6181687470308,352.7418312529691,14037614.0
HPPL,2026-07-08,384.0,387.5,373.1,380.0,-2.06,165076.0,62405055.3,0.050013815971262865,0.04880332215073478,371.28000000000003,366.33,367.72938374173265,369.34259760018216,55.45414259520791,-1.6132138584495124,-3.394856807626777,12.901793730580163,366.33,7.218404839099277,380.7668096781985,351.89319032180146,14202690.0
HPPL,2026-07-09,352.5,367.0,352.5,365.1,0.86,54567.0,19894062.4,-0.03921052631578936,-0.03999996405884016,367.15999999999997,366.225,367.3248631660815,369.0283311112798,47.95770481099615,-1.7034679451982697,-3.0565790351410755,13.944522749824436,366.225,7.220356821629987,380.66571364326,351.78428635674004,14148123.0
HPPL,2026-07-10,363.0,366.0,357.5,365.0,-0.03,29137.0,10531043.0,-0.00027389756231177564,-0.0002739350790997567,366.15999999999997,366.125,366.96719190976125,368.7299362141479,47.91089319510293,-1.762744304386672,-2.797812088990195,13.55562826769412,366.125,7.222907637296933,380.5708152745939,351.6791847254061,14118986.0
HPPL,2026-07-13,356.0,359.9,347.0,348.5,-4.52,168161.0,59095235.3,-0.045205479452054775,-0.04625912338191291,364.1,364.96500000000003,364.1260854621057,367.2314224205074,40.82923294987038,-3.105336958401665,-2.8593170628724893,13.873083391430253,364.96500000000003,8.091208679475708,381.14741735895143,348.78258264104863,13950825.0
HPPL,2026-07-14,342.1,363.0,340.1,350.9,0.69,85585.0,29805947.6,0.00688665710186509,0.006863052388590811,361.9,363.96,362.0913030833202,366.0216874263957,42.16822898895915,-3.9303843430755023,-3.073530518913092,14.517863149185233,363.96,8.53811269667624,381.0362253933525,346.8837746066475,14036410.0
HPPL,2026-07-15,346.3,355.0,343.0,343.1,-2.22,88643.0,30792448.6,-0.02222855514391553,-0.02247933272476528,354.52,362.765,359.1695641474248,364.3237846540701,39.07350112667212,-5.154220506645288,-3.4896685164595316,14.33801578138629,362.765,9.685652710124913,382.1363054202498,343.39369457975016,13947767.0
HPPL,2026-07-16,344.0,350.0,341.6,344.0,0.26,92919.0,32147251.1,0.0026231419411248957,0.0026197075089941795,350.3,361.515,356.835785047821,362.81831912413895,39.62409747777169,-5.982534076317961,-3.9882416284312177,13.913871797001553,361.515,10.423721681065473,382.36244336213093,340.66755663786904,14040686.0
HPPL,2026-07-17,349.9,364.8,349.0,364.8,6.05,123594.0,44399873.6,0.0604651162790697,0.05870760082677791,350.26000000000005,361.305,358.0610488866178,362.9651103001287,50.710424678806774,-4.904061413510874,-4.171405585447149,14.405738097215728,361.305,10.306639403296236,381.91827880659247,340.69172119340755,14164280.0
HPPL,2026-07-20,360.0,374.9,360.0,373.1,2.28,139567.0,51551023.7,0.02275219298245612,0.02249722202693582,355.18,361.76000000000005,360.374733673292,363.7158428704895,54.31533097188192,-3.341109197197511,-4.005346307797222,14.441042518843176,361.76000000000005,10.62773927537582,383.0154785507517,340.5045214492484,14303847.0
HPPL,2026-07-21,382.0,382.0,369.9,371.5,-0.43,116926.0,43529813.7,-0.004288394532297013,-0.004297616069298347,359.3,362.33000000000004,362.0863131081701,364.2924471023051,53.5029804693203,-2.2061339941350298,-3.645503845064783,14.273825196068666,362.33000000000004,10.837658515812484,384.005317031625,340.6546829683751,14186921.0
HPPL,2026-07-22,360.0,381.6,360.0,370.0,-0.4,91191.0,33885496.4,-0.004037685060565233,-0.0040458585195436835,364.68,362.805,363.30380339922084,364.71522879843064,52.70710314636221,-1.4114253992098043,-3.198688155893788,14.797123396349477,362.805,10.960718138213409,384.72643627642685,340.88356372357316,14095730.0
HPPL,2026-07-23,360.0,381.9,360.0,381.0,2.97,106938.0,40120106.4,0.029729729729729648,0.029296369488430757,372.08000000000004,364.005,366.0262951839561,365.92150814669503,57.67887783010473,0.10478703726107597,-2.537993117262815,15.304471725181656,364.005,11.587582963994667,387.1801659279893,340.82983407201067,14202668.0
HPPL,2026-07-24,370.0,385.8,370.0,380.0,-0.26,127177.0,48516102.7,-0.002624671916010457,-0.002628122406269469,375.12,365.105,368.17609592488594,366.964359395088,57.09128386071364,1.2117365297979177,-1.7880471878506685,15.339866601954396,365.105,12.02355035578011,389.15210071156025,341.0578992884398,14075491.0
HPPL,2026-07-27,370.0,385.0,370.0,379.0,-0.26,155350.0,58492553.9,-0.0026315789473684292,-0.0026350476380051138,376.3,365.95500000000004,369.84131193644197,367.8558883287852,56.471733900643294,1.9854236076567418,-1.0333530287491866,15.31559041610051,365.95500000000004,12.387875014242836,390.7307500284857,341.17924997151437,13920141.0
HPPL,2026-07-28,370.0,385.0,370.0,381.9,0.77,216411.0,81906339.6,0.007651715039577844,0.0076225891490441875,378.38,366.86,371.6964947154509,368.89619289702335,57.898608015716846,2.800301818427556,-0.266622059313838,15.293048243521904,366.86,12.873775874359247,392.6075517487185,341.11244825128153,14136552.0
HPPL,2026-07-29,378.0,400.0,378.0,394.7,3.35,573369.0,224840282.9,0.033516627389369,0.03296718843733096,383.32,368.45,375.23549552845844,370.8075860157624,63.57430039301413,4.427909512696033,0.6722842550881363,15.772116226127482,368.45,14.24922897267981,396.9484579453596,339.95154205464036,14709921.0
HPPL,2026-07-30,389.0,399.9,380.1,388.0,-1.7,214904.0,82936446.2,-0.016974917658981514,-0.017120643045527996,384.71999999999997,368.565,377.19926544715713,372.081098162743,59.08432281266187,5.118167284414142,1.5614608609533374,16.059822209975515,368.565,14.404212651350674,397.3734253027013,339.7565746972987,14495017.0
HPPL,2026-07-31,388.0,388.0,377.0,383.0,-1.29,172178.0,65429662.7,-0.012886597938144284,-0.012970350442627404,385.32,369.21500000000003,378.0916861475945,372.8899057062435,55.91082385822602,5.201780441350991,2.2895247770328684,15.698406337834408,369.21500000000003,14.761267774681615,398.73753554936326,339.6924644506368,14322839.0
HPPL,2026-08-01,470.6,470.6,458.2,461.5,0.02,47766.0,22043404.5,0.20496083550913835,0.18644706476226083,401.82,374.35,390.9237344325799,379.4536163946699,76.89410066750727,11.470118037910026,4.1256434292083,20.834234456560523,374.35,25.152890385339038,424.6557807706781,324.0442192293219,14370605.0
HPPL,2026-08-02,480.0,483.9,472.0,473.0,-0.42,134090.0,64051735.6,0.024918743228602436,0.02461333454902617,420.03999999999996,379.90500000000003,403.55085221218303,386.3829781432129,78.50784301981793,17.16787406897015,6.7340895571606705,20.946074852520486,379.90500000000003,33.229940130139305,446.36488026027865,313.4451197397214,14504695.0
HPPL,2026-08-03,384.0,385.0,376.0,377.0,-1.57,84917.0,32370486.7,-0.20295983086680758,-0.22685020104392217,416.5,379.755,399.466105718001,385.6879427251971,48.227356279623514,13.778162992803914,8.14290424428932,26.37849807734045,379.755,33.23625913144624,446.2275182628925,313.2824817371075,14419778.0
HPPL,2026-08-04,380.0,392.7,380.0,392.7,1.81,59135.0,22957399.0,0.04164456233421743,0.0408007741359531,417.43999999999994,381.135,398.42516637677005,386.20735437518255,51.52057353619808,12.217812001587504,8.957885795748957,25.615748214673275,381.135,33.16866427026704,447.4723285405341,314.7976714594659,14478913.0
HPPL,2026-08-05,361.0,379.8,361.0,379.8,2.65,31358.0,11694470.5,-0.032849503437738625,-0.03340116320577832,416.8,381.875,395.55975616495925,385.73273553257644,48.77524549906584,9.827020632382812,9.131712763075729,26.050337627910896,381.875,32.95414477565361,447.78328955130723,315.96671044869277,14447555.0
HPPL,2026-08-06,386.0,386.0,370.0,375.0,0.21,30809.0,11445555.0,-0.012638230647709303,-0.012718772407774671,399.5,383.2,392.3967167549655,384.9377180857189,47.75554283734924,7.458998669246569,8.797169944309898,25.3324563687744,383.2,32.06227492995787,447.32454985991575,319.07545014008423,14416746.0
HPPL,2026-08-07,358.0,368.0,357.3,362.0,0.03,23084.0,8354968.1,-0.03466666666666662,-0.03528181414463971,377.3,383.755,387.7202987926631,383.2386278571472,45.01094320475347,4.481670935515865,7.934070142551092,24.787280913861945,383.755,31.565962264505778,446.88692452901154,320.62307547098845,14393662.0
HPPL,2026-08-10,377.1,382.0,373.4,382.0,0.53,83031.0,31276998.0,0.05524861878453047,0.0537763967808042,378.3,385.7,386.84025282456105,383.14687764550666,49.791754349893814,3.693375179054385,7.085931149851751,24.44533227715752,385.7,30.093171108548923,445.8863422170978,325.51365778290216,14476693.0
HPPL,2026-08-11,370.0,390.0,370.0,385.4,0.89,139819.0,53133355.1,0.008900523560209317,0.008861147373690727,376.84000000000003,387.77,386.6186754669363,383.31377559769135,50.57839389928543,3.3048998692449345,6.329724893730388,24.12780854307484,387.77,28.452991702843434,444.67598340568685,330.8640165943131,14616512.0
HPPL,2026-08-12,373.0,395.0,373.0,379.0,-1.66,113217.0,43170158.7,-0.01660612350804358,-0.016745550897839658,376.68,388.47999999999996,385.4465715489461,382.994236664529,49.02145118105977,2.4523348844170982,5.554246891867731,23.975822218569494,388.47999999999996,28.023572783978064,444.5271455679561,332.4328544320438,14503295.0
HPPL,2026-08-13,373.0,383.9,373.0,380.5,0.4,66373.0,25240801.2,0.003957783641160839,0.003949972219314069,377.78000000000003,388.85,384.68556054141595,382.8094783930824,49.414484841028326,1.8760821483335803,4.818613943160901,23.0418349172431,388.85,27.858184094671326,444.56636818934265,333.1336318106574,14569668.0
HPPL,2026-08-14,373.0,384.0,373.0,383.5,0.79,126149.0,48091529.3,0.007884362680683266,0.007853443505570304,382.08000000000004,389.45,384.50316661196734,382.86062814174295,50.24077122605763,1.6425384702243946,4.1833988485736,22.181703851725736,389.45,27.592800357682275,444.63560071536455,334.26439928463543,14695817.0
HPPL,2026-08-17,377.0,382.0,375.0,380.0,-0.91,42112.0,15896294.4,-0.009126466753585416,-0.009168368086879443,381.68,389.95,383.8103717485877,382.6487297608731,49.2304266998666,1.1616419877146313,3.579047476401807,21.204439290888185,389.95,27.310967528968696,444.57193505793737,335.3280649420626,14653705.0
HPPL,2026-08-18,376.0,380.0,373.0,380.0,0.0,80641.0,30355747.6,0.0,0.0,380.6,389.9,383.2241607103434,382.452527556364,49.23042669956198,0.771633153979451,3.017564611917336,20.189836484396174,389.9,27.32912462248911,444.5582492449782,335.24175075502177,14653705.0
HPPL,2026-08-19,373.0,383.0,373.0,383.0,0.79,90182.0,34058685.9,0.007894736842105177,0.007863736460214451,381.4,390.05,383.18967444721363,382.4930810707074,50.22547215678418,0.6965933765062573,2.5533703648351205,19.46199102122502,390.05,27.28011614421878,444.6102322884376,335.4897677115624,14743887.0
HPPL,2026-08-20,378.0,384.0,374.0,379.3,-0.97,103853.0,39408918.1,-0.009660574412532652,-0.009707540485792752,381.15999999999997,390.065,382.5912629937962,382.2565565469513,48.951183671518436,0.3347064468449048,2.109637581237078,18.78613451970895,390.065,27.273802255528015,444.612604511056,335.517395488944,14640034.0
HPPL,2026-08-21,370.0,384.9,370.0,380.0,0.18,115323.0,43765211.5,0.001845504877405757,0.0018438040255782098,380.46,389.96999999999997,382.1926071485968,382.08940421014006,49.21370900929878,0.10320293845671813,1.708350652681006,18.50855348258688,389.96999999999997,27.307028206556012,444.58405641311197,335.355943586888,14755357.0
HPPL,2026-08-24,375.0,380.0,373.7,379.9,-0.03,63912.0,24062558.8,-0.000263157894736854,-0.000263192526851578,380.43999999999994,389.23,381.83989835650493,381.92722612050005,49.17480316647608,-0.08732776399511977,1.349214969345781,17.636513948116388,389.23,27.372558290528602,443.97511658105725,334.4848834189428,14691445.0
HPPL,2026-08-25,375.0,378.0,371.0,378.0,-0.5,100522.0,37622589.0,-0.005001316135825107,-0.005013864573992088,380.03999999999996,388.73,381.24914476319645,381.6363204819445,48.392021269294396,-0.3871757187480398,1.0019368317270168,17.012477237536643,388.73,27.487300416928797,443.7046008338576,333.7553991661424,14590923.0
HPPL,2026-08-26,371.1,375.0,366.0,375.0,-0.79,92831.0,34359532.1,-0.007936507936507908,-0.007968169649176845,378.43999999999994,388.33000000000004,380.2877378765508,381.14474118698564,47.11668358000209,-0.857003310434834,0.6301488032946466,16.65444314914117,388.33000000000004,27.632896108956636,443.5957922179133,333.0642077820868,14498092.0
HPPL,2026-08-27,366.2,373.0,365.0,369.0,-1.6,92389.0,33905302.0,-0.016000000000000014,-0.016129381929883644,376.38,383.70500000000004,378.5511628186199,380.2451307286904,44.585852353006466,-1.693967910070512,0.16532546062161485,16.179125781345373,383.70500000000004,21.88480547152086,427.47461094304174,339.93538905695834,14405703.0
HPPL,2026-08-31,372.2,372.2,354.1,358.0,-2.98,51754.0,18518637.2,-0.02981029810298108,-0.030263657639826934,371.98,377.95500000000004,375.38944546190913,378.597343267306,40.31084834227601,-3.20789780539684,-0.5093191925820761,16.316331082677845,377.95500000000004,7.697742321104811,393.35048464220966,362.5595153577904,14353949.0
HPPL,2026-09-02,482.4,482.4,465.0,466.0,-1.48,77738.0,36440107.4,0.3016759776536313,0.26365264772494557,389.2,382.40500000000003,389.32953077546154,385.07161413639443,70.36004089886255,4.257916639067105,0.44412797374776014,24.036593148200858,382.40500000000003,21.12719561931593,424.6593912386319,340.1506087613682,14431687.0
HPPL,2026-09-03,488.4,510.0,488.4,505.0,5.45,13424.0,6764360.0,0.08369098712446355,0.08037279514971397,414.6,388.02000000000004,407.1249875792367,393.9551982744393,75.2128156363341,13.169789304797405,2.989260239957689,25.462550780472224,388.02000000000004,34.62110095850389,457.2622019170078,318.77779808299226,14445111.0
HPPL,2026-09-04,388.0,398.8,388.0,398.8,1.55,79113.0,31150528.9,-0.21029702970297026,-0.2360983911876765,419.35999999999996,388.96999999999997,405.84422025935413,394.3140724763326,50.81507173799538,11.530147783021505,4.697437748570453,32.00094001043849,388.96999999999997,34.6443448715503,458.2586897431006,319.68131025689934,14365998.0
HPPL,2026-09-06,378.0,378.0,367.1,373.9,-0.29,19676.0,7276416.2,-0.06243731193580748,-0.06447165610461529,420.34,388.915,400.9297248348381,392.8019189595672,46.96808910099006,8.127805875270894,5.383511373910541,31.97944429540717,388.915,34.66855506833653,458.2521101366731,319.57788986332696,14346322.0
